leaf_id	test_set	layer3	delegate	target_feature	basis	screen_source
SWE1-VC-4AUXSwitches-027	Auxiliary Switches	4 AUX Switches	no		已比對之 5 個 feature 之 037 全集皆無同一實體功能之對應	
SWE1-VC-4AUXSwitches-028	Auxiliary Switches	4 AUX Switches	no		已比對之 5 個 feature 之 037 全集皆無同一實體功能之對應	
SWE1-VC-6AuxSwitches-002	Auxiliary Switches	6 Aux Switches	no		已比對之 5 個 feature 之 037 全集皆無同一實體功能之對應	
SWE1-VC-6AuxSwitches-003	Auxiliary Switches	6 Aux Switches	no		已比對之 5 個 feature 之 037 全集皆無同一實體功能之對應	
SWE1-VC-AutoDoorLocks-015	Units and Cameras	Auto Door Locks	no		已比對之 5 個 feature 之 037 全集皆無同一實體功能之對應	
SWE1-VC-AutoDoorLocks-016	Units and Cameras	Auto Door Locks	no		已比對之 5 個 feature 之 037 全集皆無同一實體功能之對應	
SWE1-VC-AutoDoorLocks-017	Units and Cameras	Auto Door Locks	no		已比對之 5 個 feature 之 037 全集皆無同一實體功能之對應	
SWE1-VC-AutoDoorLocks-018	Units and Cameras	Auto Door Locks	no		已比對之 5 個 feature 之 037 全集皆無同一實體功能之對應	
SWE1-VC-AutoDoorLocks-019	Units and Cameras	Auto Door Locks	no		已比對之 5 個 feature 之 037 全集皆無同一實體功能之對應	
SWE1-VC-AutoFoldMirrors-032	Suspension and Comfort	Auto Fold Mirrors	no		已比對之 5 個 feature 之 037 全集皆無同一實體功能之對應	
SWE1-VC-AutoFoldMirrors-033	Suspension and Comfort	Auto Fold Mirrors	no		已比對之 5 個 feature 之 037 全集皆無同一實體功能之對應	
SWE1-VC-AutoFoldMirrors-034	Suspension and Comfort	Auto Fold Mirrors	no		已比對之 5 個 feature 之 037 全集皆無同一實體功能之對應	
SWE1-VC-AutoFoldMirrors-035	Suspension and Comfort	Auto Fold Mirrors	no		已比對之 5 個 feature 之 037 全集皆無同一實體功能之對應	
SWE1-VC-AutoFoldMirrors-036	Suspension and Comfort	Auto Fold Mirrors	no		已比對之 5 個 feature 之 037 全集皆無同一實體功能之對應	
SWE1-VC-AutoHighBeam-084	Driver Convenience	Auto High Beam	no		已比對之 5 個 feature 之 037 全集皆無同一實體功能之對應	
SWE1-VC-AutoHighBeam-085	Driver Convenience	Auto High Beam	no		已比對之 5 個 feature 之 037 全集皆無同一實體功能之對應	
SWE1-VC-AutoHighBeam-086	Driver Convenience	Auto High Beam	no		已比對之 5 個 feature 之 037 全集皆無同一實體功能之對應	
SWE1-VC-AutoHighBeam-087	Driver Convenience	Auto High Beam	no		已比對之 5 個 feature 之 037 全集皆無同一實體功能之對應	
SWE1-VC-AutoHighBeam-088	Driver Convenience	Auto High Beam	no		已比對之 5 個 feature 之 037 全集皆無同一實體功能之對應	
SWE1-VC-AutoOnDriverComfort-2Option-103	Driver Convenience	Auto On Driver Comfort - 2 Option	no		已比對之 5 個 feature 之 037 全集皆無同一實體功能之對應	
SWE1-VC-AutoOnDriverComfort-2Option-104	Driver Convenience	Auto On Driver Comfort - 2 Option	no		已比對之 5 個 feature 之 037 全集皆無同一實體功能之對應	
SWE1-VC-AutoOnDriverComfort-2Option-105	Driver Convenience	Auto On Driver Comfort - 2 Option	no		已比對之 5 個 feature 之 037 全集皆無同一實體功能之對應	
SWE1-VC-AutoOnDriverComfort-2Option-106	Driver Convenience	Auto On Driver Comfort - 2 Option	no		已比對之 5 個 feature 之 037 全集皆無同一實體功能之對應	
SWE1-VC-AutoOnDriverComfort-2Option-107	Driver Convenience	Auto On Driver Comfort - 2 Option	no		已比對之 5 個 feature 之 037 全集皆無同一實體功能之對應	
SWE1-VC-AutoOnDriverComfort-3Option-096	Driver Convenience	Auto On Driver Comfort - 3 Option	no		已比對之 5 個 feature 之 037 全集皆無同一實體功能之對應	
SWE1-VC-AutoOnDriverComfort-3Option-097	Driver Convenience	Auto On Driver Comfort - 3 Option	no		已比對之 5 個 feature 之 037 全集皆無同一實體功能之對應	
SWE1-VC-AutoOnDriverComfort-3Option-098	Driver Convenience	Auto On Driver Comfort - 3 Option	no		已比對之 5 個 feature 之 037 全集皆無同一實體功能之對應	
SWE1-VC-AutoOnDriverComfort-3Option-099	Driver Convenience	Auto On Driver Comfort - 3 Option	no		已比對之 5 個 feature 之 037 全集皆無同一實體功能之對應	
SWE1-VC-AutoOnDriverComfort-3Option-100	Driver Convenience	Auto On Driver Comfort - 3 Option	no		已比對之 5 個 feature 之 037 全集皆無同一實體功能之對應	
SWE1-VC-AutoOnDriverComfort-3Option-101	Driver Convenience	Auto On Driver Comfort - 3 Option	no		已比對之 5 個 feature 之 037 全集皆無同一實體功能之對應	
SWE1-VC-AutoParkBrake-021	Driver Convenience	Auto Park Brake	no		已比對之 5 個 feature 之 037 全集皆無同一實體功能之對應	
SWE1-VC-AutoParkBrake-022	Driver Convenience	Auto Park Brake	no		已比對之 5 個 feature 之 037 全集皆無同一實體功能之對應	
SWE1-VC-AutoParkBrake-023	Driver Convenience	Auto Park Brake	no		已比對之 5 個 feature 之 037 全集皆無同一實體功能之對應	
SWE1-VC-AutoParkBrake-024	Driver Convenience	Auto Park Brake	no		已比對之 5 個 feature 之 037 全集皆無同一實體功能之對應	
SWE1-VC-AutoParkBrake-025	Driver Convenience	Auto Park Brake	no		已比對之 5 個 feature 之 037 全集皆無同一實體功能之對應	
SWE1-VC-AutoUnlockonExit-040	Driver Convenience	Auto Unlock on Exit	no		已比對之 5 個 feature 之 037 全集皆無同一實體功能之對應	
SWE1-VC-AutoUnlockonExit-041	Driver Convenience	Auto Unlock on Exit	no		已比對之 5 個 feature 之 037 全集皆無同一實體功能之對應	
SWE1-VC-AutoUnlockonExit-042	Driver Convenience	Auto Unlock on Exit	no		已比對之 5 個 feature 之 037 全集皆無同一實體功能之對應	
SWE1-VC-AutoUnlockonExit-043	Driver Convenience	Auto Unlock on Exit	no		已比對之 5 個 feature 之 037 全集皆無同一實體功能之對應	
SWE1-VC-AutoUnlockonExit-044	Driver Convenience	Auto Unlock on Exit	no		已比對之 5 個 feature 之 037 全集皆無同一實體功能之對應	
SWE1-VC-AutomaticTrailerLight Check-039	Trailer and Signage	Automatic Trailer Light Check	no		已比對之 5 個 feature 之 037 全集皆無同一實體功能之對應	
SWE1-VC-AutomaticTrailerLight Check-040	Trailer and Signage	Automatic Trailer Light Check	no		已比對之 5 個 feature 之 037 全集皆無同一實體功能之對應	
SWE1-VC-AutomaticTrailerLight Check-041	Trailer and Signage	Automatic Trailer Light Check	no		已比對之 5 個 feature 之 037 全集皆無同一實體功能之對應	
SWE1-VC-AutomaticTrailerLight Check-042	Trailer and Signage	Automatic Trailer Light Check	no		已比對之 5 個 feature 之 037 全集皆無同一實體功能之對應	
SWE1-VC-AutomaticTrailerLight Check-043	Trailer and Signage	Automatic Trailer Light Check	no		已比對之 5 個 feature 之 037 全集皆無同一實體功能之對應	
SWE1-VC-BlindSpotAlert-002	Driver Convenience	Blind Spot Alert	no		已比對之 5 個 feature 之 037 全集皆無同一實體功能之對應	
SWE1-VC-BlindSpotAlert-003	Driver Convenience	Blind Spot Alert	no		已比對之 5 個 feature 之 037 全集皆無同一實體功能之對應	
SWE1-VC-BlindSpotAlert-004	Driver Convenience	Blind Spot Alert	no		已比對之 5 個 feature 之 037 全集皆無同一實體功能之對應	
SWE1-VC-BlindSpotAlert-005	Driver Convenience	Blind Spot Alert	no		已比對之 5 個 feature 之 037 全集皆無同一實體功能之對應	
SWE1-VC-BlindSpotAlert-006	Driver Convenience	Blind Spot Alert	no		已比對之 5 個 feature 之 037 全集皆無同一實體功能之對應	
SWE1-VC-BlindSpotAlert-007	Driver Convenience	Blind Spot Alert	no		已比對之 5 個 feature 之 037 全集皆無同一實體功能之對應	
SWE1-VC-Blind Spot with Trailer Detection-045	Trailer and Signage	Blind Spot with Trailer Detection	no		已比對之 5 個 feature 之 037 全集皆無同一實體功能之對應	
SWE1-VC-Blind Spot with Trailer Detection-046	Trailer and Signage	Blind Spot with Trailer Detection	no		已比對之 5 個 feature 之 037 全集皆無同一實體功能之對應	
SWE1-VC-Blind Spot with Trailer Detection-047	Trailer and Signage	Blind Spot with Trailer Detection	no		已比對之 5 個 feature 之 037 全集皆無同一實體功能之對應	
SWE1-VC-Blind Spot with Trailer Detection-048	Trailer and Signage	Blind Spot with Trailer Detection	no		已比對之 5 個 feature 之 037 全集皆無同一實體功能之對應	
SWE1-VC-Blind Spot with Trailer Detection-049	Trailer and Signage	Blind Spot with Trailer Detection	no		已比對之 5 個 feature 之 037 全集皆無同一實體功能之對應	
SWE1-VC-CHMSL CAMERA DYNAMIC CENTERLINE-134	Trailer and Signage	CHMSL CAMERA DYNAMIC CENTERLINE	no		已比對之 5 個 feature 之 037 全集皆無同一實體功能之對應	
SWE1-VC-CHMSL CAMERA DYNAMIC CENTERLINE-135	Trailer and Signage	CHMSL CAMERA DYNAMIC CENTERLINE	no		已比對之 5 個 feature 之 037 全集皆無同一實體功能之對應	
SWE1-VC-CHMSL CAMERA DYNAMIC CENTERLINE-136	Trailer and Signage	CHMSL CAMERA DYNAMIC CENTERLINE	no		已比對之 5 個 feature 之 037 全集皆無同一實體功能之對應	
SWE1-VC-CHMSL CAMERA DYNAMIC CENTERLINE-137	Trailer and Signage	CHMSL CAMERA DYNAMIC CENTERLINE	no		已比對之 5 個 feature 之 037 全集皆無同一實體功能之對應	
SWE1-VC-CHMSL CAMERA DYNAMIC CENTERLINE-138	Trailer and Signage	CHMSL CAMERA DYNAMIC CENTERLINE	no		已比對之 5 個 feature 之 037 全集皆無同一實體功能之對應	
SWE1-VC-ChargePowerLevel-044	Approach and Tailgate	Charge Power Level	no		已比對之 5 個 feature 之 037 全集皆無同一實體功能之對應	
SWE1-VC-ChargePowerLevel-045	Approach and Tailgate	Charge Power Level	no		已比對之 5 個 feature 之 037 全集皆無同一實體功能之對應	
SWE1-VC-ChargePowerLevel-046	Approach and Tailgate	Charge Power Level	no		已比對之 5 個 feature 之 037 全集皆無同一實體功能之對應	
SWE1-VC-ChargePowerLevel-047	Approach and Tailgate	Charge Power Level	no		已比對之 5 個 feature 之 037 全集皆無同一實體功能之對應	
SWE1-VC-ChargePowerLevel-048	Approach and Tailgate	Charge Power Level	no		已比對之 5 個 feature 之 037 全集皆無同一實體功能之對應	
SWE1-VC-ChargePowerLevel-049	Approach and Tailgate	Charge Power Level	no		已比對之 5 個 feature 之 037 全集皆無同一實體功能之對應	
SWE1-VC-ChargePowerLevel-050	Approach and Tailgate	Charge Power Level	no		已比對之 5 個 feature 之 037 全集皆無同一實體功能之對應	
SWE1-VC-ChargePowerLevel-051	Approach and Tailgate	Charge Power Level	no		已比對之 5 個 feature 之 037 全集皆無同一實體功能之對應	
SWE1-VC-ConsumptionUnit-031	Units and Cameras	Consumption Unit	no		已比對之 5 個 feature 之 037 全集皆無同一實體功能之對應	
SWE1-VC-ConsumptionUnit-032	Units and Cameras	Consumption Unit	no		已比對之 5 個 feature 之 037 全集皆無同一實體功能之對應	
SWE1-VC-ConsumptionUnit-033	Units and Cameras	Consumption Unit	no		已比對之 5 個 feature 之 037 全集皆無同一實體功能之對應	
SWE1-VC-ConsumptionUnit-034	Units and Cameras	Consumption Unit	no		已比對之 5 個 feature 之 037 全集皆無同一實體功能之對應	
SWE1-VC-ConsumptionUnit-035	Units and Cameras	Consumption Unit	no		已比對之 5 個 feature 之 037 全集皆無同一實體功能之對應	
SWE1-VC-ConsumptionUnit-036	Units and Cameras	Consumption Unit	no		已比對之 5 個 feature 之 037 全集皆無同一實體功能之對應	
SWE1-VC-ConsumptionUnit-037	Units and Cameras	Consumption Unit	no		已比對之 5 個 feature 之 037 全集皆無同一實體功能之對應	
SWE1-VC-CorneringLights-002	Lane and Lighting	Cornering Lights	no		已比對之 5 個 feature 之 037 全集皆無同一實體功能之對應	
SWE1-VC-CorneringLights-003	Lane and Lighting	Cornering Lights	no		已比對之 5 個 feature 之 037 全集皆無同一實體功能之對應	
SWE1-VC-CorneringLights-004	Lane and Lighting	Cornering Lights	no		已比對之 5 個 feature 之 037 全集皆無同一實體功能之對應	
SWE1-VC-CorneringLights-005	Lane and Lighting	Cornering Lights	no		已比對之 5 個 feature 之 037 全集皆無同一實體功能之對應	
SWE1-VC-CorneringLights-006	Lane and Lighting	Cornering Lights	no		已比對之 5 個 feature 之 037 全集皆無同一實體功能之對應	
SWE1-VC-DaytimeRunningLights-002	Daytime Lighting	Daytime Running Lights	no		已比對之 5 個 feature 之 037 全集皆無同一實體功能之對應	
SWE1-VC-DaytimeRunningLights-003	Daytime Lighting	Daytime Running Lights	no		已比對之 5 個 feature 之 037 全集皆無同一實體功能之對應	
SWE1-VC-DaytimeRunningLights-004	Daytime Lighting	Daytime Running Lights	no		已比對之 5 個 feature 之 037 全集皆無同一實體功能之對應	
SWE1-VC-DaytimeRunningLights-005	Daytime Lighting	Daytime Running Lights	no		已比對之 5 個 feature 之 037 全集皆無同一實體功能之對應	
SWE1-VC-DaytimeRunningLights-006	Daytime Lighting	Daytime Running Lights	no		已比對之 5 個 feature 之 037 全集皆無同一實體功能之對應	
SWE1-VC-DistanceUnit-021	Units and Cameras	Distance Unit	no		已比對之 5 個 feature 之 037 全集皆無同一實體功能之對應	
SWE1-VC-DistanceUnit-022	Units and Cameras	Distance Unit	no		已比對之 5 個 feature 之 037 全集皆無同一實體功能之對應	
SWE1-VC-DistanceUnit-023	Units and Cameras	Distance Unit	no		已比對之 5 個 feature 之 037 全集皆無同一實體功能之對應	
SWE1-VC-DistanceUnit-024	Units and Cameras	Distance Unit	no		已比對之 5 個 feature 之 037 全集皆無同一實體功能之對應	
SWE1-VC-DriverEasyExitSeat-038	Suspension and Comfort	Driver Easy Exit Seat	no		已比對之 5 個 feature 之 037 全集皆無同一實體功能之對應	
SWE1-VC-DriverEasyExitSeat-039	Suspension and Comfort	Driver Easy Exit Seat	no		已比對之 5 個 feature 之 037 全集皆無同一實體功能之對應	
SWE1-VC-DriverEasyExitSeat-040	Suspension and Comfort	Driver Easy Exit Seat	no		已比對之 5 個 feature 之 037 全集皆無同一實體功能之對應	
SWE1-VC-DriverEasyExitSeat-041	Suspension and Comfort	Driver Easy Exit Seat	no		已比對之 5 個 feature 之 037 全集皆無同一實體功能之對應	
SWE1-VC-DriverEasyExitSeat-042	Suspension and Comfort	Driver Easy Exit Seat	no		已比對之 5 個 feature 之 037 全集皆無同一實體功能之對應	
SWE1-VC-E-Save-090	Auxiliary Switches	E-Save	no		已比對之 5 個 feature 之 037 全集皆無同一實體功能之對應	
SWE1-VC-E-Save-091	Auxiliary Switches	E-Save	no		已比對之 5 個 feature 之 037 全集皆無同一實體功能之對應	
SWE1-VC-E-Save-092	Auxiliary Switches	E-Save	no		已比對之 5 個 feature 之 037 全集皆無同一實體功能之對應	
SWE1-VC-E-Save-093	Auxiliary Switches	E-Save	no		已比對之 5 個 feature 之 037 全集皆無同一實體功能之對應	
SWE1-VC-E-Save-094	Auxiliary Switches	E-Save	no		已比對之 5 個 feature 之 037 全集皆無同一實體功能之對應	
SWE1-VC-E-Save-095	Auxiliary Switches	E-Save	no		已比對之 5 個 feature 之 037 全集皆無同一實體功能之對應	
SWE1-VC-EngineOffPowerDelay-044	Suspension and Comfort	Engine Off Power Delay	no		已比對之 5 個 feature 之 037 全集皆無同一實體功能之對應	
SWE1-VC-EngineOffPowerDelay-045	Suspension and Comfort	Engine Off Power Delay	no		已比對之 5 個 feature 之 037 全集皆無同一實體功能之對應	
SWE1-VC-EngineOffPowerDelay-046	Suspension and Comfort	Engine Off Power Delay	no		已比對之 5 個 feature 之 037 全集皆無同一實體功能之對應	
SWE1-VC-EngineOffPowerDelay-047	Suspension and Comfort	Engine Off Power Delay	no		已比對之 5 個 feature 之 037 全集皆無同一實體功能之對應	
SWE1-VC-EngineOffPowerDelay-048	Suspension and Comfort	Engine Off Power Delay	no		已比對之 5 個 feature 之 037 全集皆無同一實體功能之對應	
SWE1-VC-EngineOffPowerDelay-049	Suspension and Comfort	Engine Off Power Delay	no		已比對之 5 個 feature 之 037 全集皆無同一實體功能之對應	
SWE1-VC-EngineOffPowerDelay-050	Suspension and Comfort	Engine Off Power Delay	no		已比對之 5 個 feature 之 037 全集皆無同一實體功能之對應	
SWE1-VC-EnhancedDisplaySynchronization-127	Trailer and Signage	Enhanced Display Synchronization	no		已比對之 5 個 feature 之 037 全集皆無同一實體功能之對應	
SWE1-VC-EnhancedDisplaySynchronization-128	Trailer and Signage	Enhanced Display Synchronization	no		已比對之 5 個 feature 之 037 全集皆無同一實體功能之對應	
SWE1-VC-EnhancedDisplaySynchronization-129	Trailer and Signage	Enhanced Display Synchronization	no		已比對之 5 個 feature 之 037 全集皆無同一實體功能之對應	
SWE1-VC-EnhancedDisplaySynchronization-130	Trailer and Signage	Enhanced Display Synchronization	no		已比對之 5 個 feature 之 037 全集皆無同一實體功能之對應	
SWE1-VC-EnhancedDisplaySynchronization-131	Trailer and Signage	Enhanced Display Synchronization	no		已比對之 5 個 feature 之 037 全集皆無同一實體功能之對應	
SWE1-VC-EnhancedDisplaySynchronization-132	Trailer and Signage	Enhanced Display Synchronization	no		已比對之 5 個 feature 之 037 全集皆無同一實體功能之對應	
SWE1-VC-FlashLightWithLock-046	Driver Convenience	Flash Light With Lock	no		已比對之 5 個 feature 之 037 全集皆無同一實體功能之對應	
SWE1-VC-FlashLightWithLock-047	Driver Convenience	Flash Light With Lock	no		已比對之 5 個 feature 之 037 全集皆無同一實體功能之對應	
SWE1-VC-FlashLightWithLock-048	Driver Convenience	Flash Light With Lock	no		已比對之 5 個 feature 之 037 全集皆無同一實體功能之對應	
SWE1-VC-FlashLightWithLock-049	Driver Convenience	Flash Light With Lock	no		已比對之 5 個 feature 之 037 全集皆無同一實體功能之對應	
SWE1-VC-FlashLightWithLock-050	Driver Convenience	Flash Light With Lock	no		已比對之 5 個 feature 之 037 全集皆無同一實體功能之對應	
SWE1-VC-ForwardCollisionWarning-034	Lane and Lighting	Forward Collision Warning	no		已比對之 5 個 feature 之 037 全集皆無同一實體功能之對應	
SWE1-VC-ForwardCollisionWarning-035	Lane and Lighting	Forward Collision Warning	no		已比對之 5 個 feature 之 037 全集皆無同一實體功能之對應	
SWE1-VC-ForwardCollisionWarning-036	Lane and Lighting	Forward Collision Warning	no		已比對之 5 個 feature 之 037 全集皆無同一實體功能之對應	
SWE1-VC-ForwardCollisionWarning-037	Lane and Lighting	Forward Collision Warning	no		已比對之 5 個 feature 之 037 全集皆無同一實體功能之對應	
SWE1-VC-ForwardCollisionWarning-038	Lane and Lighting	Forward Collision Warning	no		已比對之 5 個 feature 之 037 全集皆無同一實體功能之對應	
SWE1-VC-ForwardCollisionWarning-039	Lane and Lighting	Forward Collision Warning	no		已比對之 5 個 feature 之 037 全集皆無同一實體功能之對應	
SWE1-VC-ForwardCollisionWarningSensitivity-041	Lane and Lighting	Forward Collision Warning Sensitivity	no		已比對之 5 個 feature 之 037 全集皆無同一實體功能之對應	
SWE1-VC-ForwardCollisionWarningSensitivity-042	Lane and Lighting	Forward Collision Warning Sensitivity	no		已比對之 5 個 feature 之 037 全集皆無同一實體功能之對應	
SWE1-VC-ForwardCollisionWarningSensitivity-043	Lane and Lighting	Forward Collision Warning Sensitivity	no		已比對之 5 個 feature 之 037 全集皆無同一實體功能之對應	
SWE1-VC-ForwardCollisionWarningSensitivity-044	Lane and Lighting	Forward Collision Warning Sensitivity	no		已比對之 5 個 feature 之 037 全集皆無同一實體功能之對應	
SWE1-VC-ForwardCollisionWarningSensitivity-045	Lane and Lighting	Forward Collision Warning Sensitivity	no		已比對之 5 個 feature 之 037 全集皆無同一實體功能之對應	
SWE1-VC-ForwardCollisionWarningSensitivity-046	Lane and Lighting	Forward Collision Warning Sensitivity	no		已比對之 5 個 feature 之 037 全集皆無同一實體功能之對應	
SWE1-VC-GreetingLights-008	Lane and Lighting	Greeting Lights	no		已比對之 5 個 feature 之 037 全集皆無同一實體功能之對應	
SWE1-VC-GreetingLights-009	Lane and Lighting	Greeting Lights	no		已比對之 5 個 feature 之 037 全集皆無同一實體功能之對應	
SWE1-VC-GreetingLights-010	Lane and Lighting	Greeting Lights	no		已比對之 5 個 feature 之 037 全集皆無同一實體功能之對應	
SWE1-VC-GreetingLights-011	Lane and Lighting	Greeting Lights	no		已比對之 5 個 feature 之 037 全集皆無同一實體功能之對應	
SWE1-VC-GreetingLights-012	Lane and Lighting	Greeting Lights	no		已比對之 5 個 feature 之 037 全集皆無同一實體功能之對應	
SWE1-VC-HeadlightsOffDelay-008	Daytime Lighting	Headlights Off Delay	no		已比對之 5 個 feature 之 037 全集皆無同一實體功能之對應	
SWE1-VC-HeadlightsOffDelay-009	Daytime Lighting	Headlights Off Delay	no		已比對之 5 個 feature 之 037 全集皆無同一實體功能之對應	
SWE1-VC-HeadlightsOffDelay-010	Daytime Lighting	Headlights Off Delay	no		已比對之 5 個 feature 之 037 全集皆無同一實體功能之對應	
SWE1-VC-HeadlightsOffDelay-011	Daytime Lighting	Headlights Off Delay	no		已比對之 5 個 feature 之 037 全集皆無同一實體功能之對應	
SWE1-VC-HeadlightsOffDelay-012	Daytime Lighting	Headlights Off Delay	no		已比對之 5 個 feature 之 037 全集皆無同一實體功能之對應	
SWE1-VC-HeadlightsOffDelay-013	Daytime Lighting	Headlights Off Delay	no		已比對之 5 個 feature 之 037 全集皆無同一實體功能之對應	
SWE1-VC-HeadlightsOffDelay-014	Daytime Lighting	Headlights Off Delay	no		已比對之 5 個 feature 之 037 全集皆無同一實體功能之對應	
SWE1-VC-HeadlightswithWipers-058	Suspension and Comfort	Headlights with Wipers	no		已比對之 5 個 feature 之 037 全集皆無同一實體功能之對應	
SWE1-VC-HeadlightswithWipers-059	Suspension and Comfort	Headlights with Wipers	no		已比對之 5 個 feature 之 037 全集皆無同一實體功能之對應	
SWE1-VC-HeadlightswithWipers-060	Suspension and Comfort	Headlights with Wipers	no		已比對之 5 個 feature 之 037 全集皆無同一實體功能之對應	
SWE1-VC-HeadlightswithWipers-061	Suspension and Comfort	Headlights with Wipers	no		已比對之 5 個 feature 之 037 全集皆無同一實體功能之對應	
SWE1-VC-HeadlightswithWipers-062	Suspension and Comfort	Headlights with Wipers	no		已比對之 5 個 feature 之 037 全集皆無同一實體功能之對應	
SWE1-VC-HillStartAssist-052	Suspension and Comfort	Hill Start Assist	no		已比對之 5 個 feature 之 037 全集皆無同一實體功能之對應	
SWE1-VC-HillStartAssist-053	Suspension and Comfort	Hill Start Assist	no		已比對之 5 個 feature 之 037 全集皆無同一實體功能之對應	
SWE1-VC-HillStartAssist-054	Suspension and Comfort	Hill Start Assist	no		已比對之 5 個 feature 之 037 全集皆無同一實體功能之對應	
SWE1-VC-HillStartAssist-055	Suspension and Comfort	Hill Start Assist	no		已比對之 5 個 feature 之 037 全集皆無同一實體功能之對應	
SWE1-VC-HillStartAssist-056	Suspension and Comfort	Hill Start Assist	no		已比對之 5 個 feature 之 037 全集皆無同一實體功能之對應	
SWE1-VC-HornWithLock-033	Driver Convenience	Horn With Lock	no		已比對之 5 個 feature 之 037 全集皆無同一實體功能之對應	
SWE1-VC-HornWithLock-034	Driver Convenience	Horn With Lock	no		已比對之 5 個 feature 之 037 全集皆無同一實體功能之對應	
SWE1-VC-HornWithLock-035	Driver Convenience	Horn With Lock	no		已比對之 5 個 feature 之 037 全集皆無同一實體功能之對應	
SWE1-VC-HornWithLock-036	Driver Convenience	Horn With Lock	no		已比對之 5 個 feature 之 037 全集皆無同一實體功能之對應	
SWE1-VC-HornWithLock-037	Driver Convenience	Horn With Lock	no		已比對之 5 個 feature 之 037 全集皆無同一實體功能之對應	
SWE1-VC-HornWithLock-038	Driver Convenience	Horn With Lock	no		已比對之 5 個 feature 之 037 全集皆無同一實體功能之對應	
SWE1-VC-HornWithRemoteStart-027	Driver Convenience	Horn With Remote Start	no		已比對之 5 個 feature 之 037 全集皆無同一實體功能之對應	
SWE1-VC-HornWithRemoteStart-028	Driver Convenience	Horn With Remote Start	no		已比對之 5 個 feature 之 037 全集皆無同一實體功能之對應	
SWE1-VC-HornWithRemoteStart-029	Driver Convenience	Horn With Remote Start	no		已比對之 5 個 feature 之 037 全集皆無同一實體功能之對應	
SWE1-VC-HornWithRemoteStart-030	Driver Convenience	Horn With Remote Start	no		已比對之 5 個 feature 之 037 全集皆無同一實體功能之對應	
SWE1-VC-HornWithRemoteStart-031	Driver Convenience	Horn With Remote Start	no		已比對之 5 個 feature 之 037 全集皆無同一實體功能之對應	
SWE1-VC-HourMode-010	Units and Cameras	Hour Mode	no		已比對之 5 個 feature 之 037 全集皆無同一實體功能之對應	
SWE1-VC-HourMode-011	Units and Cameras	Hour Mode	no		已比對之 5 個 feature 之 037 全集皆無同一實體功能之對應	
SWE1-VC-HourMode-012	Units and Cameras	Hour Mode	no		已比對之 5 個 feature 之 037 全集皆無同一實體功能之對應	
SWE1-VC-HourMode-013	Units and Cameras	Hour Mode	no		已比對之 5 個 feature 之 037 全集皆無同一實體功能之對應	
SWE1-VC-IlluminatedApproach-002	Approach and Tailgate	Illuminated Approach	no		已比對之 5 個 feature 之 037 全集皆無同一實體功能之對應	
SWE1-VC-IlluminatedApproach-003	Approach and Tailgate	Illuminated Approach	no		已比對之 5 個 feature 之 037 全集皆無同一實體功能之對應	
SWE1-VC-IlluminatedApproach-004	Approach and Tailgate	Illuminated Approach	no		已比對之 5 個 feature 之 037 全集皆無同一實體功能之對應	
SWE1-VC-IlluminatedApproach-005	Approach and Tailgate	Illuminated Approach	no		已比對之 5 個 feature 之 037 全集皆無同一實體功能之對應	
SWE1-VC-IlluminatedApproach-006	Approach and Tailgate	Illuminated Approach	no		已比對之 5 個 feature 之 037 全集皆無同一實體功能之對應	
SWE1-VC-IlluminatedApproach-007	Approach and Tailgate	Illuminated Approach	no		已比對之 5 個 feature 之 037 全集皆無同一實體功能之對應	
SWE1-VC-IlluminatedApproach-008	Approach and Tailgate	Illuminated Approach	no		已比對之 5 個 feature 之 037 全集皆無同一實體功能之對應	
SWE1-VC-LaneSenseStrength-027	Lane and Lighting	Lane Sense Strength	no		已比對之 5 個 feature 之 037 全集皆無同一實體功能之對應	
SWE1-VC-LaneSenseStrength-028	Lane and Lighting	Lane Sense Strength	no		已比對之 5 個 feature 之 037 全集皆無同一實體功能之對應	
SWE1-VC-LaneSenseStrength-029	Lane and Lighting	Lane Sense Strength	no		已比對之 5 個 feature 之 037 全集皆無同一實體功能之對應	
SWE1-VC-LaneSenseStrength-030	Lane and Lighting	Lane Sense Strength	no		已比對之 5 個 feature 之 037 全集皆無同一實體功能之對應	
SWE1-VC-LaneSenseStrength-031	Lane and Lighting	Lane Sense Strength	no		已比對之 5 個 feature 之 037 全集皆無同一實體功能之對應	
SWE1-VC-LaneSenseStrength-032	Lane and Lighting	Lane Sense Strength	no		已比對之 5 個 feature 之 037 全集皆無同一實體功能之對應	
SWE1-VC-LaneSenseWarning-014	Lane and Lighting	Lane Sense Warning	no		已比對之 5 個 feature 之 037 全集皆無同一實體功能之對應	
SWE1-VC-LaneSenseWarning-015	Lane and Lighting	Lane Sense Warning	no		已比對之 5 個 feature 之 037 全集皆無同一實體功能之對應	
SWE1-VC-LaneSenseWarning-016	Lane and Lighting	Lane Sense Warning	no		已比對之 5 個 feature 之 037 全集皆無同一實體功能之對應	
SWE1-VC-LaneSenseWarning-017	Lane and Lighting	Lane Sense Warning	no		已比對之 5 個 feature 之 037 全集皆無同一實體功能之對應	
SWE1-VC-LaneSenseWarning-018	Lane and Lighting	Lane Sense Warning	no		已比對之 5 個 feature 之 037 全集皆無同一實體功能之對應	
SWE1-VC-LaneSenseWarning-019	Lane and Lighting	Lane Sense Warning	no		已比對之 5 個 feature 之 037 全集皆無同一實體功能之對應	
SWE1-VC-Language-059	Driver Convenience	Language	no		已比對之 5 個 feature 之 037 全集皆無同一實體功能之對應	
SWE1-VC-Language-060	Driver Convenience	Language	no		已比對之 5 個 feature 之 037 全集皆無同一實體功能之對應	
SWE1-VC-Language-061	Driver Convenience	Language	no		已比對之 5 個 feature 之 037 全集皆無同一實體功能之對應	
SWE1-VC-Language-062	Driver Convenience	Language	no		已比對之 5 個 feature 之 037 全集皆無同一實體功能之對應	
SWE1-VC-MaxPowerLevel140	Trailer and Signage	Max Power Level	no		已比對之 5 個 feature 之 037 全集皆無同一實體功能之對應	
SWE1-VC-MaxPowerLevel141	Trailer and Signage	Max Power Level	no		已比對之 5 個 feature 之 037 全集皆無同一實體功能之對應	
SWE1-VC-MaxPowerLevel142	Trailer and Signage	Max Power Level	no		已比對之 5 個 feature 之 037 全集皆無同一實體功能之對應	
SWE1-VC-MaxPowerLevel143	Trailer and Signage	Max Power Level	no		已比對之 5 個 feature 之 037 全集皆無同一實體功能之對應	
SWE1-VC-NavigationTurnbyTurn-053	Driver Convenience	Navigation Turn by Turn	no		已比對之 5 個 feature 之 037 全集皆無同一實體功能之對應	
SWE1-VC-NavigationTurnbyTurn-054	Driver Convenience	Navigation Turn by Turn	no		已比對之 5 個 feature 之 037 全集皆無同一實體功能之對應	
SWE1-VC-NavigationTurnbyTurn-055	Driver Convenience	Navigation Turn by Turn	no		已比對之 5 個 feature 之 037 全集皆無同一實體功能之對應	
SWE1-VC-NavigationTurnbyTurn-056	Driver Convenience	Navigation Turn by Turn	no		已比對之 5 個 feature 之 037 全集皆無同一實體功能之對應	
SWE1-VC-NavigationTurnbyTurn-057	Driver Convenience	Navigation Turn by Turn	no		已比對之 5 個 feature 之 037 全集皆無同一實體功能之對應	
SWE1-VC-NewSpeedZoneIndication-037	Approach and Tailgate	New Speed Zone Indication	no		已比對之 5 個 feature 之 037 全集皆無同一實體功能之對應	
SWE1-VC-NewSpeedZoneIndication-038	Approach and Tailgate	New Speed Zone Indication	no		已比對之 5 個 feature 之 037 全集皆無同一實體功能之對應	
SWE1-VC-NewSpeedZoneIndication-039	Approach and Tailgate	New Speed Zone Indication	no		已比對之 5 個 feature 之 037 全集皆無同一實體功能之對應	
SWE1-VC-NewSpeedZoneIndication-040	Approach and Tailgate	New Speed Zone Indication	no		已比對之 5 個 feature 之 037 全集皆無同一實體功能之對應	
SWE1-VC-NewSpeedZoneIndication-041	Approach and Tailgate	New Speed Zone Indication	no		已比對之 5 個 feature 之 037 全集皆無同一實體功能之對應	
SWE1-VC-NewSpeedZoneIndication-042	Approach and Tailgate	New Speed Zone Indication	no		已比對之 5 個 feature 之 037 全集皆無同一實體功能之對應	
SWE1-VC-PaddleShifter-010	Approach and Tailgate	Paddle Shifter	no		已比對之 5 個 feature 之 037 全集皆無同一實體功能之對應	
SWE1-VC-PaddleShifter-011	Approach and Tailgate	Paddle Shifter	no		已比對之 5 個 feature 之 037 全集皆無同一實體功能之對應	
SWE1-VC-PaddleShifter-012	Approach and Tailgate	Paddle Shifter	no		已比對之 5 個 feature 之 037 全集皆無同一實體功能之對應	
SWE1-VC-PaddleShifter-013	Approach and Tailgate	Paddle Shifter	no		已比對之 5 個 feature 之 037 全集皆無同一實體功能之對應	
SWE1-VC-PaddleShifter-014	Approach and Tailgate	Paddle Shifter	no		已比對之 5 個 feature 之 037 全集皆無同一實體功能之對應	
SWE1-VC-ParkSense-084	Units and Cameras	Park Sense	no		已比對之 5 個 feature 之 037 全集皆無同一實體功能之對應	
SWE1-VC-ParkSense-085	Units and Cameras	Park Sense	no		已比對之 5 個 feature 之 037 全集皆無同一實體功能之對應	
SWE1-VC-ParkSense-086	Units and Cameras	Park Sense	no		已比對之 5 個 feature 之 037 全集皆無同一實體功能之對應	
SWE1-VC-ParkSense-087	Units and Cameras	Park Sense	no		已比對之 5 個 feature 之 037 全集皆無同一實體功能之對應	
SWE1-VC-ParkSense-088	Units and Cameras	Park Sense	no		已比對之 5 個 feature 之 037 全集皆無同一實體功能之對應	
SWE1-VC-ParkSenseFrontVolume-077	Driver Convenience	Park Sense Front Volume	no		已比對之 5 個 feature 之 037 全集皆無同一實體功能之對應	
SWE1-VC-ParkSenseFrontVolume-078	Driver Convenience	Park Sense Front Volume	no		已比對之 5 個 feature 之 037 全集皆無同一實體功能之對應	
SWE1-VC-ParkSenseFrontVolume-079	Driver Convenience	Park Sense Front Volume	no		已比對之 5 個 feature 之 037 全集皆無同一實體功能之對應	
SWE1-VC-ParkSenseFrontVolume-080	Driver Convenience	Park Sense Front Volume	no		已比對之 5 個 feature 之 037 全集皆無同一實體功能之對應	
SWE1-VC-ParkSenseFrontVolume-081	Driver Convenience	Park Sense Front Volume	no		已比對之 5 個 feature 之 037 全集皆無同一實體功能之對應	
SWE1-VC-ParkSenseFrontVolume-082	Driver Convenience	Park Sense Front Volume	no		已比對之 5 個 feature 之 037 全集皆無同一實體功能之對應	
SWE1-VC-ParkSenseRearVolume-070	Driver Convenience	Park Sense Rear Volume	no		已比對之 5 個 feature 之 037 全集皆無同一實體功能之對應	
SWE1-VC-ParkSenseRearVolume-071	Driver Convenience	Park Sense Rear Volume	no		已比對之 5 個 feature 之 037 全集皆無同一實體功能之對應	
SWE1-VC-ParkSenseRearVolume-072	Driver Convenience	Park Sense Rear Volume	no		已比對之 5 個 feature 之 037 全集皆無同一實體功能之對應	
SWE1-VC-ParkSenseRearVolume-073	Driver Convenience	Park Sense Rear Volume	no		已比對之 5 個 feature 之 037 全集皆無同一實體功能之對應	
SWE1-VC-ParkSenseRearVolume-074	Driver Convenience	Park Sense Rear Volume	no		已比對之 5 個 feature 之 037 全集皆無同一實體功能之對應	
SWE1-VC-ParkSenseRearVolume-075	Driver Convenience	Park Sense Rear Volume	no		已比對之 5 個 feature 之 037 全集皆無同一實體功能之對應	
SWE1-VC-ParkSenseBasedCameraActivation-078	Units and Cameras	ParkSense Based Camera Activation	no		已比對之 5 個 feature 之 037 全集皆無同一實體功能之對應	
SWE1-VC-ParkSenseBasedCameraActivation-079	Units and Cameras	ParkSense Based Camera Activation	no		已比對之 5 個 feature 之 037 全集皆無同一實體功能之對應	
SWE1-VC-ParkSenseBasedCameraActivation-080	Units and Cameras	ParkSense Based Camera Activation	no		已比對之 5 個 feature 之 037 全集皆無同一實體功能之對應	
SWE1-VC-ParkSenseBasedCameraActivation-081	Units and Cameras	ParkSense Based Camera Activation	no		已比對之 5 個 feature 之 037 全集皆無同一實體功能之對應	
SWE1-VC-ParkSenseBasedCameraActivation-082	Units and Cameras	ParkSense Based Camera Activation	no		已比對之 5 個 feature 之 037 全集皆無同一實體功能之對應	
SWE1-VC-PassiveEntry-009	Driver Convenience	Passive Entry	no		已比對之 5 個 feature 之 037 全集皆無同一實體功能之對應	
SWE1-VC-PassiveEntry-010	Driver Convenience	Passive Entry	no		已比對之 5 個 feature 之 037 全集皆無同一實體功能之對應	
SWE1-VC-PassiveEntry-011	Driver Convenience	Passive Entry	no		已比對之 5 個 feature 之 037 全集皆無同一實體功能之對應	
SWE1-VC-PassiveEntry-012	Driver Convenience	Passive Entry	no		已比對之 5 個 feature 之 037 全集皆無同一實體功能之對應	
SWE1-VC-PassiveEntry-013	Driver Convenience	Passive Entry	no		已比對之 5 個 feature 之 037 全集皆無同一實體功能之對應	
SWE1-VC-PedestrianEmergencyBrakingorWarning&ActiveBraking-048	Lane and Lighting	Pedestrian Emergency Braking or Warning & Active Braking	no		已比對之 5 個 feature 之 037 全集皆無同一實體功能之對應	
SWE1-VC-PedestrianEmergencyBrakingorWarning&ActiveBraking-049	Lane and Lighting	Pedestrian Emergency Braking or Warning & Active Braking	no		已比對之 5 個 feature 之 037 全集皆無同一實體功能之對應	
SWE1-VC-PedestrianEmergencyBrakingorWarning&ActiveBraking-050	Lane and Lighting	Pedestrian Emergency Braking or Warning & Active Braking	no		已比對之 5 個 feature 之 037 全集皆無同一實體功能之對應	
SWE1-VC-PedestrianEmergencyBrakingorWarning&ActiveBraking-051	Lane and Lighting	Pedestrian Emergency Braking or Warning & Active Braking	no		已比對之 5 個 feature 之 037 全集皆無同一實體功能之對應	
SWE1-VC-PedestrianEmergencyBrakingorWarning&ActiveBraking-052	Lane and Lighting	Pedestrian Emergency Braking or Warning & Active Braking	no		已比對之 5 個 feature 之 037 全集皆無同一實體功能之對應	
SWE1-VC-PhoneRepetition-064	Driver Convenience	Phone Repetition	no		已比對之 5 個 feature 之 037 全集皆無同一實體功能之對應	
SWE1-VC-PhoneRepetition-065	Driver Convenience	Phone Repetition	no		已比對之 5 個 feature 之 037 全集皆無同一實體功能之對應	
SWE1-VC-PhoneRepetition-066	Driver Convenience	Phone Repetition	no		已比對之 5 個 feature 之 037 全集皆無同一實體功能之對應	
SWE1-VC-PhoneRepetition-067	Driver Convenience	Phone Repetition	no		已比對之 5 個 feature 之 037 全集皆無同一實體功能之對應	
SWE1-VC-PhoneRepetition-068	Driver Convenience	Phone Repetition	no		已比對之 5 個 feature 之 037 全集皆無同一實體功能之對應	
SWE1-VC-PowerLiftgate/TailgateAlert-016	Approach and Tailgate	Power Liftgate/Tailgate Alert	no		已比對之 5 個 feature 之 037 全集皆無同一實體功能之對應	
SWE1-VC-PowerLiftgate/TailgateAlert-017	Approach and Tailgate	Power Liftgate/Tailgate Alert	no		已比對之 5 個 feature 之 037 全集皆無同一實體功能之對應	
SWE1-VC-PowerLiftgate/TailgateAlert-018	Approach and Tailgate	Power Liftgate/Tailgate Alert	no		已比對之 5 個 feature 之 037 全集皆無同一實體功能之對應	
SWE1-VC-PowerLiftgate/TailgateAlert-019	Approach and Tailgate	Power Liftgate/Tailgate Alert	no		已比對之 5 個 feature 之 037 全集皆無同一實體功能之對應	
SWE1-VC-PowerLiftgate/TailgateAlert-020	Approach and Tailgate	Power Liftgate/Tailgate Alert	no		已比對之 5 個 feature 之 037 全集皆無同一實體功能之對應	
SWE1-VC-PowerLiftgate/TailgateAlert-021	Approach and Tailgate	Power Liftgate/Tailgate Alert	no		已比對之 5 個 feature 之 037 全集皆無同一實體功能之對應	
SWE1-VC-PowerSideStep-051	Trailer and Signage	Power Side Step	no		已比對之 5 個 feature 之 037 全集皆無同一實體功能之對應	
SWE1-VC-PowerSideStep-052	Trailer and Signage	Power Side Step	no		已比對之 5 個 feature 之 037 全集皆無同一實體功能之對應	
SWE1-VC-PowerSideStep-053	Trailer and Signage	Power Side Step	no		已比對之 5 個 feature 之 037 全集皆無同一實體功能之對應	
SWE1-VC-PowerSideStep-054	Trailer and Signage	Power Side Step	no		已比對之 5 個 feature 之 037 全集皆無同一實體功能之對應	
SWE1-VC-PowerSideStep-055	Trailer and Signage	Power Side Step	no		已比對之 5 個 feature 之 037 全集皆無同一實體功能之對應	
SWE1-VC-PowerTailgate-023	Approach and Tailgate	Power Tailgate	no		已比對之 5 個 feature 之 037 全集皆無同一實體功能之對應	
SWE1-VC-PowerTailgate-024	Approach and Tailgate	Power Tailgate	no		已比對之 5 個 feature 之 037 全集皆無同一實體功能之對應	
SWE1-VC-PowerTailgate-025	Approach and Tailgate	Power Tailgate	no		已比對之 5 個 feature 之 037 全集皆無同一實體功能之對應	
SWE1-VC-PowerTailgate-026	Approach and Tailgate	Power Tailgate	no		已比對之 5 個 feature 之 037 全集皆無同一實體功能之對應	
SWE1-VC-PowerTailgate-027	Approach and Tailgate	Power Tailgate	no		已比對之 5 個 feature 之 037 全集皆無同一實體功能之對應	
SWE1-VC-PowerTailgate-028	Approach and Tailgate	Power Tailgate	no		已比對之 5 個 feature 之 037 全集皆無同一實體功能之對應	
SWE1-VC-PowerUnit-009	Measurement Units	Power Unit	no		已比對之 5 個 feature 之 037 全集皆無同一實體功能之對應	
SWE1-VC-PowerUnit-010	Measurement Units	Power Unit	no		已比對之 5 個 feature 之 037 全集皆無同一實體功能之對應	
SWE1-VC-PowerUnit-011	Measurement Units	Power Unit	no		已比對之 5 個 feature 之 037 全集皆無同一實體功能之對應	
SWE1-VC-PowerUnit-012	Measurement Units	Power Unit	no		已比對之 5 個 feature 之 037 全集皆無同一實體功能之對應	
SWE1-VC-PowerUnit-013	Measurement Units	Power Unit	no		已比對之 5 個 feature 之 037 全集皆無同一實體功能之對應	
SWE1-VC-PowerUnit-014	Measurement Units	Power Unit	no		已比對之 5 個 feature 之 037 全集皆無同一實體功能之對應	
SWE1-VC-PressureUnit-002	Measurement Units	Pressure Unit	no		已比對之 5 個 feature 之 037 全集皆無同一實體功能之對應	
SWE1-VC-PressureUnit-003	Measurement Units	Pressure Unit	no		已比對之 5 個 feature 之 037 全集皆無同一實體功能之對應	
SWE1-VC-PressureUnit-004	Measurement Units	Pressure Unit	no		已比對之 5 個 feature 之 037 全集皆無同一實體功能之對應	
SWE1-VC-PressureUnit-005	Measurement Units	Pressure Unit	no		已比對之 5 個 feature 之 037 全集皆無同一實體功能之對應	
SWE1-VC-PressureUnit-006	Measurement Units	Pressure Unit	no		已比對之 5 個 feature 之 037 全集皆無同一實體功能之對應	
SWE1-VC-PressureUnit-007	Measurement Units	Pressure Unit	no		已比對之 5 個 feature 之 037 全集皆無同一實體功能之對應	
SWE1-VC-RKELinkedtoMemory-090	Driver Convenience	RKE Linked to Memory	no		已比對之 5 個 feature 之 037 全集皆無同一實體功能之對應	
SWE1-VC-RKELinkedtoMemory-091	Driver Convenience	RKE Linked to Memory	no		已比對之 5 個 feature 之 037 全集皆無同一實體功能之對應	
SWE1-VC-RKELinkedtoMemory-092	Driver Convenience	RKE Linked to Memory	no		已比對之 5 個 feature 之 037 全集皆無同一實體功能之對應	
SWE1-VC-RKELinkedtoMemory-093	Driver Convenience	RKE Linked to Memory	no		已比對之 5 個 feature 之 037 全集皆無同一實體功能之對應	
SWE1-VC-RKELinkedtoMemory-094	Driver Convenience	RKE Linked to Memory	no		已比對之 5 個 feature 之 037 全集皆無同一實體功能之對應	
SWE1-VC-RainSensingWipers-054	Lane and Lighting	Rain Sensing Wipers	no		已比對之 5 個 feature 之 037 全集皆無同一實體功能之對應	
SWE1-VC-RainSensingWipers-055	Lane and Lighting	Rain Sensing Wipers	no		已比對之 5 個 feature 之 037 全集皆無同一實體功能之對應	
SWE1-VC-RainSensingWipers-056	Lane and Lighting	Rain Sensing Wipers	no		已比對之 5 個 feature 之 037 全集皆無同一實體功能之對應	
SWE1-VC-RainSensingWipers-057	Lane and Lighting	Rain Sensing Wipers	no		已比對之 5 個 feature 之 037 全集皆無同一實體功能之對應	
SWE1-VC-RainSensingWipers-058	Lane and Lighting	Rain Sensing Wipers	no		已比對之 5 個 feature 之 037 全集皆無同一實體功能之對應	
SWE1-VC-ReadytoDrivePopUp-026	Suspension and Comfort	Ready to Drive Pop-Up	no		已比對之 5 個 feature 之 037 全集皆無同一實體功能之對應	
SWE1-VC-ReadytoDrivePopUp-027	Suspension and Comfort	Ready to Drive Pop-Up	no		已比對之 5 個 feature 之 037 全集皆無同一實體功能之對應	
SWE1-VC-ReadytoDrivePopUp-028	Suspension and Comfort	Ready to Drive Pop-Up	no		已比對之 5 個 feature 之 037 全集皆無同一實體功能之對應	
SWE1-VC-ReadytoDrivePopUp-029	Suspension and Comfort	Ready to Drive Pop-Up	no		已比對之 5 個 feature 之 037 全集皆無同一實體功能之對應	
SWE1-VC-ReadytoDrivePopUp-030	Suspension and Comfort	Ready to Drive Pop-Up	no		已比對之 5 個 feature 之 037 全集皆無同一實體功能之對應	
SWE1-VC-RearGuidanceLightStatus-084	Auxiliary Switches	Rear Guidance Light Status	no		已比對之 5 個 feature 之 037 全集皆無同一實體功能之對應	
SWE1-VC-RearGuidanceLightStatus-085	Auxiliary Switches	Rear Guidance Light Status	no		已比對之 5 個 feature 之 037 全集皆無同一實體功能之對應	
SWE1-VC-RearGuidanceLightStatus-086	Auxiliary Switches	Rear Guidance Light Status	no		已比對之 5 個 feature 之 037 全集皆無同一實體功能之對應	
SWE1-VC-RearGuidanceLightStatus-087	Auxiliary Switches	Rear Guidance Light Status	no		已比對之 5 個 feature 之 037 全集皆無同一實體功能之對應	
SWE1-VC-RearGuidanceLightStatus-088	Auxiliary Switches	Rear Guidance Light Status	no		已比對之 5 個 feature 之 037 全集皆無同一實體功能之對應	
SWE1-VC-RearGuidanceLightingwithApproach-078	Auxiliary Switches	Rear Guidance Lighting with Approach	no		已比對之 5 個 feature 之 037 全集皆無同一實體功能之對應	
SWE1-VC-RearGuidanceLightingwithApproach-079	Auxiliary Switches	Rear Guidance Lighting with Approach	no		已比對之 5 個 feature 之 037 全集皆無同一實體功能之對應	
SWE1-VC-RearGuidanceLightingwithApproach-080	Auxiliary Switches	Rear Guidance Lighting with Approach	no		已比對之 5 個 feature 之 037 全集皆無同一實體功能之對應	
SWE1-VC-RearGuidanceLightingwithApproach-081	Auxiliary Switches	Rear Guidance Lighting with Approach	no		已比對之 5 個 feature 之 037 全集皆無同一實體功能之對應	
SWE1-VC-RearGuidanceLightingwithApproach-082	Auxiliary Switches	Rear Guidance Lighting with Approach	no		已比對之 5 個 feature 之 037 全集皆無同一實體功能之對應	
SWE1-VC-RearGuidanceLightswith\nCargoLights-014	Auxiliary Switches	Rear Guidance Lights with Cargo Lights	no		已比對之 5 個 feature 之 037 全集皆無同一實體功能之對應	
SWE1-VC-RearGuidanceLightswith\nCargoLights-015	Auxiliary Switches	Rear Guidance Lights with Cargo Lights	no		已比對之 5 個 feature 之 037 全集皆無同一實體功能之對應	
SWE1-VC-RearGuidanceLightswith\nCargoLights-016	Auxiliary Switches	Rear Guidance Lights with Cargo Lights	no		已比對之 5 個 feature 之 037 全集皆無同一實體功能之對應	
SWE1-VC-RearGuidanceLightswith\nCargoLights-017	Auxiliary Switches	Rear Guidance Lights with Cargo Lights	no		已比對之 5 個 feature 之 037 全集皆無同一實體功能之對應	
SWE1-VC-RearGuidanceLightswith\nCargoLights-018	Auxiliary Switches	Rear Guidance Lights with Cargo Lights	no		已比對之 5 個 feature 之 037 全集皆無同一實體功能之對應	
SWE1-VC-RearSeatReminder-053	Approach and Tailgate	Rear Seat Reminder	no		已比對之 5 個 feature 之 037 全集皆無同一實體功能之對應	
SWE1-VC-RearSeatReminder-054	Approach and Tailgate	Rear Seat Reminder	no		已比對之 5 個 feature 之 037 全集皆無同一實體功能之對應	
SWE1-VC-RearSeatReminder-055	Approach and Tailgate	Rear Seat Reminder	no		已比對之 5 個 feature 之 037 全集皆無同一實體功能之對應	
SWE1-VC-RearSeatReminder-056	Approach and Tailgate	Rear Seat Reminder	no		已比對之 5 個 feature 之 037 全集皆無同一實體功能之對應	
SWE1-VC-RearSeatReminder-057	Approach and Tailgate	Rear Seat Reminder	no		已比對之 5 個 feature 之 037 全集皆無同一實體功能之對應	
SWE1-VC-RearviewCameraDelay-109	Driver Convenience	Rearview Camera Delay	no		已比對之 5 個 feature 之 037 全集皆無同一實體功能之對應	
SWE1-VC-RearviewCameraDelay-110	Driver Convenience	Rearview Camera Delay	no		已比對之 5 個 feature 之 037 全集皆無同一實體功能之對應	
SWE1-VC-RearviewCameraDelay-111	Driver Convenience	Rearview Camera Delay	no		已比對之 5 個 feature 之 037 全集皆無同一實體功能之對應	
SWE1-VC-RearviewCameraDelay-112	Driver Convenience	Rearview Camera Delay	no		已比對之 5 個 feature 之 037 全集皆無同一實體功能之對應	
SWE1-VC-RearviewCameraDelay-113	Driver Convenience	Rearview Camera Delay	no		已比對之 5 個 feature 之 037 全集皆無同一實體功能之對應	
SWE1-VC-RearviewCameraDynamicGuidelines-115	Driver Convenience	Rearview Camera Dynamic Guidelines	no		已比對之 5 個 feature 之 037 全集皆無同一實體功能之對應	
SWE1-VC-RearviewCameraDynamicGuidelines-116	Driver Convenience	Rearview Camera Dynamic Guidelines	no		已比對之 5 個 feature 之 037 全集皆無同一實體功能之對應	
SWE1-VC-RearviewCameraDynamicGuidelines-117	Driver Convenience	Rearview Camera Dynamic Guidelines	no		已比對之 5 個 feature 之 037 全集皆無同一實體功能之對應	
SWE1-VC-RearviewCameraDynamicGuidelines-118	Driver Convenience	Rearview Camera Dynamic Guidelines	no		已比對之 5 個 feature 之 037 全集皆無同一實體功能之對應	
SWE1-VC-RearviewCameraDynamicGuidelines-119	Driver Convenience	Rearview Camera Dynamic Guidelines	no		已比對之 5 個 feature 之 037 全集皆無同一實體功能之對應	
SWE1-VC-RemoteDoorUnlock-015	Driver Convenience	Remote Door Unlock	no		已比對之 5 個 feature 之 037 全集皆無同一實體功能之對應	
SWE1-VC-RemoteDoorUnlock-016	Driver Convenience	Remote Door Unlock	no		已比對之 5 個 feature 之 037 全集皆無同一實體功能之對應	
SWE1-VC-RemoteDoorUnlock-017	Driver Convenience	Remote Door Unlock	no		已比對之 5 個 feature 之 037 全集皆無同一實體功能之對應	
SWE1-VC-RemoteDoorUnlock-018	Driver Convenience	Remote Door Unlock	no		已比對之 5 個 feature 之 037 全集皆無同一實體功能之對應	
SWE1-VC-RemoteDoorUnlock-019	Driver Convenience	Remote Door Unlock	no		已比對之 5 個 feature 之 037 全集皆無同一實體功能之對應	
SWE1-VC-SWITCH1HoldLastState-054	Auxiliary Switches	SWITCH 1 Hold Last State	no		已比對之 5 個 feature 之 037 全集皆無同一實體功能之對應	
SWE1-VC-SWITCH1HoldLastState-055	Auxiliary Switches	SWITCH 1 Hold Last State	no		已比對之 5 個 feature 之 037 全集皆無同一實體功能之對應	
SWE1-VC-SWITCH1HoldLastState-056	Auxiliary Switches	SWITCH 1 Hold Last State	no		已比對之 5 個 feature 之 037 全集皆無同一實體功能之對應	
SWE1-VC-SWITCH1HoldLastState-018	Auxiliary Switches	SWITCH 1 Hold Last State	no		已比對之 5 個 feature 之 037 全集皆無同一實體功能之對應	
SWE1-VC-SWITCH1HoldLastState-019	Auxiliary Switches	SWITCH 1 Hold Last State	no		已比對之 5 個 feature 之 037 全集皆無同一實體功能之對應	
SWE1-VC-SWITCH1HoldLastState-020	Auxiliary Switches	SWITCH 1 Hold Last State	no		已比對之 5 個 feature 之 037 全集皆無同一實體功能之對應	
SWE1-VC-SWITCH1PowerMode-005	Auxiliary Switches	SWITCH 1 Power Mode	no		已比對之 5 個 feature 之 037 全集皆無同一實體功能之對應	
SWE1-VC-SWITCH1PowerMode-006	Auxiliary Switches	SWITCH 1 Power Mode	no		已比對之 5 個 feature 之 037 全集皆無同一實體功能之對應	
SWE1-VC-SWITCH1PowerMode-007	Auxiliary Switches	SWITCH 1 Power Mode	no		已比對之 5 個 feature 之 037 全集皆無同一實體功能之對應	
SWE1-VC-SWITCH1PowerMode-030	Auxiliary Switches	SWITCH 1 Power Mode	no		已比對之 5 個 feature 之 037 全集皆無同一實體功能之對應	
SWE1-VC-SWITCH1PowerMode-031	Auxiliary Switches	SWITCH 1 Power Mode	no		已比對之 5 個 feature 之 037 全集皆無同一實體功能之對應	
SWE1-VC-SWITCH1PowerMode-032	Auxiliary Switches	SWITCH 1 Power Mode	no		已比對之 5 個 feature 之 037 全集皆無同一實體功能之對應	
SWE1-VC-SWITCH1Type-029	Auxiliary Switches	SWITCH 1 Type	no		已比對之 5 個 feature 之 037 全集皆無同一實體功能之對應	
SWE1-VC-SWITCH1Type-030	Auxiliary Switches	SWITCH 1 Type	no		已比對之 5 個 feature 之 037 全集皆無同一實體功能之對應	
SWE1-VC-SWITCH1Type-031	Auxiliary Switches	SWITCH 1 Type	no		已比對之 5 個 feature 之 037 全集皆無同一實體功能之對應	
SWE1-VC-SWITCH1Type-002	Auxiliary Switches	SWITCH 1 Type	no		已比對之 5 個 feature 之 037 全集皆無同一實體功能之對應	
SWE1-VC-SWITCH1Type-003	Auxiliary Switches	SWITCH 1 Type	no		已比對之 5 個 feature 之 037 全集皆無同一實體功能之對應	
SWE1-VC-SWITCH1Type-004	Auxiliary Switches	SWITCH 1 Type	no		已比對之 5 個 feature 之 037 全集皆無同一實體功能之對應	
SWE1-VC-SWITCH2HoldLastState-059	Auxiliary Switches	SWITCH 2 Hold Last State	no		已比對之 5 個 feature 之 037 全集皆無同一實體功能之對應	
SWE1-VC-SWITCH2HoldLastState-060	Auxiliary Switches	SWITCH 2 Hold Last State	no		已比對之 5 個 feature 之 037 全集皆無同一實體功能之對應	
SWE1-VC-SWITCH2HoldLastState-058	Auxiliary Switches	SWITCH 2 Hold Last State	no		已比對之 5 個 feature 之 037 全集皆無同一實體功能之對應	
SWE1-VC-SWITCH2HoldLastState-022	Auxiliary Switches	SWITCH 2 Hold Last State	no		已比對之 5 個 feature 之 037 全集皆無同一實體功能之對應	
SWE1-VC-SWITCH2HoldLastState-023	Auxiliary Switches	SWITCH 2 Hold Last State	no		已比對之 5 個 feature 之 037 全集皆無同一實體功能之對應	
SWE1-VC-SWITCH2HoldLastState-024	Auxiliary Switches	SWITCH 2 Hold Last State	no		已比對之 5 個 feature 之 037 全集皆無同一實體功能之對應	
SWE1-VC-SWITCH2PowerMode-009	Auxiliary Switches	SWITCH 2 Power Mode	no		已比對之 5 個 feature 之 037 全集皆無同一實體功能之對應	
SWE1-VC-SWITCH2PowerMode-010	Auxiliary Switches	SWITCH 2 Power Mode	no		已比對之 5 個 feature 之 037 全集皆無同一實體功能之對應	
SWE1-VC-SWITCH2PowerMode-011	Auxiliary Switches	SWITCH 2 Power Mode	no		已比對之 5 個 feature 之 037 全集皆無同一實體功能之對應	
SWE1-VC-SWITCH2PowerMode-034	Auxiliary Switches	SWITCH 2 Power Mode	no		已比對之 5 個 feature 之 037 全集皆無同一實體功能之對應	
SWE1-VC-SWITCH2PowerMode-035	Auxiliary Switches	SWITCH 2 Power Mode	no		已比對之 5 個 feature 之 037 全集皆無同一實體功能之對應	
SWE1-VC-SWITCH2PowerMode-036	Auxiliary Switches	SWITCH 2 Power Mode	no		已比對之 5 個 feature 之 037 全集皆無同一實體功能之對應	
SWE1-VC-SWITCH2Type-033	Auxiliary Switches	SWITCH 2 Type	no		已比對之 5 個 feature 之 037 全集皆無同一實體功能之對應	
SWE1-VC-SWITCH2Type-034	Auxiliary Switches	SWITCH 2 Type	no		已比對之 5 個 feature 之 037 全集皆無同一實體功能之對應	
SWE1-VC-SWITCH2Type-035	Auxiliary Switches	SWITCH 2 Type	no		已比對之 5 個 feature 之 037 全集皆無同一實體功能之對應	
SWE1-VC-SWITCH2Type-006	Auxiliary Switches	SWITCH 2 Type	no		已比對之 5 個 feature 之 037 全集皆無同一實體功能之對應	
SWE1-VC-SWITCH2Type-007	Auxiliary Switches	SWITCH 2 Type	no		已比對之 5 個 feature 之 037 全集皆無同一實體功能之對應	
SWE1-VC-SWITCH2Type-008	Auxiliary Switches	SWITCH 2 Type	no		已比對之 5 個 feature 之 037 全集皆無同一實體功能之對應	
SWE1-VC-SWITCH3HoldLastState-062	Auxiliary Switches	SWITCH 3 Hold Last State	no		已比對之 5 個 feature 之 037 全集皆無同一實體功能之對應	
SWE1-VC-SWITCH3HoldLastState-064	Auxiliary Switches	SWITCH 3 Hold Last State	no		已比對之 5 個 feature 之 037 全集皆無同一實體功能之對應	
SWE1-VC-SWITCH3HoldLastState-063	Auxiliary Switches	SWITCH 3 Hold Last State	no		已比對之 5 個 feature 之 037 全集皆無同一實體功能之對應	
SWE1-VC-SWITCH3HoldLastState-026	Auxiliary Switches	SWITCH 3 Hold Last State	no		已比對之 5 個 feature 之 037 全集皆無同一實體功能之對應	
SWE1-VC-SWITCH3HoldLastState-027	Auxiliary Switches	SWITCH 3 Hold Last State	no		已比對之 5 個 feature 之 037 全集皆無同一實體功能之對應	
SWE1-VC-SWITCH3HoldLastState-028	Auxiliary Switches	SWITCH 3 Hold Last State	no		已比對之 5 個 feature 之 037 全集皆無同一實體功能之對應	
SWE1-VC-SWITCH3PowerMode-013	Auxiliary Switches	SWITCH 3 Power Mode	no		已比對之 5 個 feature 之 037 全集皆無同一實體功能之對應	
SWE1-VC-SWITCH3PowerMode-015	Auxiliary Switches	SWITCH 3 Power Mode	no		已比對之 5 個 feature 之 037 全集皆無同一實體功能之對應	
SWE1-VC-SWITCH3PowerMode-014	Auxiliary Switches	SWITCH 3 Power Mode	no		已比對之 5 個 feature 之 037 全集皆無同一實體功能之對應	
SWE1-VC-SWITCH3PowerMode-038	Auxiliary Switches	SWITCH 3 Power Mode	no		已比對之 5 個 feature 之 037 全集皆無同一實體功能之對應	
SWE1-VC-SWITCH3PowerMode-039	Auxiliary Switches	SWITCH 3 Power Mode	no		已比對之 5 個 feature 之 037 全集皆無同一實體功能之對應	
SWE1-VC-SWITCH3PowerMode-040	Auxiliary Switches	SWITCH 3 Power Mode	no		已比對之 5 個 feature 之 037 全集皆無同一實體功能之對應	
SWE1-VC-SWITCH3Type-037	Auxiliary Switches	SWITCH 3 Type	no		已比對之 5 個 feature 之 037 全集皆無同一實體功能之對應	
SWE1-VC-SWITCH3Type-038	Auxiliary Switches	SWITCH 3 Type	no		已比對之 5 個 feature 之 037 全集皆無同一實體功能之對應	
SWE1-VC-SWITCH3Type-039	Auxiliary Switches	SWITCH 3 Type	no		已比對之 5 個 feature 之 037 全集皆無同一實體功能之對應	
SWE1-VC-SWITCH3Type-010	Auxiliary Switches	SWITCH 3 Type	no		已比對之 5 個 feature 之 037 全集皆無同一實體功能之對應	
SWE1-VC-SWITCH3Type-011	Auxiliary Switches	SWITCH 3 Type	no		已比對之 5 個 feature 之 037 全集皆無同一實體功能之對應	
SWE1-VC-SWITCH3Type-012	Auxiliary Switches	SWITCH 3 Type	no		已比對之 5 個 feature 之 037 全集皆無同一實體功能之對應	
SWE1-VC-SWITCH4HoldLastState-066	Auxiliary Switches	SWITCH 4 Hold Last State	no		已比對之 5 個 feature 之 037 全集皆無同一實體功能之對應	
SWE1-VC-SWITCH4HoldLastState-067	Auxiliary Switches	SWITCH 4 Hold Last State	no		已比對之 5 個 feature 之 037 全集皆無同一實體功能之對應	
SWE1-VC-SWITCH4HoldLastState-068	Auxiliary Switches	SWITCH 4 Hold Last State	no		已比對之 5 個 feature 之 037 全集皆無同一實體功能之對應	
SWE1-VC-SWITCH4HoldLastState-030	Auxiliary Switches	SWITCH 4 Hold Last State	no		已比對之 5 個 feature 之 037 全集皆無同一實體功能之對應	
SWE1-VC-SWITCH4HoldLastState-031	Auxiliary Switches	SWITCH 4 Hold Last State	no		已比對之 5 個 feature 之 037 全集皆無同一實體功能之對應	
SWE1-VC-SWITCH4HoldLastState-032	Auxiliary Switches	SWITCH 4 Hold Last State	no		已比對之 5 個 feature 之 037 全集皆無同一實體功能之對應	
SWE1-VC-SWITCH4PowerMode-017	Auxiliary Switches	SWITCH 4 Power Mode	no		已比對之 5 個 feature 之 037 全集皆無同一實體功能之對應	
SWE1-VC-SWITCH4PowerMode-018	Auxiliary Switches	SWITCH 4 Power Mode	no		已比對之 5 個 feature 之 037 全集皆無同一實體功能之對應	
SWE1-VC-SWITCH4PowerMode-019	Auxiliary Switches	SWITCH 4 Power Mode	no		已比對之 5 個 feature 之 037 全集皆無同一實體功能之對應	
SWE1-VC-SWITCH4PowerMode-042	Auxiliary Switches	SWITCH 4 Power Mode	no		已比對之 5 個 feature 之 037 全集皆無同一實體功能之對應	
SWE1-VC-SWITCH4PowerMode-043	Auxiliary Switches	SWITCH 4 Power Mode	no		已比對之 5 個 feature 之 037 全集皆無同一實體功能之對應	
SWE1-VC-SWITCH4PowerMode-044	Auxiliary Switches	SWITCH 4 Power Mode	no		已比對之 5 個 feature 之 037 全集皆無同一實體功能之對應	
SWE1-VC-SWITCH4Type-041	Auxiliary Switches	SWITCH 4 Type	no		已比對之 5 個 feature 之 037 全集皆無同一實體功能之對應	
SWE1-VC-SWITCH4Type-042	Auxiliary Switches	SWITCH 4 Type	no		已比對之 5 個 feature 之 037 全集皆無同一實體功能之對應	
SWE1-VC-SWITCH4Type-043	Auxiliary Switches	SWITCH 4 Type	no		已比對之 5 個 feature 之 037 全集皆無同一實體功能之對應	
SWE1-VC-SWITCH4Type-014	Auxiliary Switches	SWITCH 4 Type	no		已比對之 5 個 feature 之 037 全集皆無同一實體功能之對應	
SWE1-VC-SWITCH4Type-015	Auxiliary Switches	SWITCH 4 Type	no		已比對之 5 個 feature 之 037 全集皆無同一實體功能之對應	
SWE1-VC-SWITCH4Type-016	Auxiliary Switches	SWITCH 4 Type	no		已比對之 5 個 feature 之 037 全集皆無同一實體功能之對應	
SWE1-VC-SWITCH5HoldLastState-070	Auxiliary Switches	SWITCH 5 Hold Last State	no		已比對之 5 個 feature 之 037 全集皆無同一實體功能之對應	
SWE1-VC-SWITCH5HoldLastState-071	Auxiliary Switches	SWITCH 5 Hold Last State	no		已比對之 5 個 feature 之 037 全集皆無同一實體功能之對應	
SWE1-VC-SWITCH5HoldLastState-072	Auxiliary Switches	SWITCH 5 Hold Last State	no		已比對之 5 個 feature 之 037 全集皆無同一實體功能之對應	
SWE1-VC-SWITCH5PowerMode-021	Auxiliary Switches	SWITCH 5 Power Mode	no		已比對之 5 個 feature 之 037 全集皆無同一實體功能之對應	
SWE1-VC-SWITCH5PowerMode-022	Auxiliary Switches	SWITCH 5 Power Mode	no		已比對之 5 個 feature 之 037 全集皆無同一實體功能之對應	
SWE1-VC-SWITCH5PowerMode-023	Auxiliary Switches	SWITCH 5 Power Mode	no		已比對之 5 個 feature 之 037 全集皆無同一實體功能之對應	
SWE1-VC-SWITCH5Type-046	Auxiliary Switches	SWITCH 5 Type	no		已比對之 5 個 feature 之 037 全集皆無同一實體功能之對應	
SWE1-VC-SWITCH5Type-047	Auxiliary Switches	SWITCH 5 Type	no		已比對之 5 個 feature 之 037 全集皆無同一實體功能之對應	
SWE1-VC-SWITCH5Type-045	Auxiliary Switches	SWITCH 5 Type	no		已比對之 5 個 feature 之 037 全集皆無同一實體功能之對應	
SWE1-VC-SWITCH6HoldLastState-074	Auxiliary Switches	SWITCH 6 Hold Last State	no		已比對之 5 個 feature 之 037 全集皆無同一實體功能之對應	
SWE1-VC-SWITCH6HoldLastState-075	Auxiliary Switches	SWITCH 6 Hold Last State	no		已比對之 5 個 feature 之 037 全集皆無同一實體功能之對應	
SWE1-VC-SWITCH6HoldLastState-076	Auxiliary Switches	SWITCH 6 Hold Last State	no		已比對之 5 個 feature 之 037 全集皆無同一實體功能之對應	
SWE1-VC-SWITCH6PowerMode-025	Auxiliary Switches	SWITCH 6 Power Mode	no		已比對之 5 個 feature 之 037 全集皆無同一實體功能之對應	
SWE1-VC-SWITCH6PowerMode-027	Auxiliary Switches	SWITCH 6 Power Mode	no		已比對之 5 個 feature 之 037 全集皆無同一實體功能之對應	
SWE1-VC-SWITCH6PowerMode-026	Auxiliary Switches	SWITCH 6 Power Mode	no		已比對之 5 個 feature 之 037 全集皆無同一實體功能之對應	
SWE1-VC-SWITCH6Type-049	Auxiliary Switches	SWITCH 6 Type	no		已比對之 5 個 feature 之 037 全集皆無同一實體功能之對應	
SWE1-VC-SWITCH6Type-050	Auxiliary Switches	SWITCH 6 Type	no		已比對之 5 個 feature 之 037 全集皆無同一實體功能之對應	
SWE1-VC-SWITCH6Type-051	Auxiliary Switches	SWITCH 6 Type	no		已比對之 5 個 feature 之 037 全集皆無同一實體功能之對應	
SWE1-VC-SignatureLighting-021	Lane and Lighting	Signature Lighting	no		已比對之 5 個 feature 之 037 全集皆無同一實體功能之對應	
SWE1-VC-SignatureLighting-022	Lane and Lighting	Signature Lighting	no		已比對之 5 個 feature 之 037 全集皆無同一實體功能之對應	
SWE1-VC-SignatureLighting-023	Lane and Lighting	Signature Lighting	no		已比對之 5 個 feature 之 037 全集皆無同一實體功能之對應	
SWE1-VC-SignatureLighting-024	Lane and Lighting	Signature Lighting	no		已比對之 5 個 feature 之 037 全集皆無同一實體功能之對應	
SWE1-VC-SignatureLighting-025	Lane and Lighting	Signature Lighting	no		已比對之 5 個 feature 之 037 全集皆無同一實體功能之對應	
SWE1-VC-SpeedUnit-026	Units and Cameras	Speed Unit	no		已比對之 5 個 feature 之 037 全集皆無同一實體功能之對應	
SWE1-VC-SpeedUnit-027	Units and Cameras	Speed Unit	no		已比對之 5 個 feature 之 037 全集皆無同一實體功能之對應	
SWE1-VC-SpeedUnit-028	Units and Cameras	Speed Unit	no		已比對之 5 個 feature 之 037 全集皆無同一實體功能之對應	
SWE1-VC-SpeedUnit-029	Units and Cameras	Speed Unit	no		已比對之 5 個 feature 之 037 全集皆無同一實體功能之對應	
SWE1-VC-SurroundViewCameraDelay-053	Units and Cameras	Surround View Camera Delay	no		已比對之 5 個 feature 之 037 全集皆無同一實體功能之對應	
SWE1-VC-SurroundViewCameraDelay-054	Units and Cameras	Surround View Camera Delay	no		已比對之 5 個 feature 之 037 全集皆無同一實體功能之對應	
SWE1-VC-SurroundViewCameraDelay-055	Units and Cameras	Surround View Camera Delay	no		已比對之 5 個 feature 之 037 全集皆無同一實體功能之對應	
SWE1-VC-SurroundViewCameraDelay-056	Units and Cameras	Surround View Camera Delay	no		已比對之 5 個 feature 之 037 全集皆無同一實體功能之對應	
SWE1-VC-SurroundViewCameraDelay-057	Units and Cameras	Surround View Camera Delay	no		已比對之 5 個 feature 之 037 全集皆無同一實體功能之對應	
SWE1-VC-SurroundViewCameraGuidelines-059	Units and Cameras	Surround View Camera Guidelines	no		已比對之 5 個 feature 之 037 全集皆無同一實體功能之對應	
SWE1-VC-SurroundViewCameraGuidelines-060	Units and Cameras	Surround View Camera Guidelines	no		已比對之 5 個 feature 之 037 全集皆無同一實體功能之對應	
SWE1-VC-SurroundViewCameraGuidelines-061	Units and Cameras	Surround View Camera Guidelines	no		已比對之 5 個 feature 之 037 全集皆無同一實體功能之對應	
SWE1-VC-SurroundViewCameraGuidelines-062	Units and Cameras	Surround View Camera Guidelines	no		已比對之 5 個 feature 之 037 全集皆無同一實體功能之對應	
SWE1-VC-SurroundViewCameraGuidelines-063	Units and Cameras	Surround View Camera Guidelines	no		已比對之 5 個 feature 之 037 全集皆無同一實體功能之對應	
SWE1-VC-SuspensionAutoEntryorExit-090	Suspension and Comfort	Suspension Auto Entry or Exit	no		已比對之 5 個 feature 之 037 全集皆無同一實體功能之對應	
SWE1-VC-SuspensionAutoEntryorExit-091	Suspension and Comfort	Suspension Auto Entry or Exit	no		已比對之 5 個 feature 之 037 全集皆無同一實體功能之對應	
SWE1-VC-SuspensionAutoEntryorExit-092	Suspension and Comfort	Suspension Auto Entry or Exit	no		已比對之 5 個 feature 之 037 全集皆無同一實體功能之對應	
SWE1-VC-SuspensionAutoEntryorExit-093	Suspension and Comfort	Suspension Auto Entry or Exit	no		已比對之 5 個 feature 之 037 全集皆無同一實體功能之對應	
SWE1-VC-SuspensionAutoEntryorExit-094	Suspension and Comfort	Suspension Auto Entry or Exit	no		已比對之 5 個 feature 之 037 全集皆無同一實體功能之對應	
SWE1-VC-SuspensionAutoEntryorExit-095	Suspension and Comfort	Suspension Auto Entry or Exit	no		已比對之 5 個 feature 之 037 全集皆無同一實體功能之對應	
SWE1-VC-SuspensionDefaultRideHeight-020	Suspension and Comfort	Suspension Default Ride Height	no		已比對之 5 個 feature 之 037 全集皆無同一實體功能之對應	
SWE1-VC-SuspensionDefaultRideHeight-021	Suspension and Comfort	Suspension Default Ride Height	no		已比對之 5 個 feature 之 037 全集皆無同一實體功能之對應	
SWE1-VC-SuspensionDefaultRideHeight-022	Suspension and Comfort	Suspension Default Ride Height	no		已比對之 5 個 feature 之 037 全集皆無同一實體功能之對應	
SWE1-VC-SuspensionDefaultRideHeight-023	Suspension and Comfort	Suspension Default Ride Height	no		已比對之 5 個 feature 之 037 全集皆無同一實體功能之對應	
SWE1-VC-SuspensionDefaultRideHeight-024	Suspension and Comfort	Suspension Default Ride Height	no		已比對之 5 個 feature 之 037 全集皆無同一實體功能之對應	
SWE1-VC-SuspensionDefaultRideHeight-025	Suspension and Comfort	Suspension Default Ride Height	no		已比對之 5 個 feature 之 037 全集皆無同一實體功能之對應	
SWE1-VC-SuspensionDisplayMessages-008	Suspension and Comfort	Suspension Display Messages	no		已比對之 5 個 feature 之 037 全集皆無同一實體功能之對應	
SWE1-VC-SuspensionDisplayMessages-009	Suspension and Comfort	Suspension Display Messages	no		已比對之 5 個 feature 之 037 全集皆無同一實體功能之對應	
SWE1-VC-SuspensionDisplayMessages-010	Suspension and Comfort	Suspension Display Messages	no		已比對之 5 個 feature 之 037 全集皆無同一實體功能之對應	
SWE1-VC-SuspensionDisplayMessages-011	Suspension and Comfort	Suspension Display Messages	no		已比對之 5 個 feature 之 037 全集皆無同一實體功能之對應	
SWE1-VC-SuspensionDisplayMessages-012	Suspension and Comfort	Suspension Display Messages	no		已比對之 5 個 feature 之 037 全集皆無同一實體功能之對應	
SWE1-VC-SuspensionFlashLightsWithLower-002	Suspension and Comfort	Suspension Flash Lights With Lower	no		已比對之 5 個 feature 之 037 全集皆無同一實體功能之對應	
SWE1-VC-SuspensionFlashLightsWithLower-003	Suspension and Comfort	Suspension Flash Lights With Lower	no		已比對之 5 個 feature 之 037 全集皆無同一實體功能之對應	
SWE1-VC-SuspensionFlashLightsWithLower-004	Suspension and Comfort	Suspension Flash Lights With Lower	no		已比對之 5 個 feature 之 037 全集皆無同一實體功能之對應	
SWE1-VC-SuspensionFlashLightsWithLower-005	Suspension and Comfort	Suspension Flash Lights With Lower	no		已比對之 5 個 feature 之 037 全集皆無同一實體功能之對應	
SWE1-VC-SuspensionFlashLightsWithLower-006	Suspension and Comfort	Suspension Flash Lights With Lower	no		已比對之 5 個 feature 之 037 全集皆無同一實體功能之對應	
SWE1-VC-SuspensionServiceMode-002	Suspension and Comfort	Suspension Service Mode	no		已比對之 5 個 feature 之 037 全集皆無同一實體功能之對應	
SWE1-VC-SuspensionServiceMode-003	Suspension and Comfort	Suspension Service Mode	no		已比對之 5 個 feature 之 037 全集皆無同一實體功能之對應	
SWE1-VC-SuspensionServiceMode-004	Suspension and Comfort	Suspension Service Mode	no		已比對之 5 個 feature 之 037 全集皆無同一實體功能之對應	
SWE1-VC-SuspensionServiceMode-005	Suspension and Comfort	Suspension Service Mode	no		已比對之 5 個 feature 之 037 全集皆無同一實體功能之對應	
SWE1-VC-SuspensionServiceMode-006	Suspension and Comfort	Suspension Service Mode	no		已比對之 5 個 feature 之 037 全集皆無同一實體功能之對應	
SWE1-VC-SuspensionSoundHornWithLower-008	Suspension and Comfort	Suspension Sound Horn With Lower	no		已比對之 5 個 feature 之 037 全集皆無同一實體功能之對應	
SWE1-VC-SuspensionSoundHornWithLower-009	Suspension and Comfort	Suspension Sound Horn With Lower	no		已比對之 5 個 feature 之 037 全集皆無同一實體功能之對應	
SWE1-VC-SuspensionSoundHornWithLower-010	Suspension and Comfort	Suspension Sound Horn With Lower	no		已比對之 5 個 feature 之 037 全集皆無同一實體功能之對應	
SWE1-VC-SuspensionSoundHornWithLower-011	Suspension and Comfort	Suspension Sound Horn With Lower	no		已比對之 5 個 feature 之 037 全集皆無同一實體功能之對應	
SWE1-VC-SuspensionSoundHornWithLower-012	Suspension and Comfort	Suspension Sound Horn With Lower	no		已比對之 5 個 feature 之 037 全集皆無同一實體功能之對應	
SWE1-VC-TemperatureUnit-046	Units and Cameras	Temperature Unit	no		已比對之 5 個 feature 之 037 全集皆無同一實體功能之對應	
SWE1-VC-TemperatureUnit-047	Units and Cameras	Temperature Unit	no		已比對之 5 個 feature 之 037 全集皆無同一實體功能之對應	
SWE1-VC-TemperatureUnit-048	Units and Cameras	Temperature Unit	no		已比對之 5 個 feature 之 037 全集皆無同一實體功能之對應	
SWE1-VC-TemperatureUnit-049	Units and Cameras	Temperature Unit	no		已比對之 5 個 feature 之 037 全集皆無同一實體功能之對應	
SWE1-VC-TemperatureUnit-050	Units and Cameras	Temperature Unit	no		已比對之 5 個 feature 之 037 全集皆無同一實體功能之對應	
SWE1-VC-TiltMirrorinReverse-014	Suspension and Comfort	Tilt Mirror in Reverse	no		已比對之 5 個 feature 之 037 全集皆無同一實體功能之對應	
SWE1-VC-TiltMirrorinReverse-015	Suspension and Comfort	Tilt Mirror in Reverse	no		已比對之 5 個 feature 之 037 全集皆無同一實體功能之對應	
SWE1-VC-TiltMirrorinReverse-016	Suspension and Comfort	Tilt Mirror in Reverse	no		已比對之 5 個 feature 之 037 全集皆無同一實體功能之對應	
SWE1-VC-TiltMirrorinReverse-017	Suspension and Comfort	Tilt Mirror in Reverse	no		已比對之 5 個 feature 之 037 全集皆無同一實體功能之對應	
SWE1-VC-TiltMirrorinReverse-018	Suspension and Comfort	Tilt Mirror in Reverse	no		已比對之 5 個 feature 之 037 全集皆無同一實體功能之對應	
SWE1-VC-TimeandDateSettings-002	Units and Cameras	Time and Date Settings	no		已比對之 5 個 feature 之 037 全集皆無同一實體功能之對應	
SWE1-VC-TimeandDateSettings-003	Units and Cameras	Time and Date Settings	no		已比對之 5 個 feature 之 037 全集皆無同一實體功能之對應	
SWE1-VC-TimeandDateSettings-004	Units and Cameras	Time and Date Settings	no		已比對之 5 個 feature 之 037 全集皆無同一實體功能之對應	
SWE1-VC-TimeandDateSettings-005	Units and Cameras	Time and Date Settings	no		已比對之 5 個 feature 之 037 全集皆無同一實體功能之對應	
SWE1-VC-TimeandDateSettings-006	Units and Cameras	Time and Date Settings	no		已比對之 5 個 feature 之 037 全集皆無同一實體功能之對應	
SWE1-VC-TimeandDateSettings-007	Units and Cameras	Time and Date Settings	no		已比對之 5 個 feature 之 037 全集皆無同一實體功能之對應	
SWE1-VC-TimeandDateSettings-008	Units and Cameras	Time and Date Settings	no		已比對之 5 個 feature 之 037 全集皆無同一實體功能之對應	
SWE1-VC-TireFillAlert-020	Suspension and Comfort	Tire Fill Alert	no		已比對之 5 個 feature 之 037 全集皆無同一實體功能之對應	
SWE1-VC-TireFillAlert-021	Suspension and Comfort	Tire Fill Alert	no		已比對之 5 個 feature 之 037 全集皆無同一實體功能之對應	
SWE1-VC-TireFillAlert-022	Suspension and Comfort	Tire Fill Alert	no		已比對之 5 個 feature 之 037 全集皆無同一實體功能之對應	
SWE1-VC-TireFillAlert-023	Suspension and Comfort	Tire Fill Alert	no		已比對之 5 個 feature 之 037 全集皆無同一實體功能之對應	
SWE1-VC-TireFillAlert-024	Suspension and Comfort	Tire Fill Alert	no		已比對之 5 個 feature 之 037 全集皆無同一實體功能之對應	
SWE1-VC-TorqueUnit-016	Measurement Units	Torque Unit	no		已比對之 5 個 feature 之 037 全集皆無同一實體功能之對應	
SWE1-VC-TorqueUnit-017	Measurement Units	Torque Unit	no		已比對之 5 個 feature 之 037 全集皆無同一實體功能之對應	
SWE1-VC-TorqueUnit-018	Measurement Units	Torque Unit	no		已比對之 5 個 feature 之 037 全集皆無同一實體功能之對應	
SWE1-VC-TorqueUnit-019	Measurement Units	Torque Unit	no		已比對之 5 個 feature 之 037 全集皆無同一實體功能之對應	
SWE1-VC-TorqueUnit-020	Measurement Units	Torque Unit	no		已比對之 5 個 feature 之 037 全集皆無同一實體功能之對應	
SWE1-VC-TrafficSignAssistOffset - NAFTASetting-057	Trailer and Signage	Traffic Sign Assist Offset - NAFTA Setting	no		已比對之 5 個 feature 之 037 全集皆無同一實體功能之對應	
SWE1-VC-TrafficSignAssistOffset - NAFTASetting-058	Trailer and Signage	Traffic Sign Assist Offset - NAFTA Setting	no		已比對之 5 個 feature 之 037 全集皆無同一實體功能之對應	
SWE1-VC-TrafficSignAssistOffset - NAFTASetting-059	Trailer and Signage	Traffic Sign Assist Offset - NAFTA Setting	no		已比對之 5 個 feature 之 037 全集皆無同一實體功能之對應	
SWE1-VC-TrafficSignAssistOffset - NAFTASetting-060	Trailer and Signage	Traffic Sign Assist Offset - NAFTA Setting	no		已比對之 5 個 feature 之 037 全集皆無同一實體功能之對應	
SWE1-VC-TrafficSignAssistOffset - NAFTASetting-061	Trailer and Signage	Traffic Sign Assist Offset - NAFTA Setting	no		已比對之 5 個 feature 之 037 全集皆無同一實體功能之對應	
SWE1-VC-TrafficSignAssistOffset - NAFTASetting-062	Trailer and Signage	Traffic Sign Assist Offset - NAFTA Setting	no		已比對之 5 個 feature 之 037 全集皆無同一實體功能之對應	
SWE1-VC-TrafficSignAssistOffset - NAFTASetting-063	Trailer and Signage	Traffic Sign Assist Offset - NAFTA Setting	no		已比對之 5 個 feature 之 037 全集皆無同一實體功能之對應	
SWE1-VC-TrafficSignAssistOffset - NAFTASetting-064	Trailer and Signage	Traffic Sign Assist Offset - NAFTA Setting	no		已比對之 5 個 feature 之 037 全集皆無同一實體功能之對應	
SWE1-VC-TrafficSignAssistOffset - NAFTASetting-065	Trailer and Signage	Traffic Sign Assist Offset - NAFTA Setting	no		已比對之 5 個 feature 之 037 全集皆無同一實體功能之對應	
SWE1-VC-TrafficSignAssistOffset - NAFTASetting-066	Trailer and Signage	Traffic Sign Assist Offset - NAFTA Setting	no		已比對之 5 個 feature 之 037 全集皆無同一實體功能之對應	
SWE1-VC-TrafficSignAssistOffset - NAFTASetting-067	Trailer and Signage	Traffic Sign Assist Offset - NAFTA Setting	no		已比對之 5 個 feature 之 037 全集皆無同一實體功能之對應	
SWE1-VC-TrafficSignAssistOffset - NAFTASetting-068	Trailer and Signage	Traffic Sign Assist Offset - NAFTA Setting	no		已比對之 5 個 feature 之 037 全集皆無同一實體功能之對應	
SWE1-VC-TrafficSignAssistOffset - NAFTASetting-069	Trailer and Signage	Traffic Sign Assist Offset - NAFTA Setting	no		已比對之 5 個 feature 之 037 全集皆無同一實體功能之對應	
SWE1-VC-TrafficSignAssistOffset - NAFTASetting-070	Trailer and Signage	Traffic Sign Assist Offset - NAFTA Setting	no		已比對之 5 個 feature 之 037 全集皆無同一實體功能之對應	
SWE1-VC-TrafficSignAssistOffset - NAFTASetting-071	Trailer and Signage	Traffic Sign Assist Offset - NAFTA Setting	no		已比對之 5 個 feature 之 037 全集皆無同一實體功能之對應	
SWE1-VC-TrafficSignAssistOffset - NAFTASetting-072	Trailer and Signage	Traffic Sign Assist Offset - NAFTA Setting	no		已比對之 5 個 feature 之 037 全集皆無同一實體功能之對應	
SWE1-VC-TrafficSignAssistOffset - NAFTASetting-073	Trailer and Signage	Traffic Sign Assist Offset - NAFTA Setting	no		已比對之 5 個 feature 之 037 全集皆無同一實體功能之對應	
SWE1-VC-TrafficSignAssistOffset - NAFTASetting-074	Trailer and Signage	Traffic Sign Assist Offset - NAFTA Setting	no		已比對之 5 個 feature 之 037 全集皆無同一實體功能之對應	
SWE1-VC-TrafficSignAssistOffset - NAFTASetting-075	Trailer and Signage	Traffic Sign Assist Offset - NAFTA Setting	no		已比對之 5 個 feature 之 037 全集皆無同一實體功能之對應	
SWE1-VC-TrafficSignAssistOffset - NAFTASetting-076	Trailer and Signage	Traffic Sign Assist Offset - NAFTA Setting	no		已比對之 5 個 feature 之 037 全集皆無同一實體功能之對應	
SWE1-VC-TrafficSignAssistOffset - NAFTASetting-077	Trailer and Signage	Traffic Sign Assist Offset - NAFTA Setting	no		已比對之 5 個 feature 之 037 全集皆無同一實體功能之對應	
SWE1-VC-TrafficSignAssistOffset - NAFTASetting-078	Trailer and Signage	Traffic Sign Assist Offset - NAFTA Setting	no		已比對之 5 個 feature 之 037 全集皆無同一實體功能之對應	
SWE1-VC-TrafficSignAssistOffset - NAFTASetting-079	Trailer and Signage	Traffic Sign Assist Offset - NAFTA Setting	no		已比對之 5 個 feature 之 037 全集皆無同一實體功能之對應	
SWE1-VC-TrafficSignAssistOffset - NAFTASetting-080	Trailer and Signage	Traffic Sign Assist Offset - NAFTA Setting	no		已比對之 5 個 feature 之 037 全集皆無同一實體功能之對應	
SWE1-VC-TrafficSignAssistOffset - NAFTASetting-081	Trailer and Signage	Traffic Sign Assist Offset - NAFTA Setting	no		已比對之 5 個 feature 之 037 全集皆無同一實體功能之對應	
SWE1-VC-TrafficSignAssistOffset - NAFTASetting-082	Trailer and Signage	Traffic Sign Assist Offset - NAFTA Setting	no		已比對之 5 個 feature 之 037 全集皆無同一實體功能之對應	
SWE1-VC-TrafficSignAssistOffset - NAFTASetting-083	Trailer and Signage	Traffic Sign Assist Offset - NAFTA Setting	no		已比對之 5 個 feature 之 037 全集皆無同一實體功能之對應	
SWE1-VC-TrafficSignAssistOffset - NAFTASetting-084	Trailer and Signage	Traffic Sign Assist Offset - NAFTA Setting	no		已比對之 5 個 feature 之 037 全集皆無同一實體功能之對應	
SWE1-VC-TrafficSignAssistOffset - NAFTASetting-085	Trailer and Signage	Traffic Sign Assist Offset - NAFTA Setting	no		已比對之 5 個 feature 之 037 全集皆無同一實體功能之對應	
SWE1-VC-TrafficSignAssistOffset - NAFTASetting-086	Trailer and Signage	Traffic Sign Assist Offset - NAFTA Setting	no		已比對之 5 個 feature 之 037 全集皆無同一實體功能之對應	
SWE1-VC-TrafficSignAssistOffset - NAFTASetting-087	Trailer and Signage	Traffic Sign Assist Offset - NAFTA Setting	no		已比對之 5 個 feature 之 037 全集皆無同一實體功能之對應	
SWE1-VC-TrafficSignAssistOffset - NAFTASetting-088	Trailer and Signage	Traffic Sign Assist Offset - NAFTA Setting	no		已比對之 5 個 feature 之 037 全集皆無同一實體功能之對應	
SWE1-VC-TrafficSignAssistOffset - NAFTASetting-089	Trailer and Signage	Traffic Sign Assist Offset - NAFTA Setting	no		已比對之 5 個 feature 之 037 全集皆無同一實體功能之對應	
SWE1-VC-TrafficSignAssistOffset - non-NAFTASetting-091	Trailer and Signage	Traffic Sign Assist Offset - non-NAFTA Setting	no		已比對之 5 個 feature 之 037 全集皆無同一實體功能之對應	
SWE1-VC-TrafficSignAssistOffset - non-NAFTASetting-092	Trailer and Signage	Traffic Sign Assist Offset - non-NAFTA Setting	no		已比對之 5 個 feature 之 037 全集皆無同一實體功能之對應	
SWE1-VC-TrafficSignAssistOffset - non-NAFTASetting-093	Trailer and Signage	Traffic Sign Assist Offset - non-NAFTA Setting	no		已比對之 5 個 feature 之 037 全集皆無同一實體功能之對應	
SWE1-VC-TrafficSignAssistOffset - non-NAFTASetting-094	Trailer and Signage	Traffic Sign Assist Offset - non-NAFTA Setting	no		已比對之 5 個 feature 之 037 全集皆無同一實體功能之對應	
SWE1-VC-TrafficSignAssistOffset - non-NAFTASetting-095	Trailer and Signage	Traffic Sign Assist Offset - non-NAFTA Setting	no		已比對之 5 個 feature 之 037 全集皆無同一實體功能之對應	
SWE1-VC-TrafficSignAssistOffset - non-NAFTASetting-096	Trailer and Signage	Traffic Sign Assist Offset - non-NAFTA Setting	no		已比對之 5 個 feature 之 037 全集皆無同一實體功能之對應	
SWE1-VC-TrafficSignAssistOffset - non-NAFTASetting-097	Trailer and Signage	Traffic Sign Assist Offset - non-NAFTA Setting	no		已比對之 5 個 feature 之 037 全集皆無同一實體功能之對應	
SWE1-VC-TrafficSignAssistOffset - non-NAFTASetting-098	Trailer and Signage	Traffic Sign Assist Offset - non-NAFTA Setting	no		已比對之 5 個 feature 之 037 全集皆無同一實體功能之對應	
SWE1-VC-TrafficSignAssistOffset - non-NAFTASetting-099	Trailer and Signage	Traffic Sign Assist Offset - non-NAFTA Setting	no		已比對之 5 個 feature 之 037 全集皆無同一實體功能之對應	
SWE1-VC-TrafficSignAssistOffset - non-NAFTASetting-100	Trailer and Signage	Traffic Sign Assist Offset - non-NAFTA Setting	no		已比對之 5 個 feature 之 037 全集皆無同一實體功能之對應	
SWE1-VC-TrafficSignAssistOffset - non-NAFTASetting-101	Trailer and Signage	Traffic Sign Assist Offset - non-NAFTA Setting	no		已比對之 5 個 feature 之 037 全集皆無同一實體功能之對應	
SWE1-VC-TrafficSignAssistOffset - non-NAFTASetting-102	Trailer and Signage	Traffic Sign Assist Offset - non-NAFTA Setting	no		已比對之 5 個 feature 之 037 全集皆無同一實體功能之對應	
SWE1-VC-TrafficSignAssistOffset - non-NAFTASetting-103	Trailer and Signage	Traffic Sign Assist Offset - non-NAFTA Setting	no		已比對之 5 個 feature 之 037 全集皆無同一實體功能之對應	
SWE1-VC-TrafficSignAssistOffset - non-NAFTASetting-104	Trailer and Signage	Traffic Sign Assist Offset - non-NAFTA Setting	no		已比對之 5 個 feature 之 037 全集皆無同一實體功能之對應	
SWE1-VC-TrafficSignAssistOffset - non-NAFTASetting-105	Trailer and Signage	Traffic Sign Assist Offset - non-NAFTA Setting	no		已比對之 5 個 feature 之 037 全集皆無同一實體功能之對應	
SWE1-VC-TrafficSignAssistOffset - non-NAFTASetting-106	Trailer and Signage	Traffic Sign Assist Offset - non-NAFTA Setting	no		已比對之 5 個 feature 之 037 全集皆無同一實體功能之對應	
SWE1-VC-TrafficSignAssistOffset - non-NAFTASetting-107	Trailer and Signage	Traffic Sign Assist Offset - non-NAFTA Setting	no		已比對之 5 個 feature 之 037 全集皆無同一實體功能之對應	
SWE1-VC-TrafficSignAssistOffset - non-NAFTASetting-108	Trailer and Signage	Traffic Sign Assist Offset - non-NAFTA Setting	no		已比對之 5 個 feature 之 037 全集皆無同一實體功能之對應	
SWE1-VC-TrafficSignAssistOffset - non-NAFTASetting-109	Trailer and Signage	Traffic Sign Assist Offset - non-NAFTA Setting	no		已比對之 5 個 feature 之 037 全集皆無同一實體功能之對應	
SWE1-VC-TrafficSignAssistOffset - non-NAFTASetting-110	Trailer and Signage	Traffic Sign Assist Offset - non-NAFTA Setting	no		已比對之 5 個 feature 之 037 全集皆無同一實體功能之對應	
SWE1-VC-TrafficSignAssistOffset - non-NAFTASetting-111	Trailer and Signage	Traffic Sign Assist Offset - non-NAFTA Setting	no		已比對之 5 個 feature 之 037 全集皆無同一實體功能之對應	
SWE1-VC-TrafficSignAssistOffset - non-NAFTASetting-112	Trailer and Signage	Traffic Sign Assist Offset - non-NAFTA Setting	no		已比對之 5 個 feature 之 037 全集皆無同一實體功能之對應	
SWE1-VC-TrafficSignAssistOffset - non-NAFTASetting-113	Trailer and Signage	Traffic Sign Assist Offset - non-NAFTA Setting	no		已比對之 5 個 feature 之 037 全集皆無同一實體功能之對應	
SWE1-VC-TrafficSignWarning-030	Approach and Tailgate	Traffic Sign Warning	no		已比對之 5 個 feature 之 037 全集皆無同一實體功能之對應	
SWE1-VC-TrafficSignWarning-031	Approach and Tailgate	Traffic Sign Warning	no		已比對之 5 個 feature 之 037 全集皆無同一實體功能之對應	
SWE1-VC-TrafficSignWarning-032	Approach and Tailgate	Traffic Sign Warning	no		已比對之 5 個 feature 之 037 全集皆無同一實體功能之對應	
SWE1-VC-TrafficSignWarning-033	Approach and Tailgate	Traffic Sign Warning	no		已比對之 5 個 feature 之 037 全集皆無同一實體功能之對應	
SWE1-VC-TrafficSignWarning-034	Approach and Tailgate	Traffic Sign Warning	no		已比對之 5 個 feature 之 037 全集皆無同一實體功能之對應	
SWE1-VC-TrafficSignWarning-035	Approach and Tailgate	Traffic Sign Warning	no		已比對之 5 個 feature 之 037 全集皆無同一實體功能之對應	
SWE1-VC-TrailerBrakeType025	Trailer and Signage	Trailer Brake Type	no		已比對之 5 個 feature 之 037 全集皆無同一實體功能之對應	
SWE1-VC-TrailerBrakeType026	Trailer and Signage	Trailer Brake Type	no		已比對之 5 個 feature 之 037 全集皆無同一實體功能之對應	
SWE1-VC-TrailerBrakeType027	Trailer and Signage	Trailer Brake Type	no		已比對之 5 個 feature 之 037 全集皆無同一實體功能之對應	
SWE1-VC-TrailerBrakeType028	Trailer and Signage	Trailer Brake Type	no		已比對之 5 個 feature 之 037 全集皆無同一實體功能之對應	
SWE1-VC-TrailerBrakeType029	Trailer and Signage	Trailer Brake Type	no		已比對之 5 個 feature 之 037 全集皆無同一實體功能之對應	
SWE1-VC-TrailerBrakeType030	Trailer and Signage	Trailer Brake Type	no		已比對之 5 個 feature 之 037 全集皆無同一實體功能之對應	
SWE1-VC-TrailerBrakeType031	Trailer and Signage	Trailer Brake Type	no		已比對之 5 個 feature 之 037 全集皆無同一實體功能之對應	
SWE1-VC-TrailerBrakeType032	Trailer and Signage	Trailer Brake Type	no		已比對之 5 個 feature 之 037 全集皆無同一實體功能之對應	
SWE1-VC-TrailerBrakeType033	Trailer and Signage	Trailer Brake Type	no		已比對之 5 個 feature 之 037 全集皆無同一實體功能之對應	
SWE1-VC-TrailerBrakeType034	Trailer and Signage	Trailer Brake Type	no		已比對之 5 個 feature 之 037 全集皆無同一實體功能之對應	
SWE1-VC-TrailerBrakeType035	Trailer and Signage	Trailer Brake Type	no		已比對之 5 個 feature 之 037 全集皆無同一實體功能之對應	
SWE1-VC-TrailerBrakeType036	Trailer and Signage	Trailer Brake Type	no		已比對之 5 個 feature 之 037 全集皆無同一實體功能之對應	
SWE1-VC-TrailerBrakeType037	Trailer and Signage	Trailer Brake Type	no		已比對之 5 個 feature 之 037 全集皆無同一實體功能之對應	
SWE1-VC-TrailerName-002	Trailer and Signage	Trailer Name	no		已比對之 5 個 feature 之 037 全集皆無同一實體功能之對應	
SWE1-VC-TrailerName-003	Trailer and Signage	Trailer Name	no		已比對之 5 個 feature 之 037 全集皆無同一實體功能之對應	
SWE1-VC-TrailerName-004	Trailer and Signage	Trailer Name	no		已比對之 5 個 feature 之 037 全集皆無同一實體功能之對應	
SWE1-VC-TrailerName-005	Trailer and Signage	Trailer Name	no		已比對之 5 個 feature 之 037 全集皆無同一實體功能之對應	
SWE1-VC-TrailerName-006	Trailer and Signage	Trailer Name	no		已比對之 5 個 feature 之 037 全集皆無同一實體功能之對應	
SWE1-VC-TrailerName-007	Trailer and Signage	Trailer Name	no		已比對之 5 個 feature 之 037 全集皆無同一實體功能之對應	
SWE1-VC-TrailerName-008	Trailer and Signage	Trailer Name	no		已比對之 5 個 feature 之 037 全集皆無同一實體功能之對應	
SWE1-VC-TrailerName-009	Trailer and Signage	Trailer Name	no		已比對之 5 個 feature 之 037 全集皆無同一實體功能之對應	
SWE1-VC-TrailerName-010	Trailer and Signage	Trailer Name	no		已比對之 5 個 feature 之 037 全集皆無同一實體功能之對應	
SWE1-VC-TrailerName-011	Trailer and Signage	Trailer Name	no		已比對之 5 個 feature 之 037 全集皆無同一實體功能之對應	
SWE1-VC-TrailerName-012	Trailer and Signage	Trailer Name	no		已比對之 5 個 feature 之 037 全集皆無同一實體功能之對應	
SWE1-VC-TrailerName-013	Trailer and Signage	Trailer Name	no		已比對之 5 個 feature 之 037 全集皆無同一實體功能之對應	
SWE1-VC-TrailerName-014	Trailer and Signage	Trailer Name	no		已比對之 5 個 feature 之 037 全集皆無同一實體功能之對應	
SWE1-VC-TrailerName-015	Trailer and Signage	Trailer Name	no		已比對之 5 個 feature 之 037 全集皆無同一實體功能之對應	
SWE1-VC-TrailerName-016	Trailer and Signage	Trailer Name	no		已比對之 5 個 feature 之 037 全集皆無同一實體功能之對應	
SWE1-VC-TrailerName-017	Trailer and Signage	Trailer Name	no		已比對之 5 個 feature 之 037 全集皆無同一實體功能之對應	
SWE1-VC-TrailerName-018	Trailer and Signage	Trailer Name	no		已比對之 5 個 feature 之 037 全集皆無同一實體功能之對應	
SWE1-VC-TrailerName-019	Trailer and Signage	Trailer Name	no		已比對之 5 個 feature 之 037 全集皆無同一實體功能之對應	
SWE1-VC-TrailerName-020	Trailer and Signage	Trailer Name	no		已比對之 5 個 feature 之 037 全集皆無同一實體功能之對應	
SWE1-VC-TrailerName-021	Trailer and Signage	Trailer Name	no		已比對之 5 個 feature 之 037 全集皆無同一實體功能之對應	
SWE1-VC-TrailerName-022	Trailer and Signage	Trailer Name	no		已比對之 5 個 feature 之 037 全集皆無同一實體功能之對應	
SWE1-VC-TrailerName-023	Trailer and Signage	Trailer Name	no		已比對之 5 個 feature 之 037 全集皆無同一實體功能之對應	
SWE1-VC-TrailerNumber-059	Trailer and Signage	Trailer Number	no		已比對之 5 個 feature 之 037 全集皆無同一實體功能之對應	
SWE1-VC-TrailerNumber-060	Trailer and Signage	Trailer Number	no		已比對之 5 個 feature 之 037 全集皆無同一實體功能之對應	
SWE1-VC-TrailerNumber-061	Trailer and Signage	Trailer Number	no		已比對之 5 個 feature 之 037 全集皆無同一實體功能之對應	
SWE1-VC-TrailerNumber-062	Trailer and Signage	Trailer Number	no		已比對之 5 個 feature 之 037 全集皆無同一實體功能之對應	
SWE1-VC-TrailerNumber-063	Trailer and Signage	Trailer Number	no		已比對之 5 個 feature 之 037 全集皆無同一實體功能之對應	
SWE1-VC-TrailerNumber-064	Trailer and Signage	Trailer Number	no		已比對之 5 個 feature 之 037 全集皆無同一實體功能之對應	
SWE1-VC-TrailerNumber-065	Trailer and Signage	Trailer Number	no		已比對之 5 個 feature 之 037 全集皆無同一實體功能之對應	
SWE1-VC-TrailerNumber-066	Trailer and Signage	Trailer Number	no		已比對之 5 個 feature 之 037 全集皆無同一實體功能之對應	
SWE1-VC-TurnSignalActivatedBlindSpotCameraView-065	Units and Cameras	Turn Signal Activated Blind Spot Camera View	no		已比對之 5 個 feature 之 037 全集皆無同一實體功能之對應	
SWE1-VC-TurnSignalActivatedBlindSpotCameraView-066	Units and Cameras	Turn Signal Activated Blind Spot Camera View	no		已比對之 5 個 feature 之 037 全集皆無同一實體功能之對應	
SWE1-VC-TurnSignalActivatedBlindSpotCameraView-067	Units and Cameras	Turn Signal Activated Blind Spot Camera View	no		已比對之 5 個 feature 之 037 全集皆無同一實體功能之對應	
SWE1-VC-TurnSignalActivatedBlindSpotCameraView-068	Units and Cameras	Turn Signal Activated Blind Spot Camera View	no		已比對之 5 個 feature 之 037 全集皆無同一實體功能之對應	
SWE1-VC-TurnSignalActivatedBlindSpotCameraView-069	Units and Cameras	Turn Signal Activated Blind Spot Camera View	no		已比對之 5 個 feature 之 037 全集皆無同一實體功能之對應	
SWE1-VC-TurnSignalActivatedBlindSpotCameraViewwithTrailerOption-071	Units and Cameras	Turn Signal Activated Blind Spot Camera View with Trailer Option	no		已比對之 5 個 feature 之 037 全集皆無同一實體功能之對應	
SWE1-VC-TurnSignalActivatedBlindSpotCameraViewwithTrailerOption-072	Units and Cameras	Turn Signal Activated Blind Spot Camera View with Trailer Option	no		已比對之 5 個 feature 之 037 全集皆無同一實體功能之對應	
SWE1-VC-TurnSignalActivatedBlindSpotCameraViewwithTrailerOption-073	Units and Cameras	Turn Signal Activated Blind Spot Camera View with Trailer Option	no		已比對之 5 個 feature 之 037 全集皆無同一實體功能之對應	
SWE1-VC-TurnSignalActivatedBlindSpotCameraViewwithTrailerOption-074	Units and Cameras	Turn Signal Activated Blind Spot Camera View with Trailer Option	no		已比對之 5 個 feature 之 037 全集皆無同一實體功能之對應	
SWE1-VC-TurnSignalActivatedBlindSpotCameraViewwithTrailerOption-075	Units and Cameras	Turn Signal Activated Blind Spot Camera View with Trailer Option	no		已比對之 5 個 feature 之 037 全集皆無同一實體功能之對應	
SWE1-VC-TurnSignalActivatedBlindSpotCameraViewwithTrailerOption-076	Units and Cameras	Turn Signal Activated Blind Spot Camera View with Trailer Option	no		已比對之 5 個 feature 之 037 全集皆無同一實體功能之對應	
SWE1-VC-UnitEnergy-039	Units and Cameras	Unit Energy	no		已比對之 5 個 feature 之 037 全集皆無同一實體功能之對應	
SWE1-VC-UnitEnergy-040	Units and Cameras	Unit Energy	no		已比對之 5 個 feature 之 037 全集皆無同一實體功能之對應	
SWE1-VC-UnitEnergy-041	Units and Cameras	Unit Energy	no		已比對之 5 個 feature 之 037 全集皆無同一實體功能之對應	
SWE1-VC-UnitEnergy-042	Units and Cameras	Unit Energy	no		已比對之 5 個 feature 之 037 全集皆無同一實體功能之對應	
SWE1-VC-UnitEnergy-043	Units and Cameras	Unit Energy	no		已比對之 5 個 feature 之 037 全集皆無同一實體功能之對應	
SWE1-VC-UnitEnergy-044	Units and Cameras	Unit Energy	no		已比對之 5 個 feature 之 037 全集皆無同一實體功能之對應	
SWE1-VC-WarningsforLowFuelInverterShutdown - VisualWarning-121	Trailer and Signage	Warnings for Low Fuel Inverter Shutdown - Audible Warning	no		已比對之 5 個 feature 之 037 全集皆無同一實體功能之對應	
SWE1-VC-WarningsforLowFuelInverterShutdown - VisualWarning-122	Trailer and Signage	Warnings for Low Fuel Inverter Shutdown - Audible Warning	no		已比對之 5 個 feature 之 037 全集皆無同一實體功能之對應	
SWE1-VC-WarningsforLowFuelInverterShutdown - VisualWarning-123	Trailer and Signage	Warnings for Low Fuel Inverter Shutdown - Audible Warning	no		已比對之 5 個 feature 之 037 全集皆無同一實體功能之對應	
SWE1-VC-WarningsforLowFuelInverterShutdown - VisualWarning-124	Trailer and Signage	Warnings for Low Fuel Inverter Shutdown - Audible Warning	no		已比對之 5 個 feature 之 037 全集皆無同一實體功能之對應	
SWE1-VC-WarningsforLowFuelInverterShutdown - VisualWarning-125	Trailer and Signage	Warnings for Low Fuel Inverter Shutdown - Audible Warning	no		已比對之 5 個 feature 之 037 全集皆無同一實體功能之對應	
SWE1-VC-WarningsforLowFuelInverterShutdown - VisualWarning-115	Trailer and Signage	Warnings for Low Fuel Inverter Shutdown - Visual Warning	no		已比對之 5 個 feature 之 037 全集皆無同一實體功能之對應	
SWE1-VC-WarningsforLowFuelInverterShutdown - VisualWarning-116	Trailer and Signage	Warnings for Low Fuel Inverter Shutdown - Visual Warning	no		已比對之 5 個 feature 之 037 全集皆無同一實體功能之對應	
SWE1-VC-WarningsforLowFuelInverterShutdown - VisualWarning-117	Trailer and Signage	Warnings for Low Fuel Inverter Shutdown - Visual Warning	no		已比對之 5 個 feature 之 037 全集皆無同一實體功能之對應	
SWE1-VC-WarningsforLowFuelInverterShutdown - VisualWarning-118	Trailer and Signage	Warnings for Low Fuel Inverter Shutdown - Visual Warning	no		已比對之 5 個 feature 之 037 全集皆無同一實體功能之對應	
SWE1-VC-WarningsforLowFuelInverterShutdown - VisualWarning-119	Trailer and Signage	Warnings for Low Fuel Inverter Shutdown - Visual Warning	no		已比對之 5 個 feature 之 037 全集皆無同一實體功能之對應	
