layer	unit	status	rows	test_item	test_set	pre	input	proc	er	spec	total	note
json	features/amfm/generated/SWE-RA-RAD-001.json	已掃	1	0	0	0	0	0	0	0	0	
json	features/amfm/generated/SWE-RA-RAD-002.json	已掃	1	0	0	0	0	0	0	0	0	
json	features/amfm/generated/SWE-RA-RAD-003.json	已掃	3	0	0	0	0	0	0	0	0	
json	features/amfm/generated/SWE-RA-RAD-004.json	已掃	2	0	0	0	0	0	0	0	0	
json	features/amfm/generated/SWE-RA-RAD-005.json	已掃	3	0	0	0	0	0	0	0	0	
json	features/amfm/generated/SWE-RA-RAD-006.json	已掃	2	0	0	0	0	0	0	0	0	
json	features/amfm/generated/SWE-RA-RAD-007.json	已掃	1	0	0	0	0	0	0	0	0	
json	features/amfm/generated/SWE-RA-RAD-008.json	已掃	1	0	0	0	0	0	0	0	0	
json	features/amfm/generated/SWE-RA-RAD-009.json	已掃	3	0	0	0	0	0	0	0	0	
json	features/amfm/generated/SWE-RA-RAD-010.json	已掃	3	0	0	0	0	0	0	0	0	
json	features/amfm/generated/SWE-RA-RAD-011.json	已掃	2	0	0	0	0	0	0	0	0	
json	features/amfm/generated/SWE-RA-RAD-012.json	已掃	1	0	0	0	0	0	0	0	0	
json	features/amfm/generated/SWE-RA-RAD-013.json	已掃	1	0	0	0	0	0	0	0	0	
json	features/amfm/generated/SWE-RA-RAD-014.json	已掃	2	0	0	0	0	0	0	0	0	
json	features/amfm/generated/SWE-RA-RAD-015.json	已掃	1	0	0	0	0	0	0	0	0	
json	features/amfm/generated/SWE-RA-RAD-016.json	已掃	1	0	0	0	0	0	0	0	0	
json	features/amfm/generated/SWE-RA-RAD-017.json	已掃	1	0	0	0	0	0	0	0	0	
json	features/amfm/generated/SWE-RA-RAD-018.json	已掃	1	0	0	0	0	0	0	0	0	
json	features/amfm/generated/SWE-RA-RAD-019.json	已掃	2	0	0	0	0	0	0	0	0	
json	features/amfm/generated/SWE-RA-RAD-020.json	已掃	2	0	0	0	0	0	0	0	0	
json	features/amfm/generated/SWE-RA-RAD-021.json	已掃	2	0	0	0	0	0	0	0	0	
json	features/amfm/generated/SWE-RA-RAD-022.json	已掃	1	0	0	0	0	0	0	0	0	
json	features/amfm/generated/SWE-RA-RAD-023.json	已掃	1	0	0	0	0	0	0	0	0	
json	features/amfm/generated/SWE-RA-RAD-024.json	已掃	3	0	0	0	0	0	0	0	0	
json	features/amfm/generated/SWE-RA-RAD-025.json	已掃	2	0	0	0	0	0	0	0	0	
json	features/amfm/generated/SWE-RA-RAD-026.json	已掃	2	0	0	0	0	0	0	0	0	
json	features/amfm/generated/SWE-RA-RAD-027.json	已掃	2	0	0	0	0	0	0	0	0	
json	features/amfm/generated/SWE-RA-RAD-028.json	已掃	2	0	0	0	0	0	0	0	0	
json	features/amfm/generated/SWE-RA-RAD-029.json	已掃	1	0	0	0	0	0	0	0	0	
json	features/amfm/generated/SWE-RA-RAD-030.json	已掃	2	0	0	0	0	0	0	0	0	
json	features/amfm/generated/SWE-RA-RAD-031.json	已掃	2	0	0	0	0	0	0	0	0	
json	features/amfm/generated/SWE-RA-RAD-032.json	已掃	1	0	0	0	0	0	0	0	0	
json	features/amfm/generated/SWE-RA-RAD-033.json	已掃	1	0	0	0	0	0	0	0	0	
json	features/amfm/generated/SWE-RA-RAD-034.json	已掃	1	0	0	0	0	0	0	0	0	
json	features/amfm/generated/SWE-RA-RAD-035.json	已掃	1	0	0	0	0	0	0	0	0	
json	features/amfm/generated/SWE-RA-RAD-036.json	已掃	2	0	0	0	0	0	0	0	0	
json	features/amfm/generated/SWE-RA-RAD-037.json	已掃	1	0	0	0	0	0	0	0	0	
json	features/amfm/generated/SWE-RA-RAD-038.json	已掃	2	0	0	0	0	0	0	0	0	
json	features/amfm/generated/SWE-RA-RAD-039.json	已掃	2	0	0	0	0	0	0	0	0	
json	features/amfm/generated/SWE-RA-RAD-040.json	已掃	1	0	0	0	0	0	0	0	0	
json	features/amfm/generated/SWE-RA-RAD-041.json	已掃	2	0	0	0	0	0	0	0	0	
json	features/amfm/generated/SWE-RA-RAD-042.json	已掃	2	0	0	0	0	0	0	0	0	
json	features/amfm/generated/SWE-RA-RAD-043.json	已掃	1	0	0	0	0	0	0	0	0	
json	features/amfm/generated/SWE-RA-RAD-044.json	已掃	2	0	0	0	0	0	0	0	0	
json	features/amfm/generated/SWE-RA-RAD-045.json	已掃	2	0	0	0	0	0	0	0	0	
json	features/amfm/generated/SWE-RA-RAD-046.json	已掃	1	0	0	0	0	0	0	0	0	
json	features/amfm/generated/SWE-RA-RAD-047.json	已掃	1	0	0	0	0	0	0	0	0	
json	features/amfm/generated/SWE-RA-RAD-048.json	已掃	1	0	0	0	0	0	0	0	0	
json	features/amfm/generated/SWE-RA-RAD-049.json	已掃	1	0	0	0	0	0	0	0	0	
json	features/amfm/generated/SWE-RA-RAD-050.json	已掃	1	0	0	0	0	0	0	0	0	
json	features/amfm/generated/SWE-RA-RAD-051.json	已掃	1	0	0	0	0	0	0	0	0	
json	features/amfm/generated/SWE-RA-RAD-052.json	已掃	1	0	0	0	0	0	0	0	0	
json	features/amfm/generated/SWE-RA-RAD-053.json	已掃	1	0	0	0	0	0	0	0	0	
json	features/amfm/generated/SWE-RA-RAD-054.json	已掃	1	0	0	0	0	0	0	0	0	
json	features/amfm/generated/SWE-RA-RAD-055.json	已掃	2	0	0	0	0	0	0	0	0	
json	features/amfm/generated/SWE-RA-RAD-056.json	已掃	1	0	0	0	0	0	0	0	0	
json	features/amfm/generated/SWE-RA-RAD-057.json	已掃	1	0	0	0	0	0	0	0	0	
json	features/amfm/generated/SWE-RA-RAD-058.json	已掃	1	0	0	0	0	0	0	0	0	
json	features/amfm/generated/SWE-RA-RAD-059.json	已掃	1	0	0	0	0	0	0	0	0	
json	features/amfm/generated/SWE-RA-RAD-060.json	已掃	2	0	0	0	0	0	0	0	0	
json	features/amfm/generated/SWE-RA-RAD-061.json	已掃	2	0	0	0	0	0	0	0	0	
json	features/amfm/generated/SWE-RA-RAD-062.json	已掃	2	0	0	0	0	0	0	0	0	
json	features/amfm/generated/SWE-RA-RAD-063.json	已掃	2	0	0	0	0	0	0	0	0	
json	features/amfm/generated/SWE-RA-RAD-064.json	已掃	2	0	0	0	0	0	0	0	0	
json	features/amfm/generated/SWE-RA-RAD-065.json	已掃	3	0	0	0	0	0	0	0	0	
json	features/amfm/generated/SWE-RA-RAD-066.json	已掃	2	0	0	0	0	0	0	0	0	
json	features/amfm/generated/SWE-RA-RAD-067.json	已掃	1	0	0	0	0	0	0	0	0	
json	features/amfm/generated/SWE-RA-RAD-068.json	已掃	1	0	0	0	0	0	0	0	0	
json	features/amfm/generated/SWE-RA-RAD-069.json	已掃	1	0	0	0	0	0	0	0	0	
json	features/amfm/generated/SWE-RA-RAD-070.json	已掃	1	0	0	0	0	0	0	0	0	
json	features/amfm/generated/SWE-RA-RAD-071.json	已掃	1	0	0	0	0	0	0	0	0	
json	features/amfm/generated/SWE-RA-RAD-072.json	已掃	1	0	0	0	0	0	0	0	0	
json	features/amfm/generated/SWE-RA-RAD-073.json	已掃	2	0	0	0	0	0	0	0	0	
json	features/amfm/generated/SWE-RA-RAD-074.json	已掃	1	0	0	0	0	0	0	0	0	
json	features/amfm/generated/SWE-RA-RAD-075.json	已掃	1	0	0	0	0	0	0	0	0	
json	features/amfm/generated/SWE-RA-RAD-076.json	已掃	1	0	0	0	0	0	0	0	0	
json	features/amfm/generated/SWE-RA-RAD-077.json	已掃	1	0	0	0	0	0	0	0	0	
json	features/amfm/generated/SWE-RA-RAD-078.json	已掃	1	0	0	0	0	0	0	0	0	
json	features/amfm/generated/SWE-RA-RAD-079.json	已掃	1	0	0	0	0	0	0	0	0	
json	features/amfm/generated/SWE-RA-RAD-080.json	已掃	1	0	0	0	0	0	0	0	0	
json	features/amfm/generated/SWE-RA-RAD-081.json	已掃	1	0	0	0	0	0	0	0	0	
json	features/amfm/generated/SWE-RA-RAD-082.json	已掃	1	0	0	0	0	0	0	0	0	
json	features/amfm/generated/SWE-RA-RAD-083.json	已掃	1	0	0	0	0	0	0	0	0	
json	features/amfm/generated/SWE-RA-RAD-084.json	已掃	1	0	0	0	0	0	0	0	0	
json	features/amfm/generated/SWE-RA-RAD-085.json	已掃	2	0	0	0	0	0	0	0	0	
json	features/amfm/generated/SWE-RA-RAD-087.json	已掃	1	0	0	0	0	0	0	0	0	
json	features/amfm/generated/SWE-RA-RAD-089.json	已掃	1	0	0	0	0	0	0	0	0	
json	features/amfm/generated/SWE-RA-RAD-090.json	已掃	1	0	0	0	0	0	0	0	0	
json	features/amfm/generated/SWE-RA-RAD-091.json	已掃	1	0	0	0	0	0	0	0	0	
json	features/amfm/generated/SWE-RA-RAD-092.json	已掃	1	0	0	0	0	0	0	0	0	
json	features/amfm/generated/SWE-RA-RAD-093.json	已掃	1	0	0	0	0	0	0	0	0	
json	features/amfm/generated/SWE-RA-RAD-094.json	已掃	1	0	0	0	0	0	0	0	0	
json	features/amfm/generated/SWE-RA-RAD-095.json	已掃	1	0	0	0	0	0	0	0	0	
json	features/amfm/generated/SWE-RA-RAD-096.json	已掃	1	0	0	0	0	0	0	0	0	
json	features/amfm/generated/SWE-RA-RAD-097.json	已掃	1	0	0	0	0	0	0	0	0	
json	features/amfm/generated/SWE-RA-RAD-098.json	已掃	1	0	0	0	0	0	0	0	0	
json	features/amfm/generated/SWE-RA-RAD-099.json	已掃	1	0	0	0	0	0	0	0	0	
json	features/amfm/generated/SWE-RA-RAD-100.json	已掃	1	0	0	0	0	0	0	0	0	
json	features/amfm/generated/SWE-RA-RAD-101.json	已掃	1	0	0	0	0	0	0	0	0	
json	features/amfm/generated/SWE-RA-RAD-102.json	已掃	1	0	0	0	0	0	0	0	0	
json	features/amfm/generated/SWE-RA-RAD-103.json	已掃	1	0	0	0	0	0	0	0	0	
json	features/amfm/generated/SWE-RA-RAD-104.json	已掃	1	0	0	0	0	0	0	0	0	
json	features/audio_mgmt/generated/B1.json	已掃	70	0	0	0	0	0	0	0	0	
json	features/audio_mgmt/generated/B2.json	已掃	76	0	0	0	0	0	0	0	0	
json	features/audio_mgmt/generated/B3.json	已掃	70	0	0	0	0	0	0	0	0	
json	features/audio_mgmt/generated/B4.json	已掃	55	0	0	0	0	0	0	0	0	
json	features/audio_mgmt/generated/B5.json	已掃	63	0	0	0	0	0	0	0	0	
json	features/audio_mgmt/generated/B6.json	已掃	51	0	0	0	0	0	0	0	0	
json	features/audio_mgmt/generated/B7.json	已掃	25	0	0	0	0	0	0	0	0	
json	features/comfort/generated/SWE1-HVAC-001.json	已掃	5	0	0	0	0	0	0	0	0	
json	features/comfort/generated/SWE1-HVAC-002.json	已掃	9	0	0	0	0	0	0	0	0	
json	features/comfort/generated/SWE1-HVAC-003.json	已掃	11	0	0	0	0	0	0	0	0	
json	features/comfort/generated/SWE1-HVAC-004.json	已掃	2	0	0	0	0	0	0	0	0	
json	features/comfort/generated/SWE1-HVAC-005.json	已掃	4	0	0	0	0	0	0	0	0	
json	features/comfort/generated/SWE1-HVAC-006.json	已掃	4	0	0	0	0	0	0	0	0	
json	features/comfort/generated/SWE1-HVAC-007.json	已掃	3	0	0	0	0	0	0	0	0	
json	features/comfort/generated/SWE1-HVAC-008.json	已掃	6	0	0	0	0	0	0	0	0	
json	features/comfort/generated/SWE1-HVAC-009.json	已掃	9	0	0	0	0	0	0	0	0	
json	features/comfort/generated/SWE1-HVAC-010.json	已掃	8	0	0	0	0	0	0	0	0	
json	features/comfort/generated/SWE1-HVAC-011.json	已掃	1	0	0	0	0	0	0	0	0	
json	features/comfort/generated/SWE1-HVAC-012.json	已掃	7	0	0	0	0	0	0	0	0	
json	features/comfort/generated/SWE1-HVAC-013.json	已掃	4	0	0	0	0	0	0	0	0	
json	features/comfort/generated/SWE1-HVAC-014.json	已掃	6	0	0	0	0	0	0	0	0	
json	features/comfort/generated/SWE1-HVAC-015.json	已掃	5	0	0	0	0	0	0	0	0	
json	features/comfort/generated/SWE1-HVAC-016.json	已掃	6	0	0	0	0	0	0	0	0	
json	features/comfort/generated/SWE1-HVAC-017.json	已掃	2	0	0	0	0	0	0	0	0	
json	features/comfort/generated/SWE1-HVAC-018.json	已掃	12	0	0	0	0	0	0	0	0	
json	features/comfort/generated/SWE1-HVAC-019.json	已掃	2	0	0	0	0	0	0	0	0	
json	features/comfort/generated/SWE1-HVAC-020.json	已掃	5	0	0	0	0	0	0	0	0	
json	features/comfort/generated/SWE1-HVAC-021.json	已掃	2	0	0	0	0	0	0	0	0	
json	features/comfort/generated/SWE1-HVAC-022.json	已掃	2	0	0	0	0	0	0	0	0	
json	features/comfort/generated/SWE1-HVAC-023.json	已掃	6	0	0	0	0	0	0	0	0	
json	features/comfort/generated/SWE1-HVAC-024.json	已掃	11	0	0	0	0	0	0	0	0	
json	features/comfort/generated/SWE1-HVAC-025.json	已掃	2	0	0	0	0	0	0	0	0	
json	features/comfort/generated/SWE1-HVAC-026.json	已掃	1	0	0	0	0	0	0	0	0	
json	features/comfort/generated/SWE1-HVAC-027.json	已掃	1	0	0	0	0	0	0	0	0	
json	features/comfort/generated/SWE1-HVAC-028.json	已掃	3	0	0	0	0	0	0	0	0	
json	features/comfort/generated/SWE1-HVAC-029.json	已掃	3	0	0	0	0	0	0	0	0	
json	features/comfort/generated/SWE1-HVAC-030.json	已掃	5	0	0	0	0	0	0	0	0	
json	features/comfort/generated/SWE1-HVAC-031.json	已掃	4	0	0	0	0	0	0	0	0	
json	features/comfort/generated/SWE1-HVAC-032.json	已掃	7	0	0	0	0	0	0	0	0	
json	features/comfort/generated/SWE1-HVAC-033.json	已掃	5	0	0	0	0	0	0	0	0	
json	features/comfort/generated/SWE1-HVAC-034.json	已掃	5	0	0	0	0	0	0	0	0	
json	features/comfort/generated/SWE1-HVAC-035.json	已掃	3	0	0	0	0	0	0	0	0	
json	features/comfort/generated/SWE1-HVAC-036.json	已掃	8	0	0	0	0	0	0	0	0	
json	features/comfort/generated/SWE1-HVAC-037.json	已掃	1	0	0	0	0	0	0	0	0	
json	features/comfort/generated/SWE1-HVAC-038.json	已掃	2	0	0	0	0	0	0	0	0	
json	features/comfort/generated/SWE1-HVAC-039.json	已掃	1	0	0	0	0	0	0	0	0	
json	features/comfort/generated/SWE1-HVAC-040.json	已掃	4	0	0	0	0	0	0	0	0	
json	features/comfort/generated/SWE1-HVAC-041.json	已掃	1	0	0	0	0	0	0	0	0	
json	features/comfort/generated/SWE1-HVAC-042.json	已掃	3	0	0	0	0	0	0	0	0	
json	features/comfort/generated/SWE1-HVAC-043.json	已掃	1	0	0	0	0	0	0	0	0	
json	features/comfort/generated/SWE1-HVAC-044.json	已掃	2	0	0	0	0	0	0	0	0	
json	features/comfort/generated/SWE1-HVAC-045.json	已掃	1	0	0	0	0	0	0	0	0	
json	features/comfort/generated/SWE1-HVAC-046.json	已掃	1	0	0	0	0	0	0	0	0	
json	features/comfort/generated/SWE1-HVAC-047.json	已掃	2	0	0	0	0	0	0	0	0	
json	features/comfort/generated/SWE1-HVAC-048.json	已掃	3	0	0	0	0	0	0	0	0	
json	features/comfort/generated/SWE1-HVAC-049.json	已掃	2	0	0	0	0	0	0	0	0	
json	features/comfort/generated/SWE1-HVAC-050.json	已掃	1	0	0	0	0	0	0	0	0	
json	features/comfort/generated/SWE1-HVAC-051.json	已掃	1	0	0	0	0	0	0	0	0	
json	features/comfort/generated/SWE1-HVAC-052.json	已掃	1	0	0	0	0	0	0	0	0	
json	features/comfort/generated/SWE1-HVAC-053.json	已掃	2	0	0	0	0	0	0	0	0	
json	features/comfort/generated/SWE1-HVAC-054.json	已掃	4	0	0	0	0	0	0	0	0	
json	features/comfort/generated/SWE1-HVAC-055.json	已掃	4	0	0	0	0	0	0	0	0	
json	features/comfort/generated/SWE1-HVAC-056.json	已掃	1	0	0	0	0	0	0	0	0	
json	features/comfort/generated/SWE1-HVAC-057.json	已掃	2	0	0	0	0	0	0	0	0	
json	features/comfort/generated/SWE1-HVAC-058.json	已掃	1	0	0	0	0	0	0	0	0	
json	features/comfort/generated/SWE1-HVAC-059.json	已掃	6	0	0	0	0	0	0	0	0	
json	features/comfort/generated/SWE1-HVAC-060.json	已掃	2	0	0	0	0	0	0	0	0	
json	features/comfort/generated/SWE1-HVAC-061.json	已掃	4	0	0	0	0	0	0	0	0	
json	features/comfort/generated/SWE1-HVAC-062.json	已掃	4	0	0	0	0	0	0	0	0	
json	features/comfort/generated/SWE1-HVAC-063.json	已掃	2	0	0	0	0	0	0	0	0	
json	features/comfort/generated/SWE1-HVAC-064.json	已掃	3	0	0	0	0	0	0	0	0	
json	features/comfort/generated/SWE1-HVAC-065.json	已掃	3	0	0	0	0	0	0	0	0	
json	features/comfort/generated/SWE1-HVAC-066.json	已掃	1	0	0	0	0	0	0	0	0	
json	features/comfort/generated/SWE1-HVAC-067.json	已掃	4	0	0	0	0	0	0	0	0	
json	features/comfort/generated/SWE1-HVAC-068.json	已掃	4	0	0	0	0	0	0	0	0	
json	features/comfort/generated/SWE1-HVAC-069.json	已掃	2	0	0	0	0	0	0	0	0	
json	features/comfort/generated/SWE1-HVAC-070.json	已掃	1	0	0	0	0	0	0	0	0	
json	features/comfort/generated/SWE1-HVAC-071.json	已掃	2	0	0	0	0	0	0	0	0	
json	features/comfort/generated/SWE1-HVAC-072.json	已掃	1	0	0	0	0	0	0	0	0	
json	features/comfort/generated/SWE1-HVAC-073.json	已掃	2	0	0	0	0	0	0	0	0	
json	features/comfort/generated/SWE1-HVAC-074.json	已掃	3	0	0	0	0	0	0	0	0	
json	features/comfort/generated/SWE1-HVAC-075.json	已掃	3	0	0	0	0	0	0	0	0	
json	features/comfort/generated/SWE1-HVAC-076.json	已掃	3	0	0	0	0	0	0	0	0	
json	features/comfort/generated/SWE1-HVAC-077.json	已掃	1	0	0	0	0	0	0	0	0	
json	features/comfort/generated/SWE1-HVAC-078.json	已掃	2	0	0	0	0	0	0	0	0	
json	features/comfort/generated/SWE1-HVAC-079.json	已掃	2	0	0	0	0	0	0	0	0	
json	features/comfort/generated/SWE1-HVAC-080.json	已掃	2	0	0	0	0	0	0	0	0	
json	features/comfort/generated/SWE1-HVAC-081.json	已掃	2	0	0	0	0	0	0	0	0	
json	features/comfort/generated/SWE1-HVAC-082.json	已掃	2	0	0	0	0	0	0	0	0	
json	features/comfort/generated/SWE1-HVAC-083.json	已掃	1	0	0	0	0	0	0	0	0	
json	features/comfort/generated/SWE1-HVAC-084.json	已掃	1	0	0	0	0	0	0	0	0	
json	features/comfort/generated/SWE1-HVAC-085.json	已掃	1	0	0	0	0	0	0	0	0	
json	features/comfort/generated/SWE1-HVAC-086.json	已掃	2	0	0	0	0	0	0	0	0	
json	features/comfort/generated/SWE1-HVAC-087.json	已掃	2	0	0	0	0	0	0	0	0	
json	features/comfort/generated/SWE1-HVAC-088.json	已掃	1	0	0	0	0	0	0	0	0	
json	features/comfort/generated/SWE1-HVAC-089.json	已掃	1	0	0	0	0	0	0	0	0	
json	features/comfort/generated/SWE1-HVAC-090.json	已掃	2	0	0	0	0	0	0	0	0	
json	features/comfort/generated/SWE1-HVAC-091.json	已掃	1	0	0	0	0	0	0	0	0	
json	features/comfort/generated/SWE1-HVAC-092.json	已掃	1	0	0	0	0	0	0	0	0	
json	features/comfort/generated/SWE1-HVAC-093.json	已掃	1	0	0	0	0	0	0	0	0	
json	features/comfort/generated/SWE1-HVAC-094.json	已掃	1	0	0	0	0	0	0	0	0	
json	features/comfort/generated/SWE1-HVAC-095.json	已掃	2	0	0	0	0	0	0	0	0	
json	features/comfort/generated/SWE1-HVAC-096.json	已掃	3	0	0	0	0	0	0	0	0	
json	features/comfort/generated/SWE1-HVAC-097.json	已掃	1	0	0	0	0	0	0	0	0	
json	features/comfort/generated/SWE1-HVAC-098.json	已掃	1	0	0	0	0	0	0	0	0	
json	features/comfort/generated/SWE1-HVAC-099.json	已掃	1	0	0	0	0	0	0	0	0	
json	features/comfort/generated/SWE1-HVAC-100.json	已掃	3	0	0	0	0	0	0	0	0	
json	features/comfort/generated/SWE1-HVAC-101.json	已掃	3	0	0	0	0	0	0	0	0	
json	features/comfort/generated/SWE1-HVAC-102.json	已掃	1	0	0	0	0	0	0	0	0	
json	features/comfort/generated/SWE1-HVAC-103.json	已掃	3	0	0	0	0	0	0	0	0	
json	features/comfort/generated/SWE1-HVAC-104.json	已掃	8	0	0	0	0	0	0	0	0	
json	features/comfort/generated/SWE1-HVAC-105.json	已掃	4	0	0	0	0	0	0	0	0	
json	features/comfort/generated/SWE1-HVAC-106.json	已掃	9	0	0	0	0	0	0	0	0	
json	features/comfort/generated/SWE1-HVAC-107.json	已掃	11	0	0	0	0	0	0	0	0	
json	features/comfort/generated/SWE1-HVAC-108.json	已掃	1	0	0	0	0	0	0	0	0	
json	features/comfort/generated/SWE1-HVAC-109.json	已掃	2	0	0	0	0	0	0	0	0	
json	features/comfort/generated/SWE1-HVAC-110.json	已掃	7	0	0	0	0	0	0	0	0	
json	features/comfort/generated/SWE1-HVAC-111.json	已掃	8	0	0	0	0	0	0	0	0	
json	features/comfort/generated/SWE1-HVAC-112.json	已掃	9	0	0	0	0	0	0	0	0	
json	features/comfort/generated/SWE1-HVAC-113.json	已掃	15	0	0	0	0	0	0	0	0	
json	features/comfort/generated/SWE1-HVAC-114.json	已掃	2	0	0	0	0	0	0	0	0	
json	features/comfort/generated/SWE1-HVAC-115.json	已掃	10	0	0	0	0	0	0	0	0	
json	features/comfort/generated/SWE1-HVAC-116.json	已掃	4	0	0	0	0	0	0	0	0	
json	features/comfort/generated/SWE1-HVAC-117.json	已掃	3	0	0	0	0	0	0	0	0	
json	features/comfort/generated/SWE1-HVAC-118.json	已掃	11	0	0	0	0	0	0	0	0	
json	features/comfort/generated/SWE1-HVAC-119.json	已掃	15	0	0	0	0	0	0	0	0	
json	features/comfort/generated/SWE1-HVAC-120.json	已掃	3	0	0	0	0	0	0	0	0	
json	features/comfort/generated/SWE1-HVAC-121.json	已掃	2	0	0	0	0	0	0	0	0	
json	features/comfort/generated/SWE1-HVAC-122.json	已掃	5	0	0	0	0	0	0	0	0	
json	features/comfort/generated/SWE1-HVAC-123.json	已掃	1	0	0	0	0	0	0	0	0	
json	features/comfort/generated/SWE1-HVAC-124.json	已掃	3	0	0	0	0	0	0	0	0	
json	features/comfort/generated/SWE1-HVAC-125.json	已掃	8	0	0	0	0	0	0	0	0	
json	features/comfort/generated/SWE1-HVAC-126.json	已掃	3	0	0	0	0	0	0	0	0	
json	features/comfort/generated/SWE1-HVAC-127.json	已掃	2	0	0	0	0	0	0	0	0	
json	features/comfort/generated/SWE1-HVAC-128.json	已掃	2	0	0	0	0	0	0	0	0	
json	features/comfort/generated/SWE1-HVAC-129.json	已掃	3	0	0	0	0	0	0	0	0	
json	features/display/generated/ops-01.json	已掃	15	0	0	0	0	0	0	0	0	
json	features/display/generated/pilot-01.json	已掃	4	0	0	0	0	0	0	0	0	
json	features/display/generated/rvc-01.json	已掃	7	0	0	0	0	0	0	0	0	
json	features/home/generated/SWE1-HMI-HOME-020.json	已掃	3	0	0	0	0	0	0	0	0	
json	features/home/generated/SWE1-HMI-HOME-021.json	已掃	1	0	0	0	0	0	0	0	0	
json	features/home/generated/SWE1-HMI-HOME-032.json	已掃	1	0	0	0	0	0	0	0	0	
json	features/home/generated/SWE1-HMI-HOME-033.json	已掃	2	0	0	0	0	0	0	0	0	
json	features/home/generated/SWE1-HMI-HOME-034.json	已掃	2	0	0	0	0	0	0	0	0	
json	features/home/generated/SWE1-HMI-HOME-048.json	已掃	6	0	0	0	0	0	0	0	0	
json	features/home/generated/SWE1-HMI-HOME-049.json	已掃	2	0	0	0	0	0	0	0	0	
json	features/home/generated/SWE1-HMI-HOME-050.json	已掃	1	0	0	0	0	0	0	0	0	
json	features/home/generated/SWE1-HMI-HOME-051.json	已掃	1	0	0	0	0	0	0	0	0	
json	features/home/generated/SWE1-HMI-HOME-052.json	已掃	2	0	0	0	0	0	0	0	0	
json	features/home/generated/SWE1-HMI-HOME-053.json	已掃	1	0	0	0	0	0	0	0	0	
json	features/home/generated/SWE1-HMI-HOME-054.json	已掃	1	0	0	0	0	0	0	0	0	
json	features/home/generated/SWE1-HMI-HOME-055.json	已掃	3	0	0	0	0	0	0	0	0	
json	features/home/generated/SWE1-HMI-HOME-056.json	已掃	1	0	0	0	0	0	0	0	0	
json	features/home/generated/SWE1-HMI-HOME-057.json	已掃	1	0	0	0	0	0	0	0	0	
json	features/home/generated/SWE1-HMI-HOME-058.json	已掃	1	0	0	0	0	0	0	0	0	
json	features/home/generated/SWE1-HMI-HOME-059.json	已掃	4	0	0	0	0	0	0	0	0	
json	features/home/generated/SWE1-HMI-HOME-060.json	已掃	1	0	0	0	0	0	0	0	0	
json	features/home/generated/SWE1-HMI-HOME-061.json	已掃	7	0	0	0	0	0	0	0	0	
json	features/home/generated/SWE1-HMI-HOME-062.json	已掃	1	0	0	0	0	0	0	0	0	
json	features/home/generated/SWE1-HMI-HOME-063.json	已掃	1	0	0	0	0	0	0	0	0	
json	features/home/generated/SWE1-HMI-HOME-064.json	已掃	1	0	0	0	0	0	0	0	0	
json	features/home/generated/SWE1-HMI-HOME-065.json	已掃	1	0	0	0	0	0	0	0	0	
json	features/home/generated/SWE1-HMI-HOME-066.json	已掃	3	0	0	0	0	0	0	0	0	
json	features/home/generated/SWE1-HMI-HOME-067.json	已掃	1	0	0	0	0	0	0	0	0	
json	features/home/generated/SWE1-HMI-HOME-068.json	已掃	1	0	0	0	0	0	0	0	0	
json	features/home/generated/SWE1-HMI-HOME-069.json	已掃	1	0	0	0	0	0	0	0	0	
json	features/home/generated/SWE1-HMI-HOME-070.json	已掃	1	0	0	0	0	0	0	0	0	
json	features/home/generated/SWE1-HMI-HOME-071.json	已掃	1	0	0	0	0	0	0	0	0	
json	features/home/generated/SWE1-HMI-HOME-072.json	已掃	1	0	0	0	0	0	0	0	0	
json	features/home/generated/SWE1-HMI-HOME-073.json	已掃	1	0	0	0	0	0	0	0	0	
json	features/home/generated/SWE1-HMI-HOME-074.json	已掃	1	0	0	0	0	0	0	0	0	
json	features/home/generated/SWE1-HMI-HOME-075.json	已掃	1	0	0	0	0	0	0	0	0	
json	features/home/generated/SWE1-HMI-HOME-076.json	已掃	1	0	0	0	0	0	0	0	0	
json	features/home/generated/SWE1-HMI-HOME-077.json	已掃	1	0	0	0	0	0	0	0	0	
json	features/home/generated/SWE1-HMI-HOME-078.json	已掃	1	0	0	0	0	0	0	0	0	
json	features/home/generated/SWE1-HMI-HOME-079.json	已掃	1	0	0	0	0	0	0	0	0	
json	features/home/generated/SWE1-HMI-HOME-080.json	已掃	1	0	0	0	0	0	0	0	0	
json	features/home/generated/SWE1-HMI-HOME-081.json	已掃	1	0	0	0	0	0	0	0	0	
json	features/home/generated/SWE1-HMI-HOME-082.json	已掃	1	0	0	0	0	0	0	0	0	
json	features/home/generated/SWE1-HMI-HOME-083.json	已掃	1	0	0	0	0	0	0	0	0	
json	features/home/generated/SWE1-HMI-HOME-084.json	已掃	1	0	0	0	0	0	0	0	0	
json	features/home/generated/SWE1-HMI-HOME-085.json	已掃	1	0	0	0	0	0	0	0	0	
json	features/home/generated/SWE1-HMI-HOME-086.json	已掃	1	0	0	0	0	0	0	0	0	
json	features/home/generated/SWE1-HMI-HOME-087.json	已掃	1	0	0	0	0	0	0	0	0	
json	features/home/generated/SWE1-HMI-HOME-088.json	已掃	1	0	0	0	0	0	0	0	0	
json	features/home/generated/SWE1-HMI-HOME-089.json	已掃	1	0	0	0	0	0	0	0	0	
json	features/home/generated/SWE1-HMI-HOME-090.json	已掃	1	0	0	0	0	0	0	0	0	
json	features/media/generated/SWE1-MEDIA-COM-042.json	已掃	1	0	0	0	0	0	0	0	0	
json	features/media/generated/SWE1-MEDIA-COM-043.json	已掃	2	0	0	0	0	0	0	0	0	
json	features/media/generated/SWE1-MEDIA-COM-044.json	已掃	3	0	0	0	0	0	0	0	0	
json	features/media/generated/SWE1-MEDIA-COM-045.json	已掃	1	0	0	0	0	0	0	0	0	
json	features/media/generated/SWE1-MEDIA-COM-046.json	已掃	2	0	0	0	0	0	0	0	0	
json	features/media/generated/SWE1-MEDIA-COM-047.json	已掃	3	0	0	0	0	0	0	0	0	
json	features/media/generated/SWE1-MEDIA-COM-048.json	已掃	2	0	0	0	0	0	0	0	0	
json	features/media/generated/SWE1-MEDIA-COM-049.json	已掃	1	0	0	0	0	0	0	0	0	
json	features/media/generated/SWE1-MEDIA-COM-050.json	已掃	1	0	0	0	0	0	0	0	0	
json	features/media/generated/SWE1-MEDIA-COM-051.json	已掃	1	0	0	0	0	0	0	0	0	
json	features/media/generated/SWE1-MEDIA-COM-052.json	已掃	1	0	0	0	0	0	0	0	0	
json	features/media/generated/SWE1-MEDIA-COM-053.json	已掃	1	0	0	0	0	0	0	0	0	
json	features/media/generated/SWE1-MEDIA-COM-054.json	已掃	1	0	0	0	0	0	0	0	0	
json	features/media/generated/SWE1-MEDIA-COM-055.json	已掃	3	0	0	0	0	0	0	0	0	
json	features/media/generated/SWE1-MEDIA-COM-056.json	已掃	2	0	0	0	0	0	0	0	0	
json	features/media/generated/SWE1-MEDIA-COM-057.json	已掃	2	0	0	0	0	0	0	0	0	
json	features/media/generated/SWE1-MEDIA-COM-058.json	已掃	1	0	0	0	0	0	0	0	0	
json	features/media/generated/SWE1-MEDIA-COM-059.json	已掃	2	0	0	0	0	0	0	0	0	
json	features/media/generated/SWE1-MEDIA-COM-060.json	已掃	2	0	0	0	0	0	0	0	0	
json	features/media/generated/SWE1-MEDIA-COM-061.json	已掃	4	0	0	0	0	0	0	0	0	
json	features/media/generated/SWE1-MEDIA-COM-062.json	已掃	1	0	0	0	0	0	0	0	0	
json	features/media/generated/SWE1-MEDIA-COM-063.json	已掃	1	0	0	0	0	0	0	0	0	
json	features/media/generated/SWE1-MEDIA-COM-064.json	已掃	1	0	0	0	0	0	0	0	0	
json	features/media/generated/SWE1-MEDIA-COM-065.json	已掃	2	0	0	0	0	0	0	0	0	
json	features/media/generated/SWE1-MEDIA-COM-066.json	已掃	1	0	0	0	0	0	0	0	0	
json	features/media/generated/SWE1-MEDIA-COM-067.json	已掃	1	0	0	0	0	0	0	0	0	
json	features/media/generated/SWE1-MEDIA-COM-068.json	已掃	1	0	0	0	0	0	0	0	0	
json	features/media/generated/SWE1-MEDIA-COM-069.json	已掃	2	0	0	0	0	0	0	0	0	
json	features/media/generated/SWE1-MEDIA-COM-070.json	已掃	1	0	0	0	0	0	0	0	0	
json	features/media/generated/SWE1-MEDIA-COM-071.json	已掃	3	0	0	0	0	0	0	0	0	
json	features/media/generated/SWE1-MEDIA-COM-072.json	已掃	1	0	0	0	0	0	0	0	0	
json	features/media/generated/SWE1-MEDIA-COM-073.json	已掃	1	0	0	0	0	0	0	0	0	
json	features/media/generated/SWE1-MEDIA-COM-074.json	已掃	3	0	0	0	0	0	0	0	0	
json	features/media/generated/SWE1-MEDIA-COM-075.json	已掃	2	0	0	0	0	0	0	0	0	
json	features/media/generated/SWE1-MEDIA-COM-076.json	已掃	2	0	0	0	0	0	0	0	0	
json	features/media/generated/SWE1-MEDIA-COM-077.json	已掃	4	0	0	0	0	0	0	0	0	
json	features/media/generated/SWE1-MEDIA-COM-078.json	已掃	1	0	0	0	0	0	0	0	0	
json	features/media/generated/SWE1-MEDIA-COM-079.json	已掃	1	0	0	0	0	0	0	0	0	
json	features/media/generated/SWE1-MEDIA-INT-002.json	已掃	1	0	0	0	0	0	0	0	0	
json	features/media/generated/SWE1-MEDIA-INT-003.json	已掃	3	0	0	0	0	0	0	0	0	
json	features/media/generated/SWE1-MEDIA-INT-004.json	已掃	4	0	0	0	0	0	0	0	0	
json	features/media/generated/SWE1-MEDIA-INT-005.json	已掃	6	0	0	0	0	0	0	0	0	
json	features/media/generated/SWE1-MEDIA-INT-006.json	已掃	3	0	0	0	0	0	0	0	0	
json	features/media/generated/SWE1-MEDIA-INT-007.json	已掃	3	0	0	0	0	0	0	0	0	
json	features/media/generated/SWE1-MEDIA-INT-008.json	已掃	1	0	0	0	0	0	0	0	0	
json	features/media/generated/SWE1-MEDIA-INT-009.json	已掃	1	0	0	0	0	0	0	0	0	
json	features/media/generated/SWE1-MEDIA-INT-010.json	已掃	3	0	0	0	0	0	0	0	0	
json	features/media/generated/SWE1-MEDIA-INT-012.json	已掃	1	0	0	0	0	0	0	0	0	
json	features/media/generated/SWE1-MEDIA-INT-013.json	已掃	1	0	0	0	0	0	0	0	0	
json	features/media/generated/SWE1-MEDIA-INT-014.json	已掃	1	0	0	0	0	0	0	0	0	
json	features/media/generated/SWE1-MEDIA-INT-015.json	已掃	1	0	0	0	0	0	0	0	0	
json	features/media/generated/SWE1-MEDIA-INT-016.json	已掃	2	0	0	0	0	0	0	0	0	
json	features/media/generated/SWE1-MEDIA-INT-017.json	已掃	1	0	0	0	0	0	0	0	0	
json	features/media/generated/SWE1-MEDIA-INT-018.json	已掃	1	0	0	0	0	0	0	0	0	
json	features/media/generated/SWE1-MEDIA-INT-019.json	已掃	1	0	0	0	0	0	0	0	0	
json	features/media/generated/SWE1-MEDIA-INT-020.json	已掃	1	0	0	0	0	0	0	0	0	
json	features/media/generated/SWE1-MEDIA-INT-021.json	已掃	1	0	0	0	0	0	0	0	0	
json	features/media/generated/SWE1-MEDIA-INT-022.json	已掃	2	0	0	0	0	0	0	0	0	
json	features/media/generated/SWE1-MEDIA-INT-023.json	已掃	1	0	0	0	0	0	0	0	0	
json	features/media/generated/SWE1-MEDIA-INT-024.json	已掃	1	0	0	0	0	0	0	0	0	
json	features/media/generated/SWE1-MEDIA-INT-025.json	已掃	1	0	0	0	0	0	0	0	0	
json	features/media/generated/SWE1-MEDIA-INT-026.json	已掃	1	0	0	0	0	0	0	0	0	
json	features/media/generated/SWE1-MEDIA-INT-027.json	已掃	3	0	0	0	0	0	0	0	0	
json	features/media/generated/SWE1-MEDIA-INT-028.json	已掃	2	0	0	0	0	0	0	0	0	
json	features/media/generated/SWE1-MEDIA-INT-029.json	已掃	2	0	0	0	0	0	0	0	0	
json	features/media/generated/SWE1-MEDIA-INT-030.json	已掃	1	0	0	0	0	0	0	0	0	
json	features/media/generated/SWE1-MEDIA-INT-031.json	已掃	2	0	0	0	0	0	0	0	0	
json	features/media/generated/SWE1-MEDIA-INT-032.json	已掃	1	0	0	0	0	0	0	0	0	
json	features/media/generated/SWE1-MEDIA-INT-033.json	已掃	2	0	0	0	0	0	0	0	0	
json	features/media/generated/SWE1-MEDIA-INT-034.json	已掃	5	0	0	0	0	0	0	0	0	
json	features/media/generated/SWE1-MEDIA-INT-035.json	已掃	2	0	0	0	0	0	0	0	0	
json	features/media/generated/SWE1-MEDIA-PLA-062.json	已掃	3	0	0	0	0	0	0	0	0	
json	features/media/generated/SWE1-MEDIA-PLA-063.json	已掃	2	0	0	0	0	0	0	0	0	
json	features/media/generated/SWE1-MEDIA-PLA-064.json	已掃	1	0	0	0	0	0	0	0	0	
json	features/media/generated/SWE1-MEDIA-PLA-065.json	已掃	4	0	0	0	0	0	0	0	0	
json	features/media/generated/SWE1-MEDIA-PLA-066.json	已掃	1	0	0	0	0	0	0	0	0	
json	features/media/generated/SWE1-MEDIA-PLA-067.json	已掃	1	0	0	0	0	0	0	0	0	
json	features/media/generated/SWE1-MEDIA-PLA-068.json	已掃	2	0	0	0	0	0	0	0	0	
json	features/media/generated/SWE1-MEDIA-PLA-069.json	已掃	1	0	0	0	0	0	0	0	0	
json	features/media/generated/SWE1-MEDIA-PLA-070.json	已掃	2	0	0	0	0	0	0	0	0	
json	features/media/generated/SWE1-MEDIA-PLA-071.json	已掃	1	0	0	0	0	0	0	0	0	
json	features/media/generated/SWE1-MEDIA-PLA-072.json	已掃	1	0	0	0	0	0	0	0	0	
json	features/media/generated/SWE1-MEDIA-PLA-073.json	已掃	3	0	0	0	0	0	0	0	0	
json	features/media/generated/SWE1-MEDIA-PLA-074.json	已掃	1	0	0	0	0	0	0	0	0	
json	features/media/generated/SWE1-MEDIA-PLA-075.json	已掃	1	0	0	0	0	0	0	0	0	
json	features/media/generated/SWE1-MEDIA-PLA-076.json	已掃	2	0	0	0	0	0	0	0	0	
json	features/media/generated/SWE1-MEDIA-PLA-077.json	已掃	1	0	0	0	0	0	0	0	0	
json	features/media/generated/SWE1-MEDIA-PLA-078.json	已掃	2	0	0	0	0	0	0	0	0	
json	features/media/generated/SWE1-MEDIA-PLA-079.json	已掃	2	0	0	0	0	0	0	0	0	
json	features/media/generated/SWE1-MEDIA-PLA-080.json	已掃	1	0	0	0	0	0	0	0	0	
json	features/media/generated/SWE1-MEDIA-PLA-081.json	已掃	1	0	0	0	0	0	0	0	0	
json	features/media/generated/SWE1-MEDIA-PLA-082.json	已掃	3	0	0	0	0	0	0	0	0	
json	features/media/generated/SWE1-MEDIA-PLA-083.json	已掃	2	0	0	0	0	0	0	0	0	
json	features/media/generated/SWE1-MEDIA-PLA-084.json	已掃	1	0	0	0	0	0	0	0	0	
json	features/media/generated/SWE1-MEDIA-PLA-085.json	已掃	1	0	0	0	0	0	0	0	0	
json	features/media/generated/SWE1-MEDIA-PLA-086.json	已掃	1	0	0	0	0	0	0	0	0	
json	features/media/generated/SWE1-MEDIA-PLA-087.json	已掃	1	0	0	0	0	0	0	0	0	
json	features/media/generated/SWE1-MEDIA-PLA-088.json	已掃	2	0	0	0	0	0	0	0	0	
json	features/media/generated/SWE1-MEDIA-PLA-089.json	已掃	3	0	0	0	0	0	0	0	0	
json	features/media/generated/SWE1-MEDIA-PLA-090.json	已掃	2	0	0	0	0	0	0	0	0	
json	features/media/generated/SWE1-MEDIA-PLA-091.json	已掃	1	0	0	0	0	0	0	0	0	
json	features/media/generated/SWE1-MEDIA-PLA-092.json	已掃	2	0	0	0	0	0	0	0	0	
json	features/media/generated/SWE1-MEDIA-PLA-093.json	已掃	1	0	0	0	0	0	0	0	0	
json	features/media/generated/SWE1-MEDIA-PLA-094.json	已掃	1	0	0	0	0	0	0	0	0	
json	features/media/generated/SWE1-MEDIA-PLA-095.json	已掃	1	0	0	0	0	0	0	0	0	
json	features/media/generated/SWE1-MEDIA-PLA-096.json	已掃	1	0	0	0	0	0	0	0	0	
json	features/media/generated/SWE1-MEDIA-PLA-097.json	已掃	2	0	0	0	0	0	0	0	0	
json	features/media/generated/SWE1-MEDIA-RAD-032.json	已掃	1	0	0	0	0	0	0	0	0	
json	features/media/generated/SWE1-MEDIA-RAD-033.json	已掃	1	0	0	0	0	0	0	0	0	
json	features/media/generated/SWE1-MEDIA-RAD-034.json	已掃	2	0	0	0	0	0	0	0	0	
json	features/media/generated/SWE1-MEDIA-RAD-035.json	已掃	2	0	0	0	0	0	0	0	0	
json	features/media/generated/SWE1-MEDIA-RAD-036.json	已掃	1	0	0	0	0	0	0	0	0	
json	features/media/generated/SWE1-MEDIA-RAD-037.json	已掃	1	0	0	0	0	0	0	0	0	
json	features/media/generated/SWE1-MEDIA-RAD-038.json	已掃	1	0	0	0	0	0	0	0	0	
json	features/media/generated/SWE1-MEDIA-RAD-039.json	已掃	1	0	0	0	0	0	0	0	0	
json	features/media/generated/SWE1-MEDIA-RAD-040.json	已掃	3	0	0	0	0	0	0	0	0	
json	features/media/generated/SWE1-MEDIA-RAD-041.json	已掃	1	0	0	0	0	0	0	0	0	
json	features/media/generated/SWE1-MEDIA-RAD-042.json	已掃	2	0	0	0	0	0	0	0	0	
json	features/media/generated/SWE1-MEDIA-RAD-043.json	已掃	3	0	0	0	0	0	0	0	0	
json	features/media/generated/SWE1-MEDIA-RAD-044.json	已掃	1	0	0	0	0	0	0	0	0	
json	features/media/generated/SWE1-MEDIA-RAD-045.json	已掃	1	0	0	0	0	0	0	0	0	
json	features/media/generated/SWE1-MEDIA-RAD-046.json	已掃	2	0	0	0	0	0	0	0	0	
json	features/media/generated/SWE1-MEDIA-RAD-047.json	已掃	2	0	0	0	0	0	0	0	0	
json	features/media/generated/SWE1-MEDIA-RAD-048.json	已掃	1	0	0	0	0	0	0	0	0	
json	features/media/generated/SWE1-MEDIA-RAD-049.json	已掃	3	0	0	0	0	0	0	0	0	
json	features/media/generated/SWE1-MEDIA-RAD-050.json	已掃	1	0	0	0	0	0	0	0	0	
json	features/media/generated/SWE1-MEDIA-RAD-051.json	已掃	1	0	0	0	0	0	0	0	0	
json	features/media/generated/SWE1-MEDIA-RAD-052.json	已掃	5	0	0	0	0	0	0	0	0	
json	features/media/generated/SWE1-MEDIA-RAD-053.json	已掃	2	0	0	0	0	0	0	0	0	
json	features/media/generated/SWE1-MEDIA-RAD-054.json	已掃	2	0	0	0	0	0	0	0	0	
json	features/media/generated/SWE1-MEDIA-RAD-055.json	已掃	1	0	0	0	0	0	0	0	0	
json	features/media/generated/SWE1-MEDIA-RAD-056.json	已掃	1	0	0	0	0	0	0	0	0	
json	features/media/generated/SWE1-MEDIA-RAD-057.json	已掃	1	0	0	0	0	0	0	0	0	
json	features/media/generated/SWE1-MEDIA-RAD-058.json	已掃	2	0	0	0	0	0	0	0	0	
json	features/media/generated/SWE1-MEDIA-RAD-059.json	已掃	1	0	0	0	0	0	0	0	0	
json	features/media/generated/SWE1-MEDIA-RAD-060.json	已掃	1	0	0	0	0	0	0	0	0	
json	features/media/generated/SWE1-MEDIA-RAD-061.json	已掃	1	0	0	0	0	0	0	0	0	
json	features/media/generated/SWE1-MEDIA-RAD-062.json	已掃	1	0	0	0	0	0	0	0	0	
json	features/media/generated/SWE1-MEDIA-RAD-063.json	已掃	1	0	0	0	0	0	0	0	0	
json	features/media/generated/SWE1-MEDIA-RAD-064.json	已掃	1	0	0	0	0	0	0	0	0	
json	features/media/generated/SWE1-MEDIA-RAD-065.json	已掃	1	0	0	0	0	0	0	0	0	
json	features/media/generated/SWE1-MEDIA-RAD-066.json	已掃	3	0	0	0	0	0	0	0	0	
json	features/media/generated/SWE1-MEDIA-RAD-067.json	已掃	1	0	0	0	0	0	0	0	0	
json	features/media/generated/SWE1-MEDIA-RAD-068.json	已掃	2	0	0	0	0	0	0	0	0	
json	features/media/generated/SWE1-MEDIA-RAD-069.json	已掃	5	0	0	0	0	0	0	0	0	
json	features/media/generated/SWE1-MEDIA-RAD-070.json	已掃	5	0	0	0	0	0	0	0	0	
json	features/media/generated/SWE1-MEDIA-RAD-071.json	已掃	1	0	0	0	0	0	0	0	0	
json	features/media/generated/SWE1-MEDIA-RAD-072.json	已掃	2	0	0	0	0	0	0	0	0	
json	features/media/generated/SWE1-MEDIA-RAD-073.json	已掃	1	0	0	0	0	0	0	0	0	
json	features/media/generated/SWE1-MEDIA-RAD-074.json	已掃	1	0	0	0	0	0	0	0	0	
json	features/media/generated/SWE1-MEDIA-RAD-075.json	已掃	1	0	0	0	0	0	0	0	0	
json	features/media/generated/SWE1-MEDIA-RAD-076.json	已掃	1	0	0	0	0	0	0	0	0	
json	features/media/generated/SWE1-MEDIA-RAD-077.json	已掃	2	0	0	0	0	0	0	0	0	
json	features/media/generated/SWE1-MEDIA-RAD-078.json	已掃	4	0	0	0	0	0	0	0	0	
json	features/media/generated/SWE1-MEDIA-RAD-079.json	已掃	1	0	0	0	0	0	0	0	0	
json	features/media/generated/SWE1-MEDIA-RAD-080.json	已掃	6	0	0	0	0	0	0	0	0	
json	features/media/generated/SWE1-MEDIA-RAD-081.json	已掃	4	0	0	0	0	0	0	0	0	
json	features/media/generated/SWE1-MEDIA-RAD-082.json	已掃	1	0	0	0	0	0	0	0	0	
json	features/media/generated/SWE1-MEDIA-RAD-083.json	已掃	1	0	0	0	0	0	0	0	0	
json	features/power/generated/batch_001_power_down.json	已掃	17	0	0	0	0	0	0	0	0	
json	features/power/generated/batch_002_timeout_settings.json	已掃	27	0	0	0	0	0	0	0	0	
json	features/power/generated/batch_003_power_state_a.json	已掃	67	0	0	0	0	0	0	0	0	
json	features/power/generated/batch_004_power_state_b.json	已掃	51	0	0	0	0	0	0	0	0	
json	features/power/generated/batch_005_startup_display.json	已掃	69	0	0	0	0	0	0	0	0	
json	features/power/generated/batch_006_branding_theme.json	已掃	35	0	0	0	0	0	0	0	0	
json	features/power/generated/batch_007_power_state_c.json	已掃	24	0	0	0	0	0	0	0	0	
json	features/power_moding/generated/batch01.json	已掃	9	0	0	0	0	0	0	0	0	
json	features/power_moding/generated/batch02.json	已掃	8	0	0	0	0	0	0	0	0	
json	features/power_moding/generated/batch03.json	已掃	9	0	0	0	0	0	0	0	0	
json	features/power_moding/generated/batch04.json	已掃	13	0	0	0	0	0	0	0	0	
json	features/power_moding/generated/batch05.json	已掃	10	0	0	0	0	0	0	0	0	
json	features/power_moding/generated/batch06.json	已掃	5	0	0	0	0	0	0	0	0	
json	features/privacy/generated/SWE1-HMI-PRIVACY_FEATURES-001.json	已掃	1	0	0	0	0	0	0	0	0	
json	features/privacy/generated/SWE1-HMI-PRIVACY_FEATURES-002.json	已掃	1	0	0	0	0	0	0	0	0	
json	features/privacy/generated/SWE1-HMI-PRIVACY_FEATURES-003.json	已掃	1	0	0	0	0	0	0	0	0	
json	features/privacy/generated/SWE1-HMI-PRIVACY_FEATURES-004.json	已掃	1	0	0	0	0	0	0	0	0	
json	features/privacy/generated/SWE1-HMI-PRIVACY_FEATURES-005.json	已掃	2	0	0	0	0	0	0	0	0	
json	features/privacy/generated/SWE1-HMI-PRIVACY_FEATURES-006.json	已掃	1	0	0	0	0	0	0	0	0	
json	features/privacy/generated/SWE1-HMI-PRIVACY_FEATURES-007.json	已掃	1	0	0	0	0	0	0	0	0	
json	features/privacy/generated/SWE1-HMI-PRIVACY_FEATURES-008.json	已掃	1	0	0	0	0	0	0	0	0	
json	features/privacy/generated/SWE1-HMI-PRIVACY_FEATURES-009.json	已掃	1	0	0	0	0	0	0	0	0	
json	features/privacy/generated/SWE1-HMI-PRIVACY_FEATURES-010.json	已掃	1	0	0	0	0	0	0	0	0	
json	features/sxm/generated/SWE-RA-SXM-001.json	已掃	1	0	0	0	0	0	0	0	0	
json	features/sxm/generated/SWE-RA-SXM-002.json	已掃	1	0	0	0	0	0	0	0	0	
json	features/sxm/generated/SWE-RA-SXM-003.json	已掃	1	0	0	0	0	0	0	0	0	
json	features/sxm/generated/SWE-RA-SXM-004.json	已掃	4	0	0	0	0	0	0	0	0	
json	features/sxm/generated/SWE-RA-SXM-005.json	已掃	1	0	0	0	0	0	0	0	0	
json	features/sxm/generated/SWE-RA-SXM-006.json	已掃	1	0	0	0	0	0	0	0	0	
json	features/sxm/generated/SWE-RA-SXM-007.json	已掃	1	0	0	0	0	0	0	0	0	
json	features/sxm/generated/SWE-RA-SXM-008.json	已掃	1	0	0	0	0	0	0	0	0	
json	features/sxm/generated/SWE-RA-SXM-009.json	已掃	1	0	0	0	0	0	0	0	0	
json	features/sxm/generated/SWE-RA-SXM-010.json	已掃	1	0	0	0	0	0	0	0	0	
json	features/sxm/generated/SWE-RA-SXM-011.json	已掃	1	0	0	0	0	0	0	0	0	
json	features/sxm/generated/SWE-RA-SXM-012.json	已掃	1	0	0	0	0	0	0	0	0	
json	features/sxm/generated/SWE-RA-SXM-013.json	已掃	1	0	0	0	0	0	0	0	0	
json	features/sxm/generated/SWE-RA-SXM-014.json	已掃	1	0	0	0	0	0	0	0	0	
json	features/sxm/generated/SWE-RA-SXM-015.json	已掃	1	0	0	0	0	0	0	0	0	
json	features/sxm/generated/SWE-RA-SXM-016.json	已掃	1	0	0	0	0	0	0	0	0	
json	features/sxm/generated/SWE-RA-SXM-017.json	已掃	1	0	0	0	0	0	0	0	0	
json	features/sxm/generated/SWE-RA-SXM-018.json	已掃	1	0	0	0	0	0	0	0	0	
json	features/sxm/generated/SWE-RA-SXM-019.json	已掃	1	0	0	0	0	0	0	0	0	
json	features/sxm/generated/SWE-RA-SXM-020.json	已掃	1	0	0	0	0	0	0	0	0	
json	features/sxm/generated/SWE-RA-SXM-021.json	已掃	1	0	0	0	0	0	0	0	0	
json	features/sxm/generated/SWE-RA-SXM-022.json	已掃	1	0	0	0	0	0	0	0	0	
json	features/sxm/generated/SWE-RA-SXM-023.json	已掃	1	0	0	0	0	0	0	0	0	
json	features/sxm/generated/SWE-RA-SXM-024.json	已掃	2	0	0	0	0	0	0	0	0	
json	features/sxm/generated/SWE-RA-SXM-025.json	已掃	1	0	0	0	0	0	0	0	0	
json	features/sxm/generated/SWE-RA-SXM-026.json	已掃	1	0	0	0	0	0	0	0	0	
json	features/sxm/generated/SWE-RA-SXM-027.json	已掃	1	0	0	0	0	0	0	0	0	
json	features/sxm/generated/SWE-RA-SXM-028.json	已掃	2	0	0	0	0	0	0	0	0	
json	features/sxm/generated/SWE-RA-SXM-029.json	已掃	1	0	0	0	0	0	0	0	0	
json	features/sxm/generated/SWE-RA-SXM-030.json	已掃	1	0	0	0	0	0	0	0	0	
json	features/sxm/generated/SWE-RA-SXM-031.json	已掃	1	0	0	0	0	0	0	0	0	
json	features/sxm/generated/SWE-RA-SXM-032.json	已掃	1	0	0	0	0	0	0	0	0	
json	features/sxm/generated/SWE-RA-SXM-033.json	已掃	1	0	0	0	0	0	0	0	0	
json	features/sxm/generated/SWE-RA-SXM-034.json	已掃	1	0	0	0	0	0	0	0	0	
json	features/sxm/generated/SWE-RA-SXM-035.json	已掃	1	0	0	0	0	0	0	0	0	
json	features/sxm/generated/SWE-RA-SXM-036.json	已掃	1	0	0	0	0	0	0	0	0	
json	features/sxm/generated/SWE-RA-SXM-037.json	已掃	1	0	0	0	0	0	0	0	0	
json	features/sxm/generated/SWE-RA-SXM-038.json	已掃	1	0	0	0	0	0	0	0	0	
json	features/sxm/generated/SWE-RA-SXM-039.json	已掃	1	0	0	0	0	0	0	0	0	
json	features/sxm/generated/SWE-RA-SXM-040.json	已掃	1	0	0	0	0	0	0	0	0	
json	features/sxm/generated/SWE-RA-SXM-041.json	已掃	1	0	0	0	0	0	0	0	0	
json	features/sxm/generated/SWE-RA-SXM-042.json	已掃	1	0	0	0	0	0	0	0	0	
json	features/sxm/generated/SWE-RA-SXM-043.json	已掃	1	0	0	0	0	0	0	0	0	
json	features/sxm/generated/SWE-RA-SXM-044.json	已掃	1	0	0	0	0	0	0	0	0	
json	features/sxm/generated/SWE-RA-SXM-045.json	已掃	1	0	0	0	0	0	0	0	0	
json	features/sxm/generated/SWE-RA-SXM-046.json	已掃	1	0	0	0	0	0	0	0	0	
json	features/sxm/generated/SWE-RA-SXM-047.json	已掃	1	0	0	0	0	0	0	0	0	
json	features/sxm/generated/SWE-RA-SXM-048.json	已掃	1	0	0	0	0	0	0	0	0	
json	features/sxm/generated/SWE-RA-SXM-049.json	已掃	1	0	0	0	0	0	0	0	0	
json	features/sxm/generated/SWE-RA-SXM-050.json	已掃	1	0	0	0	0	0	0	0	0	
json	features/sxm/generated/SWE-RA-SXM-051.json	已掃	1	0	0	0	0	0	0	0	0	
json	features/sxm/generated/SWE-RA-SXM-052.json	已掃	1	0	0	0	0	0	0	0	0	
json	features/sxm/generated/SWE-RA-SXM-053.json	已掃	1	0	0	0	0	0	0	0	0	
json	features/sxm/generated/SWE-RA-SXM-054.json	已掃	1	0	0	0	0	0	0	0	0	
json	features/sxm/generated/SWE-RA-SXM-055.json	已掃	1	0	0	0	0	0	0	0	0	
json	features/sxm/generated/SWE-RA-SXM-056.json	已掃	1	0	0	0	0	0	0	0	0	
json	features/sxm/generated/SWE-RA-SXM-057.json	已掃	2	0	0	0	0	0	0	0	0	
json	features/sxm/generated/SWE-RA-SXM-058.json	已掃	1	0	0	0	0	0	0	0	0	
json	features/sxm/generated/SWE-RA-SXM-059.json	已掃	1	0	0	0	0	0	0	0	0	
json	features/sxm/generated/SWE-RA-SXM-060.json	已掃	1	0	0	0	0	0	0	0	0	
json	features/sxm/generated/SWE-RA-SXM-061.json	已掃	1	0	0	0	0	0	0	0	0	
json	features/sxm/generated/SWE-RA-SXM-062.json	已掃	1	0	0	0	0	0	0	0	0	
json	features/sxm/generated/SWE-RA-SXM-063.json	已掃	1	0	0	0	0	0	0	0	0	
json	features/sxm/generated/SWE-RA-SXM-064.json	已掃	1	0	0	0	0	0	0	0	0	
json	features/sxm/generated/SWE-RA-SXM-065.json	已掃	1	0	0	0	0	0	0	0	0	
json	features/sxm/generated/SWE-RA-SXM-066.json	已掃	1	0	0	0	0	0	0	0	0	
json	features/sxm/generated/SWE-RA-SXM-067.json	已掃	1	0	0	0	0	0	0	0	0	
json	features/sxm/generated/SWE-RA-SXM-068.json	已掃	1	0	0	0	0	0	0	0	0	
json	features/sxm/generated/SWE-RA-SXM-069.json	已掃	1	0	0	0	0	0	0	0	0	
json	features/sxm/generated/SWE-RA-SXM-070.json	已掃	1	0	0	0	0	0	0	0	0	
json	features/sxm/generated/SWE-RA-SXM-071.json	已掃	1	0	0	0	0	0	0	0	0	
json	features/sxm/generated/SWE-RA-SXM-072.json	已掃	1	0	0	0	0	0	0	0	0	
json	features/sxm/generated/SWE-RA-SXM-073.json	已掃	1	0	0	0	0	0	0	0	0	
json	features/sxm/generated/SWE-RA-SXM-074.json	已掃	1	0	0	0	0	0	0	0	0	
json	features/sxm/generated/SWE-RA-SXM-075.json	已掃	1	0	0	0	0	0	0	0	0	
json	features/sxm/generated/SWE-RA-SXM-076.json	已掃	1	0	0	0	0	0	0	0	0	
json	features/sxm/generated/SWE-RA-SXM-077.json	已掃	1	0	0	0	0	0	0	0	0	
json	features/sxm/generated/SWE-RA-SXM-078.json	已掃	1	0	0	0	0	0	0	0	0	
json	features/sxm/generated/SWE-RA-SXM-079.json	已掃	1	0	0	0	0	0	0	0	0	
json	features/sxm/generated/SWE-RA-SXM-080.json	已掃	1	0	0	0	0	0	0	0	0	
json	features/sxm/generated/SWE-RA-SXM-081.json	已掃	1	0	0	0	0	0	0	0	0	
json	features/sxm/generated/SWE-RA-SXM-082.json	已掃	1	0	0	0	0	0	0	0	0	
json	features/sxm/generated/SWE-RA-SXM-083.json	已掃	1	0	0	0	0	0	0	0	0	
json	features/sxm/generated/SWE-RA-SXM-084.json	已掃	1	0	0	0	0	0	0	0	0	
json	features/sxm/generated/SWE-RA-SXM-085.json	已掃	1	0	0	0	0	0	0	0	0	
json	features/sxm/generated/SWE-RA-SXM-086.json	已掃	1	0	0	0	0	0	0	0	0	
json	features/sxm/generated/SWE-RA-SXM-087.json	已掃	1	0	0	0	0	0	0	0	0	
json	features/sxm/generated/SWE-RA-SXM-088.json	已掃	1	0	0	0	0	0	0	0	0	
json	features/sxm/generated/SWE-RA-SXM-089.json	已掃	1	0	0	0	0	0	0	0	0	
json	features/sxm/generated/SWE-RA-SXM-090.json	已掃	1	0	0	0	0	0	0	0	0	
json	features/sxm/generated/SWE-RA-SXM-091.json	已掃	1	0	0	0	0	0	0	0	0	
json	features/sxm/generated/SWE-RA-SXM-092.json	已掃	1	0	0	0	0	0	0	0	0	
json	features/sxm/generated/SWE-RA-SXM-093.json	已掃	1	0	0	0	0	0	0	0	0	
json	features/sxm/generated/SWE-RA-SXM-094.json	已掃	1	0	0	0	0	0	0	0	0	
json	features/sxm/generated/SWE-RA-SXM-095.json	已掃	1	0	0	0	0	0	0	0	0	
json	features/sxm/generated/SWE-RA-SXM-096.json	已掃	1	0	0	0	0	0	0	0	0	
json	features/sxm/generated/SWE-RA-SXM-097.json	已掃	1	0	0	0	0	0	0	0	0	
json	features/sxm/generated/SWE-RA-SXM-098.json	已掃	1	0	0	0	0	0	0	0	0	
json	features/sxm/generated/SWE-RA-SXM-099.json	已掃	1	0	0	0	0	0	0	0	0	
json	features/sxm/generated/SWE-RA-SXM-100.json	已掃	1	0	0	0	0	0	0	0	0	
json	features/sxm/generated/SWE-RA-SXM-101.json	已掃	1	0	0	0	0	0	0	0	0	
json	features/sxm/generated/SWE-RA-SXM-102.json	已掃	1	0	0	0	0	0	0	0	0	
json	features/sxm/generated/SWE-RA-SXM-103.json	已掃	1	0	0	0	0	0	0	0	0	
json	features/sxm/generated/SWE-RA-SXM-104.json	已掃	1	0	0	0	0	0	0	0	0	
json	features/sxm/generated/SWE-RA-SXM-105.json	已掃	1	0	0	0	0	0	0	0	0	
json	features/sxm/generated/SWE-RA-SXM-106.json	已掃	1	0	0	0	0	0	0	0	0	
json	features/sxm/generated/SWE-RA-SXM-107.json	已掃	2	0	0	0	0	0	0	0	0	
json	features/sxm/generated/SWE-RA-SXM-108.json	已掃	1	0	0	0	0	0	0	0	0	
json	features/sxm/generated/SWE-RA-SXM-109.json	已掃	1	0	0	0	0	0	0	0	0	
json	features/sxm/generated/SWE-RA-SXM-110.json	已掃	1	0	0	0	0	0	0	0	0	
json	features/sxm/generated/SWE-RA-SXM-111.json	已掃	1	0	0	0	0	0	0	0	0	
json	features/sxm/generated/SWE-RA-SXM-112.json	已掃	1	0	0	0	0	0	0	0	0	
json	features/sxm/generated/SWE-RA-SXM-113.json	已掃	2	0	0	0	0	0	0	0	0	
json	features/sxm/generated/SWE-RA-SXM-114.json	已掃	1	0	0	0	0	0	0	0	0	
json	features/sxm/generated/SWE-RA-SXM-115.json	已掃	1	0	0	0	0	0	0	0	0	
json	features/sxm/generated/SWE-RA-SXM-116.json	已掃	1	0	0	0	0	0	0	0	0	
json	features/sxm/generated/SWE-RA-SXM-117.json	已掃	1	0	0	0	0	0	0	0	0	
json	features/sxm/generated/SWE-RA-SXM-118.json	已掃	1	0	0	0	0	0	0	0	0	
json	features/sxm/generated/SWE-RA-SXM-119.json	已掃	1	0	0	0	0	0	0	0	0	
json	features/sxm/generated/SWE-RA-SXM-120.json	已掃	2	0	0	0	0	0	0	0	0	
json	features/sxm/generated/SWE-RA-SXM-121.json	已掃	1	0	0	0	0	0	0	0	0	
json	features/sxm/generated/SWE-RA-SXM-122.json	已掃	1	0	0	0	0	0	0	0	0	
json	features/sxm/generated/SWE-RA-SXM-123.json	已掃	1	0	0	0	0	0	0	0	0	
json	features/sxm/generated/SWE-RA-SXM-124.json	已掃	2	0	0	0	0	0	0	0	0	
json	features/sxm/generated/SWE-RA-SXM-125.json	已掃	1	0	0	0	0	0	0	0	0	
json	features/sxm/generated/SWE-RA-SXM-126.json	已掃	1	0	0	0	0	0	0	0	0	
json	features/sxm/generated/SWE-RA-SXM-127.json	已掃	1	0	0	0	0	0	0	0	0	
json	features/sxm/generated/SWE-RA-SXM-128.json	已掃	1	0	0	0	0	0	0	0	0	
json	features/sxm/generated/SWE-RA-SXM-129.json	已掃	1	0	0	0	0	0	0	0	0	
json	features/sxm/generated/SWE-RA-SXM-130.json	已掃	1	0	0	0	0	0	0	0	0	
json	features/sxm/generated/SWE-RA-SXM-131.json	已掃	2	0	0	0	0	0	0	0	0	
json	features/sxm/generated/SWE-RA-SXM-132.json	已掃	1	0	0	0	0	0	0	0	0	
json	features/sxm/generated/SWE-RA-SXM-133.json	已掃	1	0	0	0	0	0	0	0	0	
json	features/sxm/generated/SWE-RA-SXM-134.json	已掃	1	0	0	0	0	0	0	0	0	
json	features/sxm/generated/SWE-RA-SXM-135.json	已掃	1	0	0	0	0	0	0	0	0	
json	features/sxm/generated/SWE-RA-SXM-136.json	已掃	1	0	0	0	0	0	0	0	0	
json	features/sxm/generated/SWE-RA-SXM-137.json	已掃	1	0	0	0	0	0	0	0	0	
json	features/sxm/generated/SWE-RA-SXM-138.json	已掃	1	0	0	0	0	0	0	0	0	
json	features/sxm/generated/SWE-RA-SXM-139.json	已掃	1	0	0	0	0	0	0	0	0	
json	features/sxm/generated/SWE-RA-SXM-140.json	已掃	1	0	0	0	0	0	0	0	0	
json	features/sxm/generated/SWE-RA-SXM-141.json	已掃	1	0	0	0	0	0	0	0	0	
json	features/sxm/generated/SWE-RA-SXM-142.json	已掃	1	0	0	0	0	0	0	0	0	
json	features/sxm/generated/SWE-RA-SXM-143.json	已掃	1	0	0	0	0	0	0	0	0	
json	features/sxm/generated/SWE-RA-SXM-144.json	已掃	1	0	0	0	0	0	0	0	0	
json	features/sxm/generated/SWE-RA-SXM-145.json	已掃	1	0	0	0	0	0	0	0	0	
json	features/sxm/generated/SWE-RA-SXM-146.json	已掃	2	0	0	0	0	0	0	0	0	
json	features/sxm/generated/SWE-RA-SXM-147.json	已掃	1	0	0	0	0	0	0	0	0	
json	features/sxm/generated/SWE-RA-SXM-148.json	已掃	1	0	0	0	0	0	0	0	0	
json	features/sxm/generated/SWE-RA-SXM-149.json	已掃	1	0	0	0	0	0	0	0	0	
json	features/sxm/generated/SWE-RA-SXM-150.json	已掃	1	0	0	0	0	0	0	0	0	
json	features/sxm/generated/SWE-RA-SXM-151.json	已掃	1	0	0	0	0	0	0	0	0	
json	features/sxm/generated/SWE-RA-SXM-152.json	已掃	1	0	0	0	0	0	0	0	0	
json	features/sxm/generated/SWE-RA-SXM-153.json	已掃	1	0	0	0	0	0	0	0	0	
json	features/sxm/generated/SWE-RA-SXM-154.json	已掃	1	0	0	0	0	0	0	0	0	
json	features/sxm/generated/SWE-RA-SXM-155.json	已掃	1	0	0	0	0	0	0	0	0	
json	features/sxm/generated/SWE-RA-SXM-156.json	已掃	1	0	0	0	0	0	0	0	0	
json	features/sxm/generated/SWE-RA-SXM-157.json	已掃	1	0	0	0	0	0	0	0	0	
json	features/sxm/generated/SWE-RA-SXM-158.json	已掃	1	0	0	0	0	0	0	0	0	
json	features/sxm/generated/SWE-RA-SXM-159.json	已掃	1	0	0	0	0	0	0	0	0	
json	features/sxm/generated/SWE-RA-SXM-160.json	已掃	1	0	0	0	0	0	0	0	0	
json	features/sxm/generated/SWE-RA-SXM-161.json	已掃	1	0	0	0	0	0	0	0	0	
json	features/sxm/generated/SWE-RA-SXM-162.json	已掃	1	0	0	0	0	0	0	0	0	
json	features/sxm/generated/SWE-RA-SXM-163.json	已掃	1	0	0	0	0	0	0	0	0	
json	features/sxm/generated/SWE-RA-SXM-164.json	已掃	2	0	0	0	0	0	0	0	0	
json	features/sxm/generated/SWE-RA-SXM-165.json	已掃	1	0	0	0	0	0	0	0	0	
json	features/sxm/generated/SWE-RA-SXM-166.json	已掃	1	0	0	0	0	0	0	0	0	
json	features/sxm/generated/SWE-RA-SXM-167.json	已掃	1	0	0	0	0	0	0	0	0	
json	features/sxm/generated/SWE-RA-SXM-168.json	已掃	1	0	0	0	0	0	0	0	0	
json	features/sxm/generated/SWE-RA-SXM-169.json	已掃	1	0	0	0	0	0	0	0	0	
json	features/sxm/generated/SWE-RA-SXM-170.json	已掃	1	0	0	0	0	0	0	0	0	
json	features/sxm/generated/SWE-RA-SXM-171.json	已掃	1	0	0	0	0	0	0	0	0	
json	features/sxm/generated/SWE-RA-SXM-172.json	已掃	1	0	0	0	0	0	0	0	0	
json	features/sxm/generated/SWE-RA-SXM-173.json	已掃	1	0	0	0	0	0	0	0	0	
json	features/sxm/generated/SWE-RA-SXM-174.json	已掃	1	0	0	0	0	0	0	0	0	
json	features/sxm/generated/SWE-RA-SXM-175.json	已掃	1	0	0	0	0	0	0	0	0	
json	features/sxm/generated/SWE-RA-SXM-176.json	已掃	1	0	0	0	0	0	0	0	0	
json	features/sxm/generated/SWE-RA-SXM-177.json	已掃	1	0	0	0	0	0	0	0	0	
json	features/sxm/generated/SWE-RA-SXM-178.json	已掃	1	0	0	0	0	0	0	0	0	
json	features/sxm/generated/SWE-RA-SXM-179.json	已掃	1	0	0	0	0	0	0	0	0	
json	features/sxm/generated/SWE-RA-SXM-180.json	已掃	1	0	0	0	0	0	0	0	0	
json	features/sxm/generated/SWE-RA-SXM-181.json	已掃	1	0	0	0	0	0	0	0	0	
json	features/sxm/generated/SWE-RA-SXM-182.json	已掃	1	0	0	0	0	0	0	0	0	
json	features/sxm/generated/SWE-RA-SXM-183.json	已掃	1	0	0	0	0	0	0	0	0	
json	features/sxm/generated/SWE-RA-SXM-184.json	已掃	1	0	0	0	0	0	0	0	0	
json	features/sxm/generated/SWE-RA-SXM-185.json	已掃	1	0	0	0	0	0	0	0	0	
json	features/sxm/generated/SWE-RA-SXM-186.json	已掃	1	0	0	0	0	0	0	0	0	
json	features/sxm/generated/SWE-RA-SXM-187.json	已掃	1	0	0	0	0	0	0	0	0	
json	features/sxm/generated/SWE-RA-SXM-188.json	已掃	1	0	0	0	0	0	0	0	0	
json	features/sxm/generated/SWE-RA-SXM-189.json	已掃	1	0	0	0	0	0	0	0	0	
json	features/sxm/generated/SWE-RA-SXM-190.json	已掃	1	0	0	0	0	0	0	0	0	
json	features/sxm/generated/SWE-RA-SXM-191.json	已掃	1	0	0	0	0	0	0	0	0	
json	features/sxm/generated/SWE-RA-SXM-192.json	已掃	1	0	0	0	0	0	0	0	0	
json	features/sxm/generated/SWE-RA-SXM-193.json	已掃	1	0	0	0	0	0	0	0	0	
json	features/sxm/generated/SWE-RA-SXM-194.json	已掃	1	0	0	0	0	0	0	0	0	
json	features/sxm/generated/SWE-RA-SXM-195.json	已掃	1	0	0	0	0	0	0	0	0	
json	features/sxm/generated/SWE-RA-SXM-196.json	已掃	1	0	0	0	0	0	0	0	0	
json	features/sxm/generated/SWE-RA-SXM-197.json	已掃	1	0	0	0	0	0	0	0	0	
json	features/sxm/generated/SWE-RA-SXM-198.json	已掃	1	0	0	0	0	0	0	0	0	
json	features/sxm/generated/SWE-RA-SXM-199.json	已掃	1	0	0	0	0	0	0	0	0	
json	features/sxm/generated/SWE-RA-SXM-200.json	已掃	1	0	0	0	0	0	0	0	0	
json	features/sxm/generated/SWE-RA-SXM-201.json	已掃	1	0	0	0	0	0	0	0	0	
json	features/sxm/generated/SWE-RA-SXM-202.json	已掃	1	0	0	0	0	0	0	0	0	
json	features/time_management/generated/B1.json	已掃	19	0	0	0	0	0	0	0	0	
json	features/time_management/generated/B1.pre-arch.json	已掃	19	0	0	0	0	0	0	0	0	
json	features/time_management/generated/B2.json	已掃	16	0	0	0	0	0	0	0	0	
json	features/time_management/generated/B2.pre-arch.json	已掃	16	0	0	0	0	0	0	0	0	
json	features/time_management/generated/B3.json	已掃	16	0	0	0	0	0	0	0	0	
json	features/time_management/generated/B3.pre-arch.json	已掃	14	0	0	0	0	0	0	0	0	
json	features/time_management/generated/B4.json	已掃	8	0	0	0	0	0	0	0	0	
json	features/time_management/generated/B4.pre-arch.json	已掃	8	0	0	0	0	0	0	0	0	
json	features/user_profiles/generated/SWE1-HMI-PROF-001-01.json	已掃	2	0	0	0	0	0	0	0	0	
json	features/user_profiles/generated/SWE1-HMI-PROF-001-02.json	已掃	2	0	0	0	0	0	0	0	0	
json	features/user_profiles/generated/SWE1-HMI-PROF-001-03.json	已掃	2	0	0	0	0	0	0	0	0	
json	features/user_profiles/generated/SWE1-HMI-PROF-002-01.json	已掃	2	0	0	0	0	0	0	0	0	
json	features/user_profiles/generated/SWE1-HMI-PROF-002-02.json	已掃	2	0	0	0	0	0	0	0	0	
json	features/user_profiles/generated/SWE1-HMI-PROF-002-03.json	已掃	2	0	0	0	0	0	0	0	0	
json	features/user_profiles/generated/SWE1-HMI-PROF-003.json	已掃	2	0	0	0	0	0	0	0	0	
json	features/user_profiles/generated/SWE1-HMI-PROF-004-01.json	已掃	2	0	0	0	0	0	0	0	0	
json	features/user_profiles/generated/SWE1-HMI-PROF-004-02.json	已掃	2	0	0	0	0	0	0	0	0	
json	features/user_profiles/generated/SWE1-HMI-PROF-004-03.json	已掃	2	0	0	0	0	0	0	0	0	
json	features/user_profiles/generated/SWE1-HMI-PROF-004-04.json	已掃	2	0	0	0	0	0	0	0	0	
json	features/user_profiles/generated/SWE1-HMI-PROF-005.json	已掃	2	0	0	0	0	0	0	0	0	
json	features/user_profiles/generated/SWE1-HMI-PROF-006-01.json	已掃	2	0	0	0	0	0	0	0	0	
json	features/user_profiles/generated/SWE1-HMI-PROF-006-02.json	已掃	2	0	0	0	0	0	0	0	0	
json	features/user_profiles/generated/SWE1-HMI-PROF-006-03.json	已掃	2	0	0	0	0	0	0	0	0	
json	features/user_profiles/generated/SWE1-HMI-PROF-007-01.json	已掃	2	0	0	0	0	0	0	0	0	
json	features/user_profiles/generated/SWE1-HMI-PROF-007-02.json	已掃	2	0	0	0	0	0	0	0	0	
json	features/user_profiles/generated/SWE1-HMI-PROF-007-03.json	已掃	2	0	0	0	0	0	0	0	0	
json	features/user_profiles/generated/SWE1-HMI-PROF-008.json	已掃	2	0	0	0	0	0	0	0	0	
json	features/user_profiles/generated/SWE1-HMI-PROF-009-neg.json	已掃	2	0	0	0	0	0	0	0	0	
json	features/user_profiles/generated/SWE1-HMI-PROF-009.json	已掃	2	0	0	0	0	0	0	0	0	
json	features/user_profiles/generated/SWE1-HMI-PROF-010-01.json	已掃	2	0	0	0	0	0	0	0	0	
json	features/user_profiles/generated/SWE1-HMI-PROF-010-02.json	已掃	2	0	0	0	0	0	0	0	0	
json	features/user_profiles/generated/SWE1-HMI-PROF-011.json	已掃	2	0	0	0	0	0	0	0	0	
json	features/user_profiles/generated/SWE1-HMI-PROF-012.json	已掃	2	0	0	0	0	0	0	0	0	
json	features/user_profiles/generated/SWE1-HMI-PROF-013.json	已掃	2	0	0	0	0	0	0	0	0	
json	features/user_profiles/generated/SWE1-HMI-PROF-014.json	已掃	2	0	0	0	0	0	0	0	0	
json	features/user_profiles/generated/SWE1-HMI-PROF-015.json	已掃	2	0	0	0	0	0	0	0	0	
json	features/user_profiles/generated/SWE1-HMI-PROF-016.json	已掃	2	0	0	0	0	0	0	0	0	
json	features/user_profiles/generated/SWE1-HMI-PROF-018-01.json	已掃	2	0	0	0	0	0	0	0	0	
json	features/user_profiles/generated/SWE1-HMI-PROF-018-02.json	已掃	2	0	0	0	0	0	0	0	0	
json	features/user_profiles/generated/SWE1-HMI-PROF-018-03.json	已掃	2	0	0	0	0	0	0	0	0	
json	features/user_profiles/generated/SWE1-HMI-PROF-019.json	已掃	2	0	0	0	0	0	0	0	0	
json	features/user_profiles/generated/SWE1-HMI-PROF-020-01.json	已掃	2	0	0	0	0	0	0	0	0	
json	features/user_profiles/generated/SWE1-HMI-PROF-020-02.json	已掃	2	0	0	0	0	0	0	0	0	
json	features/user_profiles/generated/SWE1-HMI-PROF-021-01.json	已掃	2	0	0	0	0	0	0	0	0	
json	features/user_profiles/generated/SWE1-HMI-PROF-021-02.json	已掃	2	0	0	0	0	0	0	0	0	
json	features/user_profiles/generated/SWE1-HMI-PROF-021-03.json	已掃	2	0	0	0	0	0	0	0	0	
json	features/user_profiles/generated/SWE1-HMI-PROF-022.json	已掃	2	0	0	0	0	0	0	0	0	
json	features/user_profiles/generated/SWE1-HMI-PROF-023.json	已掃	2	0	0	0	0	0	0	0	0	
json	features/user_profiles/generated/SWE1-HMI-PROF-024.json	已掃	2	0	0	0	0	0	0	0	0	
json	features/user_profiles/generated/SWE1-HMI-PROF-025.json	已掃	2	0	0	0	0	0	0	0	0	
json	features/user_profiles/generated/SWE1-HMI-PROF-026.json	已掃	2	0	0	0	0	0	0	0	0	
json	features/user_profiles/generated/SWE1-HMI-PROF-027-01.json	已掃	2	0	0	0	0	0	0	0	0	
json	features/user_profiles/generated/SWE1-HMI-PROF-027-02.json	已掃	2	0	0	0	0	0	0	0	0	
json	features/user_profiles/generated/SWE1-HMI-PROF-027-03.json	已掃	2	0	0	0	0	0	0	0	0	
json	features/user_profiles/generated/SWE1-HMI-PROF-028.json	已掃	2	0	0	0	0	0	0	0	0	
json	features/user_profiles/generated/SWE1-HMI-PROF-029.json	已掃	2	0	0	0	0	0	0	0	0	
json	features/user_profiles/generated/SWE1-HMI-PROF-030-01-neg.json	已掃	2	0	0	0	0	0	0	0	0	
json	features/user_profiles/generated/SWE1-HMI-PROF-030-01.json	已掃	2	0	0	0	0	0	0	0	0	
json	features/user_profiles/generated/SWE1-HMI-PROF-030-02.json	已掃	2	0	0	0	0	0	0	0	0	
json	features/user_profiles/generated/SWE1-HMI-PROF-031.json	已掃	2	0	0	0	0	0	0	0	0	
json	features/user_profiles/generated/SWE1-HMI-PROF-032.json	已掃	2	0	0	0	0	0	0	0	0	
json	features/user_profiles/generated/SWE1-HMI-PROF-033.json	已掃	2	0	0	0	0	0	0	0	0	
json	features/user_profiles/generated/SWE1-HMI-PROF-034-01.json	已掃	2	0	0	0	0	0	0	0	0	
json	features/user_profiles/generated/SWE1-HMI-PROF-034-02.json	已掃	2	0	0	0	0	0	0	0	0	
json	features/user_profiles/generated/SWE1-HMI-PROF-034-03.json	已掃	2	0	0	0	0	0	0	0	0	
json	features/user_profiles/generated/SWE1-HMI-PROF-036.json	已掃	2	0	0	0	0	0	0	0	0	
json	features/user_profiles/generated/SWE1-HMI-PROF-037.json	已掃	2	0	0	0	0	0	0	0	0	
json	features/user_profiles/generated/SWE1-HMI-PROF-038.json	已掃	2	0	0	0	0	0	0	0	0	
json	features/user_profiles/generated/SWE1-HMI-PROF-039.json	已掃	2	0	0	0	0	0	0	0	0	
json	features/user_profiles/generated/SWE1-HMI-PROF-040.json	已掃	2	0	0	0	0	0	0	0	0	
json	features/user_profiles/generated/SWE1-HMI-PROF-041-01.json	已掃	2	0	0	0	0	0	0	0	0	
json	features/user_profiles/generated/SWE1-HMI-PROF-041-02.json	已掃	2	0	0	0	0	0	0	0	0	
json	features/user_profiles/generated/SWE1-HMI-PROF-041-03.json	已掃	2	0	0	0	0	0	0	0	0	
json	features/user_profiles/generated/SWE1-HMI-PROF-041-04.json	已掃	2	0	0	0	0	0	0	0	0	
json	features/user_profiles/generated/SWE1-HMI-PROF-042.json	已掃	2	0	0	0	0	0	0	0	0	
json	features/user_profiles/generated/SWE1-HMI-PROF-043.json	已掃	2	0	0	0	0	0	0	0	0	
json	features/user_profiles/generated/SWE1-HMI-PROF-044.json	已掃	2	0	0	0	0	0	0	0	0	
json	features/user_profiles/generated/SWE1-HMI-PROF-045.json	已掃	2	0	0	0	0	0	0	0	0	
json	features/user_profiles/generated/SWE1-HMI-PROF-046.json	已掃	2	0	0	0	0	0	0	0	0	
json	features/user_profiles/generated/SWE1-HMI-PROF-047.json	已掃	2	0	0	0	0	0	0	0	0	
json	features/user_profiles/generated/SWE1-HMI-PROF-048-del.json	已掃	2	0	0	0	0	0	0	0	0	
json	features/user_profiles/generated/SWE1-HMI-PROF-048.json	已掃	2	0	0	0	0	0	0	0	0	
json	features/user_profiles/generated/SWE1-HMI-PROF-049.json	已掃	2	0	0	0	0	0	0	0	0	
json	features/user_profiles/generated/SWE1-HMI-PROF-050-01.json	已掃	2	0	0	0	0	0	0	0	0	
json	features/user_profiles/generated/SWE1-HMI-PROF-050-02.json	已掃	2	0	0	0	0	0	0	0	0	
json	features/user_profiles/generated/SWE1-HMI-PROF-051.json	已掃	2	0	0	0	0	0	0	0	0	
json	features/user_profiles/generated/SWE1-HMI-PROF-052.json	已掃	2	0	0	0	0	0	0	0	0	
json	features/user_profiles/generated/SWE1-HMI-PROF-053.json	已掃	2	0	0	0	0	0	0	0	0	
json	features/user_profiles/generated/SWE1-HMI-PROF-054.json	已掃	2	0	0	0	0	0	0	0	0	
json	features/user_profiles/generated/SWE1-HMI-PROF-055.json	已掃	2	0	0	0	0	0	0	0	0	
json	features/user_profiles/generated/SWE1-HMI-PROF-056.json	已掃	2	0	0	0	0	0	0	0	0	
json	features/user_profiles/generated/SWE1-HMI-PROF-057.json	已掃	2	0	0	0	0	0	0	0	0	
json	features/user_profiles/generated/SWE1-HMI-PROF-058.json	已掃	2	0	0	0	0	0	0	0	0	
json	features/user_profiles/generated/SWE1-HMI-PROF-059-01.json	已掃	2	0	0	0	0	0	0	0	0	
json	features/user_profiles/generated/SWE1-HMI-PROF-059-02.json	已掃	2	0	0	0	0	0	0	0	0	
json	features/user_profiles/generated/SWE1-HMI-PROF-059-03.json	已掃	2	0	0	0	0	0	0	0	0	
json	features/user_profiles/generated/SWE1-HMI-PROF-060.json	已掃	2	0	0	0	0	0	0	0	0	
json	features/user_profiles/generated/SWE1-HMI-PROF-061.json	已掃	2	0	0	0	0	0	0	0	0	
json	features/user_profiles/generated/SWE1-HMI-PROF-062-01.json	已掃	2	0	0	0	0	0	0	0	0	
json	features/user_profiles/generated/SWE1-HMI-PROF-062-02.json	已掃	2	0	0	0	0	0	0	0	0	
json	features/user_profiles/generated/SWE1-HMI-PROF-062-03.json	已掃	2	0	0	0	0	0	0	0	0	
json	features/user_profiles/generated/SWE1-HMI-PROF-062-04.json	已掃	2	0	0	0	0	0	0	0	0	
json	features/user_profiles/generated/SWE1-HMI-PROF-063.json	已掃	2	0	0	0	0	0	0	0	0	
json	features/user_profiles/generated/SWE1-HMI-PROF-064.json	已掃	2	0	0	0	0	0	0	0	0	
json	features/user_profiles/generated/SWE1-HMI-PROF-065.json	已掃	2	0	0	0	0	0	0	0	0	
json	features/user_profiles/generated/SWE1-HMI-PROF-066.json	已掃	2	0	0	0	0	0	0	0	0	
json	features/user_profiles/generated/SWE1-HMI-PROF-067.json	已掃	2	0	0	0	0	0	0	0	0	
json	features/user_profiles/generated/SWE1-HMI-PROF-068.json	已掃	2	0	0	0	0	0	0	0	0	
json	features/user_profiles/generated/SWE1-HMI-PROF-069-01.json	已掃	2	0	0	0	0	0	0	0	0	
json	features/user_profiles/generated/SWE1-HMI-PROF-069-02.json	已掃	2	0	0	0	0	0	0	0	0	
json	features/user_profiles/generated/SWE1-HMI-PROF-070.json	已掃	2	0	0	0	0	0	0	0	0	
json	features/user_profiles/generated/SWE1-HMI-PROF-071.json	已掃	2	0	0	0	0	0	0	0	0	
json	features/user_profiles/generated/SWE1-HMI-PROF-072.json	已掃	2	0	0	0	0	0	0	0	0	
json	features/user_profiles/generated/SWE1-HMI-PROF-073-01.json	已掃	2	0	0	0	0	0	0	0	0	
json	features/user_profiles/generated/SWE1-HMI-PROF-073-02.json	已掃	2	0	0	0	0	0	0	0	0	
json	features/user_profiles/generated/SWE1-HMI-PROF-073-03.json	已掃	2	0	0	0	0	0	0	0	0	
json	features/user_profiles/generated/SWE1-HMI-PROF-074.json	已掃	2	0	0	0	0	0	0	0	0	
json	features/user_profiles/generated/SWE1-HMI-PROF-075.json	已掃	2	0	0	0	0	0	0	0	0	
json	features/user_profiles/generated/SWE1-HMI-PROF-076-01.json	已掃	2	0	0	0	0	0	0	0	0	
json	features/user_profiles/generated/SWE1-HMI-PROF-076-02.json	已掃	2	0	0	0	0	0	0	0	0	
json	features/user_profiles/generated/SWE1-HMI-PROF-076-03.json	已掃	2	0	0	0	0	0	0	0	0	
json	features/user_profiles/generated/SWE1-HMI-PROF-077.json	已掃	2	0	0	0	0	0	0	0	0	
json	features/user_profiles/generated/SWE1-HMI-PROF-078.json	已掃	2	0	0	0	0	0	0	0	0	
json	features/user_profiles/generated/SWE1-HMI-PROF-079.json	已掃	2	0	0	0	0	0	0	0	0	
json	features/user_profiles/generated/SWE1-HMI-PROF-080.json	已掃	2	0	0	0	0	0	0	0	0	
json	features/user_profiles/generated/SWE1-HMI-PROF-081.json	已掃	2	0	0	0	0	0	0	0	0	
json	features/user_profiles/generated/SWE1-HMI-PROF-082.json	已掃	2	0	0	0	0	0	0	0	0	
json	features/user_profiles/generated/SWE1-HMI-PROF-083.json	已掃	2	0	0	0	0	0	0	0	0	
json	features/user_profiles/generated/SWE1-HMI-PROF-084.json	已掃	2	0	0	0	0	0	0	0	0	
json	features/user_profiles/generated/SWE1-HMI-PROF-085-base.json	已掃	2	0	0	0	0	0	0	0	0	
json	features/user_profiles/generated/SWE1-HMI-PROF-085.json	已掃	2	0	0	0	0	0	0	0	0	
json	features/user_profiles/generated/SWE1-HMI-PROF-086.json	已掃	2	0	0	0	0	0	0	0	0	
json	features/user_profiles/generated/SWE1-HMI-PROF-087.json	已掃	2	0	0	0	0	0	0	0	0	
json	features/user_profiles/generated/SWE1-HMI-PROF-088-nofeat.json	已掃	2	0	0	0	0	0	0	0	0	
json	features/user_profiles/generated/SWE1-HMI-PROF-088.json	已掃	2	0	0	0	0	0	0	0	0	
json	features/user_profiles/generated/SWE1-HMI-PROF-089.json	已掃	2	0	0	0	0	0	0	0	0	
json	features/user_profiles/generated/SWE1-HMI-PROF-090.json	已掃	2	0	0	0	0	0	0	0	0	
json	features/user_profiles/generated/SWE1-HMI-PROF-091-01.json	已掃	2	0	0	0	0	0	0	0	0	
json	features/user_profiles/generated/SWE1-HMI-PROF-091-02.json	已掃	2	0	0	0	0	0	0	0	0	
json	features/user_profiles/generated/SWE1-HMI-PROF-092.json	已掃	2	0	0	0	0	0	0	0	0	
json	features/user_profiles/generated/SWE1-HMI-PROF-093.json	已掃	2	0	0	0	0	0	0	0	0	
json	features/user_profiles/generated/SWE1-HMI-PROF-094.json	已掃	2	0	0	0	0	0	0	0	0	
json	features/user_profiles/generated/SWE1-HMI-PROF-095.json	已掃	2	0	0	0	0	0	0	0	0	
json	features/user_profiles/generated/SWE1-HMI-PROF-096.json	已掃	2	0	0	0	0	0	0	0	0	
json	features/user_profiles/generated/SWE1-HMI-PROF-097.json	已掃	2	0	0	0	0	0	0	0	0	
json	features/user_profiles/generated/SWE1-HMI-PROF-098.json	已掃	2	0	0	0	0	0	0	0	0	
json	features/user_profiles/generated/SWE1-HMI-PROF-099.json	已掃	2	0	0	0	0	0	0	0	0	
json	features/user_profiles/generated/SWE1-HMI-PROF-100.json	已掃	2	0	0	0	0	0	0	0	0	
json	features/user_profiles/generated/SWE1-HMI-PROF-101.json	已掃	2	0	0	0	0	0	0	0	0	
json	features/user_profiles/generated/SWE1-HMI-PROF-102.json	已掃	2	0	0	0	0	0	0	0	0	
json	features/user_profiles/generated/SWE1-HMI-PROF-103.json	已掃	2	0	0	0	0	0	0	0	0	
json	features/user_profiles/generated/SWE1-HMI-PROF-104.json	已掃	2	0	0	0	0	0	0	0	0	
json	features/user_profiles/generated/SWE1-HMI-PROF-105.json	已掃	2	0	0	0	0	0	0	0	0	
json	features/user_profiles/generated/SWE1-HMI-PROF-106.json	已掃	2	0	0	0	0	0	0	0	0	
json	features/user_profiles/generated/SWE1-HMI-PROF-107.json	已掃	2	0	0	0	0	0	0	0	0	
json	features/user_profiles/generated/SWE1-HMI-PROF-108-r1h.json	已掃	2	0	0	0	0	0	0	0	0	
json	features/user_profiles/generated/SWE1-HMI-PROF-108.json	已掃	2	0	0	0	0	0	0	0	0	
json	features/user_profiles/generated/SWE1-HMI-PROF-109-noconn.json	已掃	2	0	0	0	0	0	0	0	0	
json	features/user_profiles/generated/SWE1-HMI-PROF-109.json	已掃	2	0	0	0	0	0	0	0	0	
json	features/user_profiles/generated/SWE1-HMI-PROF-110.json	已掃	2	0	0	0	0	0	0	0	0	
json	features/user_profiles/generated/SWE1-HMI-PROF-111-china.json	已掃	2	0	0	0	0	0	1	0	1	
json	features/user_profiles/generated/SWE1-HMI-PROF-111-neg.json	已掃	2	0	0	0	0	0	0	0	0	
json	features/user_profiles/generated/SWE1-HMI-PROF-111.json	已掃	2	0	0	0	0	0	0	0	0	
json	features/user_profiles/generated/SWE1-HMI-PROF-112-01.json	已掃	2	0	0	0	0	0	0	0	0	
json	features/user_profiles/generated/SWE1-HMI-PROF-112-02.json	已掃	2	0	0	0	0	0	0	0	0	
json	features/user_profiles/generated/SWE1-HMI-PROF-112-03.json	已掃	2	0	0	0	0	0	0	0	0	
json	features/user_profiles/generated/SWE1-HMI-PROF-113.json	已掃	2	0	0	0	0	0	0	0	0	
json	features/user_profiles/generated/SWE1-HMI-PROF-114.json	已掃	2	0	0	0	0	0	0	0	0	
json	features/user_profiles/generated/SWE1-HMI-PROF-115.json	已掃	2	0	0	0	0	0	0	0	0	
json	features/user_profiles/generated/SWE1-HMI-PROF-116.json	已掃	2	0	0	0	0	0	0	0	0	
json	features/user_profiles/generated/SWE1-HMI-PROF-117.json	已掃	2	0	0	0	0	0	0	0	0	
json	features/user_profiles/generated/SWE1-HMI-PROF-118.json	已掃	2	0	0	0	0	0	0	0	0	
json	features/user_profiles/generated/SWE1-HMI-PROF-119.json	已掃	2	0	0	0	0	0	0	0	0	
json	features/user_profiles/generated/SWE1-HMI-PROF-120.json	已掃	2	0	0	0	0	0	0	0	0	
json	features/user_profiles/generated/SWE1-HMI-PROF-121.json	已掃	2	0	0	0	0	0	0	0	0	
json	features/user_profiles/generated/SWE1-HMI-PROF-122.json	已掃	2	0	0	0	0	0	0	0	0	
json	features/user_profiles/generated/SWE1-HMI-PROF-123.json	已掃	2	0	0	0	0	0	0	0	0	
json	features/user_profiles/generated/SWE1-HMI-PROF-124.json	已掃	2	0	0	0	0	0	0	0	0	
json	features/user_profiles/generated/SWE1-HMI-PROF-125-01.json	已掃	2	0	0	0	0	0	0	0	0	
json	features/user_profiles/generated/SWE1-HMI-PROF-125-02.json	已掃	2	0	0	0	0	0	0	0	0	
json	features/user_profiles/generated/SWE1-HMI-PROF-125-03.json	已掃	2	0	0	0	0	0	0	0	0	
json	features/user_profiles/generated/SWE1-HMI-PROF-125-04.json	已掃	2	0	0	0	0	0	0	0	0	
json	features/user_profiles/generated/SWE1-HMI-PROF-126-01.json	已掃	2	0	0	0	0	0	0	0	0	
json	features/user_profiles/generated/SWE1-HMI-PROF-126-02.json	已掃	2	0	0	0	0	0	0	0	0	
json	features/user_profiles/generated/SWE1-HMI-PROF-126-03.json	已掃	2	0	0	0	0	0	0	0	0	
json	features/user_profiles/generated/SWE1-HMI-PROF-127.json	已掃	2	0	0	0	0	0	0	0	0	
json	features/user_profiles/generated/SWE1-HMI-PROF-128-01.json	已掃	2	0	0	0	0	0	0	0	0	
json	features/user_profiles/generated/SWE1-HMI-PROF-128-02.json	已掃	2	0	0	0	0	0	0	0	0	
json	features/user_profiles/generated/SWE1-HMI-PROF-128-03.json	已掃	2	0	0	0	0	0	0	0	0	
json	features/user_profiles/generated/SWE1-HMI-PROF-129.json	已掃	2	0	0	0	0	0	0	0	0	
json	features/user_profiles/generated/SWE1-HMI-PROF-130.json	已掃	2	0	0	0	0	0	0	0	0	
json	features/user_profiles/generated/SWE1-HMI-PROF-131.json	已掃	2	0	0	0	0	0	0	0	0	
json	features/user_profiles/generated/SWE1-HMI-PROF-132-01.json	已掃	2	0	0	0	0	0	0	0	0	
json	features/user_profiles/generated/SWE1-HMI-PROF-132-02.json	已掃	2	0	0	0	0	0	0	0	0	
json	features/user_profiles/generated/SWE1-HMI-PROF-133.json	已掃	2	0	0	0	0	0	0	0	0	
json	features/user_profiles/generated/SWE1-HMI-PROF-134.json	已掃	2	0	0	0	0	0	0	0	0	
json	features/user_profiles/generated/SWE1-HMI-PROF-135.json	已掃	2	0	0	0	0	0	0	0	0	
json	features/vehicle_category/generated/batch1_category_structure.json	已掃	25	0	0	0	0	0	0	0	0	
json	features/vehicle_category/generated/batch2_settings_list.json	已掃	33	0	0	0	0	0	0	0	0	
json	features/vehicle_category/generated/batch3_controls.json	已掃	18	0	0	0	0	0	0	0	0	
json	features/vehicle_category/generated/batch4_settings_behavior.json	已掃	18	0	0	0	0	0	0	0	0	
json	features/vehicle_category/generated/batch5_ignition_availability.json	已掃	22	0	0	0	0	0	0	0	0	
json	features/vehicle_category/generated/batch6_brake_service.json	已掃	3	0	0	0	0	0	0	0	0	
json	features/vehicle_category/generated/batch7_cabrio_widget.json	已掃	2	0	0	0	0	0	0	0	0	
json	features/vehicle_category/generated/pilot_glovebox.json	已掃	13	0	0	0	0	0	0	0	0	
json	features/vehicle_setting/generated/_batch13_anchor.json	已掃	10	0	0	0	0	0	0	0	0	
json	features/vehicle_setting/generated/_batch14_anchor.json	已掃	10	0	0	0	0	0	0	0	0	
json	features/vehicle_setting/generated/_batch15_anchor.json	已掃	13	0	0	0	0	0	0	0	0	
json	features/vehicle_setting/generated/_batch16_anchor.json	已掃	10	0	0	0	0	0	0	0	0	
json	features/vehicle_setting/generated/_batch17_anchor.json	已掃	10	0	0	0	0	0	0	0	0	
json	features/vehicle_setting/generated/_batch18_anchor.json	已掃	10	0	0	0	0	0	0	0	0	
json	features/vehicle_setting/generated/_batch19_anchor.json	已掃	4	0	0	0	0	0	0	0	0	
json	features/vehicle_setting/generated/batch01.json	已掃	10	0	0	0	0	0	0	0	0	
json	features/vehicle_setting/generated/batch01_v2.json	已掃	10	0	0	0	0	0	0	0	0	
json	features/vehicle_setting/generated/batch01_v3.json	已掃	8	0	0	0	0	0	0	0	0	
json	features/vehicle_setting/generated/batch01_v4.json	已掃	8	0	0	0	0	0	0	0	0	
json	features/vehicle_setting/generated/batch01_v5.json	已掃	8	0	0	0	0	0	0	0	0	
json	features/vehicle_setting/generated/batch01_v6.json	已掃	8	0	0	0	0	0	0	0	0	
json	features/vehicle_setting/generated/batch01_v7.json	已掃	10	0	0	0	0	0	0	0	0	
json	features/vehicle_setting/generated/batch01_v8.json	已掃	10	0	0	0	0	0	0	0	0	
json	features/vehicle_setting/generated/batch01_v9.json	已掃	10	0	0	0	0	0	0	0	0	
json	features/vehicle_setting/generated/batch02.json	已掃	6	0	0	0	0	0	0	0	0	
json	features/vehicle_setting/generated/batch02_v2.json	已掃	6	0	0	0	0	0	0	0	0	
json	features/vehicle_setting/generated/batch02_v3.json	已掃	6	0	0	0	0	0	0	0	0	
json	features/vehicle_setting/generated/batch02_v4.json	已掃	6	0	0	0	0	0	0	0	0	
json	features/vehicle_setting/generated/batch02_v5.json	已掃	7	0	0	0	0	0	0	0	0	
json	features/vehicle_setting/generated/batch02_v6.json	已掃	7	0	0	0	0	0	0	0	0	
json	features/vehicle_setting/generated/batch02_v7.json	已掃	7	0	0	0	0	0	0	0	0	
json	features/vehicle_setting/generated/batch03.json	已掃	10	0	0	0	0	0	0	0	0	
json	features/vehicle_setting/generated/batch03_v2.json	已掃	10	0	0	0	0	0	0	0	0	
json	features/vehicle_setting/generated/batch03_v3.json	已掃	10	0	0	0	0	0	0	0	0	
json	features/vehicle_setting/generated/batch03_v4.json	已掃	10	0	0	0	0	0	0	0	0	
json	features/vehicle_setting/generated/batch03_v5.json	已掃	10	0	0	0	0	0	0	0	0	
json	features/vehicle_setting/generated/batch03_v6.json	已掃	10	0	0	0	0	0	0	0	0	
json	features/vehicle_setting/generated/batch04.json	已掃	10	0	0	0	0	0	0	0	0	
json	features/vehicle_setting/generated/batch04_v2.json	已掃	10	0	0	0	0	0	0	0	0	
json	features/vehicle_setting/generated/batch04_v3.json	已掃	10	0	0	0	0	0	0	0	0	
json	features/vehicle_setting/generated/batch04_v4.json	已掃	10	0	0	0	0	0	0	0	0	
json	features/vehicle_setting/generated/batch04_v5.json	已掃	10	0	0	0	0	0	0	0	0	
json	features/vehicle_setting/generated/batch04_v6.json	已掃	10	0	0	0	0	0	0	0	0	
json	features/vehicle_setting/generated/batch05.json	已掃	8	0	0	0	0	0	0	0	0	
json	features/vehicle_setting/generated/batch05_v2.json	已掃	8	0	0	0	0	0	0	0	0	
json	features/vehicle_setting/generated/batch05_v3.json	已掃	8	0	0	0	0	0	0	0	0	
json	features/vehicle_setting/generated/batch05_v4.json	已掃	8	0	0	0	0	0	0	0	0	
json	features/vehicle_setting/generated/batch06.json	已掃	9	0	0	0	0	0	0	0	0	
json	features/vehicle_setting/generated/batch06_v2.json	已掃	9	0	0	0	0	0	0	0	0	
json	features/vehicle_setting/generated/batch06_v3.json	已掃	9	0	0	0	0	0	0	0	0	
json	features/vehicle_setting/generated/batch06_v4.json	已掃	9	0	0	0	0	0	0	0	0	
json	features/vehicle_setting/generated/batch06_v5.json	已掃	9	0	0	0	0	0	0	0	0	
json	features/vehicle_setting/generated/batch06_v6.json	已掃	10	0	0	0	0	0	0	0	0	
json	features/vehicle_setting/generated/batch07.json	已掃	7	0	0	0	0	0	0	0	0	
json	features/vehicle_setting/generated/batch07_v2.json	已掃	7	0	0	0	0	0	0	0	0	
json	features/vehicle_setting/generated/batch07_v3.json	已掃	7	0	0	0	0	0	0	0	0	
json	features/vehicle_setting/generated/batch07_v4.json	已掃	7	0	0	0	0	0	0	0	0	
json	features/vehicle_setting/generated/batch07_v5.json	已掃	7	0	0	0	0	0	0	0	0	
json	features/vehicle_setting/generated/batch07_v6.json	已掃	7	0	0	0	0	0	0	0	0	
json	features/vehicle_setting/generated/batch07_v7.json	已掃	7	0	0	0	0	0	0	0	0	
json	features/vehicle_setting/generated/batch08.json	已掃	7	0	0	0	0	0	0	0	0	
json	features/vehicle_setting/generated/batch08_v2.json	已掃	7	0	0	0	0	0	0	0	0	
json	features/vehicle_setting/generated/batch08_v3.json	已掃	7	0	0	0	0	0	0	0	0	
json	features/vehicle_setting/generated/batch08_v4.json	已掃	7	0	0	0	0	0	0	0	0	
json	features/vehicle_setting/generated/batch08_v5.json	已掃	7	0	0	0	0	0	0	0	0	
json	features/vehicle_setting/generated/batch10.json	已掃	10	0	0	0	0	0	0	0	0	
json	features/vehicle_setting/generated/batch10_v2.json	已掃	10	0	0	0	0	0	0	0	0	
json	features/vehicle_setting/generated/batch10_v3.json	已掃	10	0	0	0	0	0	0	0	0	
json	features/vehicle_setting/generated/batch10_v4.json	已掃	10	0	0	0	0	0	0	0	0	
json	features/vehicle_setting/generated/batch10_v5.json	已掃	10	0	0	0	0	0	0	0	0	
json	features/vehicle_setting/generated/batch10_v6.json	已掃	10	0	0	0	0	0	0	0	0	
json	features/vehicle_setting/generated/batch11.json	已掃	1	0	0	0	0	0	0	0	0	
json	features/vehicle_setting/generated/batch11_v2.json	已掃	1	0	0	0	0	0	0	0	0	
json	features/vehicle_setting/generated/batch11_v3.json	已掃	1	0	0	0	0	0	0	0	0	
json	features/vehicle_setting/generated/batch11_v4.json	已掃	1	0	0	0	0	0	0	0	0	
json	features/vehicle_setting/generated/batch12.json	未掃	0	未掃	未掃	未掃	未掃	未掃	未掃	未掃	未掃	檔內無 TC 列（非語料檔）
json	features/vehicle_setting/generated/batch12_v2.json	未掃	0	未掃	未掃	未掃	未掃	未掃	未掃	未掃	未掃	檔內無 TC 列（非語料檔）
json	features/vehicle_setting/generated/batch12_v3.json	未掃	0	未掃	未掃	未掃	未掃	未掃	未掃	未掃	未掃	檔內無 TC 列（非語料檔）
json	features/vehicle_setting/generated/batch12_v4.json	未掃	0	未掃	未掃	未掃	未掃	未掃	未掃	未掃	未掃	檔內無 TC 列（非語料檔）
json	features/vehicle_setting/generated/batch13.json	已掃	10	0	0	0	0	0	0	0	0	
json	features/vehicle_setting/generated/batch13_v2.json	已掃	10	0	0	0	0	0	0	0	0	
json	features/vehicle_setting/generated/batch13_v3.json	已掃	10	0	0	0	0	0	0	0	0	
json	features/vehicle_setting/generated/batch13_v4.json	已掃	10	0	0	0	0	0	0	0	0	
json	features/vehicle_setting/generated/batch13_v5.json	已掃	10	0	0	0	0	0	0	0	0	
json	features/vehicle_setting/generated/batch14.json	已掃	10	0	0	0	0	0	0	0	0	
json	features/vehicle_setting/generated/batch14_v2.json	已掃	10	0	0	0	0	0	0	0	0	
json	features/vehicle_setting/generated/batch14_v3.json	已掃	10	0	0	0	0	0	0	0	0	
json	features/vehicle_setting/generated/batch14_v4.json	已掃	10	0	0	0	0	0	0	0	0	
json	features/vehicle_setting/generated/batch14_v5.json	已掃	10	0	0	0	0	0	0	0	0	
json	features/vehicle_setting/generated/batch15.json	已掃	13	0	0	0	0	0	0	0	0	
json	features/vehicle_setting/generated/batch15_v2.json	已掃	13	0	0	0	0	0	0	0	0	
json	features/vehicle_setting/generated/batch15_v3.json	已掃	13	0	0	0	0	0	0	0	0	
json	features/vehicle_setting/generated/batch15_v4.json	已掃	13	0	0	0	0	0	0	0	0	
json	features/vehicle_setting/generated/batch16.json	已掃	10	0	0	0	0	0	0	0	0	
json	features/vehicle_setting/generated/batch16_v2.json	已掃	10	0	0	0	0	0	0	0	0	
json	features/vehicle_setting/generated/batch16_v3.json	已掃	10	0	0	0	0	0	0	0	0	
json	features/vehicle_setting/generated/batch16_v4.json	已掃	10	0	0	0	0	0	0	0	0	
json	features/vehicle_setting/generated/batch17.json	已掃	10	0	0	0	0	0	0	0	0	
json	features/vehicle_setting/generated/batch17_v2.json	已掃	10	0	0	0	0	0	0	0	0	
json	features/vehicle_setting/generated/batch17_v3.json	已掃	10	0	0	0	0	0	0	0	0	
json	features/vehicle_setting/generated/batch17_v4.json	已掃	10	0	0	0	0	0	0	0	0	
json	features/vehicle_setting/generated/batch17_v5.json	已掃	10	0	0	0	0	0	0	0	0	
json	features/vehicle_setting/generated/batch17_v6.json	已掃	10	0	0	0	0	0	0	0	0	
json	features/vehicle_setting/generated/batch18.json	已掃	10	0	0	0	0	0	0	0	0	
json	features/vehicle_setting/generated/batch18_v2.json	已掃	10	0	0	0	0	0	0	0	0	
json	features/vehicle_setting/generated/batch18_v3.json	已掃	10	0	0	0	0	0	0	0	0	
json	features/vehicle_setting/generated/batch18_v4.json	已掃	10	0	0	0	0	0	0	0	0	
json	features/vehicle_setting/generated/batch18_v5.json	已掃	10	0	0	0	0	0	0	0	0	
json	features/vehicle_setting/generated/batch19.json	已掃	4	0	0	0	0	0	0	0	0	
json	features/vehicle_setting/generated/batch19_v2.json	已掃	4	0	0	0	0	0	0	0	0	
json	features/vehicle_setting/generated/batch19_v3.json	已掃	4	0	0	0	0	0	0	0	0	
json	features/vehicle_setting/generated/batch19_v4.json	已掃	4	0	0	0	0	0	0	0	0	
json	features/vehicle_setting/generated/batch20.json	已掃	12	0	0	0	0	0	0	0	0	
json	features/vehicle_setting/generated/batch21_probe.json	已掃	7	0	0	0	0	0	0	0	0	
json	features/vehicle_setting/generated/batch21_probe_v2.json	已掃	7	0	0	0	0	0	0	0	0	
json	features/vehicle_setting/generated/batch22.json	已掃	12	0	0	0	0	0	0	0	0	
json	features/vehicle_setting/generated/batch23.json	已掃	47	0	0	0	0	0	0	0	0	
json	features/vehicle_setting/generated/batch23_v2.json	已掃	47	0	0	0	0	0	0	0	0	
json	features/vehicle_setting/generated/blocked_pending_dr.json	已掃	2	0	0	0	0	0	0	0	0	
json	features/vehicle_setting/generated/vf230_backfill.json	已掃	21	0	0	0	0	0	0	0	0	
json	features/vehicle_setting/generated/vf230_batch01.json	已掃	50	0	0	0	0	0	0	0	0	
json	features/vehicle_setting/generated/vf230_batch02.json	已掃	50	0	0	0	0	0	0	0	0	
json	features/vehicle_setting/generated/vf230_batch03.json	已掃	50	0	0	0	0	0	0	0	0	
json	features/vehicle_setting/generated/vf230_batch04.json	已掃	50	0	0	0	0	0	0	0	0	
json	features/vehicle_setting/generated/vf230_batch05.json	已掃	50	0	0	0	0	0	0	0	0	
json	features/vehicle_setting/generated/vf230_batch06.json	已掃	50	0	0	0	0	0	0	0	0	
json	features/vehicle_setting/generated/vf230_batch07.json	已掃	50	0	0	0	0	0	0	0	0	
json	features/vehicle_setting/generated/vf230_batch08.json	已掃	50	0	0	0	0	0	0	0	0	
json	features/vehicle_setting/generated/vf230_batch09.json	已掃	35	0	0	0	0	0	0	0	0	
json	features/vehicle_setting/generated/vf230_pilot1.json	已掃	10	0	0	0	0	0	0	0	0	
json	features/vehicle_setting/generated/vf230_pilot2.json	已掃	10	0	0	0	0	0	0	0	0	
json	features/vehicle_setting/generated/vf230_pilot3.json	已掃	3	0	0	0	0	0	0	0	0	
xlsx	features/audio_mgmt/generated/SWQT_AudioMgmt_B1-B7.xlsx	已掃	369	0	0	0	0	0	0	0	0	
xlsx	features/bed_lowering/output/FM-WI-FSM-036-A01 STLA 測試用例規範與結果_SWQT STLA Test Case Specification & Result_SWQT_BedLowering_20260827.xlsx	已掃	151	0	0	0	0	0	0	0	0	
xlsx	features/bed_lowering/workbook/bed_lowering_00.xlsx	已掃	0	0	0	0	0	0	0	0	0	
xlsx	features/bed_lowering/workbook/bed_lowering_01.xlsx	已掃	13	0	0	0	0	0	0	0	0	
xlsx	features/bed_lowering/workbook/bed_lowering_02.xlsx	已掃	19	0	0	0	0	0	0	0	0	
xlsx	features/bed_lowering/workbook/bed_lowering_03.xlsx	已掃	19	0	0	0	0	0	0	0	0	
xlsx	features/bed_lowering/workbook/bed_lowering_04.xlsx	已掃	19	0	0	0	0	0	0	0	0	
xlsx	features/bed_lowering/workbook/bed_lowering_05.xlsx	已掃	45	0	0	0	0	0	0	0	0	
xlsx	features/bed_lowering/workbook/bed_lowering_06.xlsx	已掃	76	0	0	0	0	0	0	0	0	
xlsx	features/bed_lowering/workbook/bed_lowering_07.xlsx	已掃	88	0	0	0	0	0	0	0	0	
xlsx	features/bed_lowering/workbook/bed_lowering_08.xlsx	已掃	108	0	0	0	0	0	0	0	0	
xlsx	features/bed_lowering/workbook/bed_lowering_09.xlsx	已掃	139	0	0	0	0	0	0	0	0	
xlsx	features/bed_lowering/workbook/bed_lowering_10.xlsx	已掃	151	0	0	0	0	0	0	0	0	
xlsx	features/bed_lowering/workbook/bed_lowering_11.xlsx	已掃	151	0	0	0	0	0	0	0	0	
xlsx	features/comfort/output/FM-WI-FSM-036-A01 STLA 測試用例規範與結果_SWQT STLA Test Case Specification & Result_SWQT_Comfort_20260815_prepared.xlsx	已掃	0	0	0	0	0	0	0	0	0	
xlsx	features/comfort/output/FM-WI-FSM-036-A01 STLA 測試用例規範與結果_SWQT STLA Test Case Specification & Result_SWQT_Comfort_20260816_prepared_ext.xlsx	已掃	0	0	0	0	0	0	0	0	0	
xlsx	features/comfort/output/FM-WI-FSM-036-A01 STLA 測試用例規範與結果_SWQT STLA Test Case Specification & Result_SWQT_Comfort_20260817_rowsort.xlsx	已掃	465	0	0	0	0	0	0	0	0	
xlsx	features/comfort/output/archive/FM-WI-FSM-036-A01 STLA 測試用例規範與結果_SWQT STLA Test Case Specification & Result_SWQT_Comfort_20260815_batch10.xlsx	已掃	166	0	0	0	0	0	0	0	0	
xlsx	features/comfort/output/archive/FM-WI-FSM-036-A01 STLA 測試用例規範與結果_SWQT STLA Test Case Specification & Result_SWQT_Comfort_20260815_batch11.xlsx	已掃	202	0	0	0	0	0	0	0	0	
xlsx	features/comfort/output/archive/FM-WI-FSM-036-A01 STLA 測試用例規範與結果_SWQT STLA Test Case Specification & Result_SWQT_Comfort_20260815_batch12.xlsx	已掃	238	0	0	0	0	0	0	0	0	
xlsx	features/comfort/output/archive/FM-WI-FSM-036-A01 STLA 測試用例規範與結果_SWQT STLA Test Case Specification & Result_SWQT_Comfort_20260815_batch13.xlsx	已掃	265	0	0	0	0	0	0	0	0	
xlsx	features/comfort/output/archive/FM-WI-FSM-036-A01 STLA 測試用例規範與結果_SWQT STLA Test Case Specification & Result_SWQT_Comfort_20260815_batch14.xlsx	已掃	303	0	0	0	0	0	0	0	0	
xlsx	features/comfort/output/archive/FM-WI-FSM-036-A01 STLA 測試用例規範與結果_SWQT STLA Test Case Specification & Result_SWQT_Comfort_20260815_batch15.xlsx	已掃	360	0	0	0	0	0	0	0	0	
xlsx	features/comfort/output/archive/FM-WI-FSM-036-A01 STLA 測試用例規範與結果_SWQT STLA Test Case Specification & Result_SWQT_Comfort_20260815_batch16.xlsx	已掃	381	0	0	0	0	0	0	0	0	
xlsx	features/comfort/output/archive/FM-WI-FSM-036-A01 STLA 測試用例規範與結果_SWQT STLA Test Case Specification & Result_SWQT_Comfort_20260815_batch7.xlsx	已掃	114	0	0	0	0	0	0	0	0	
xlsx	features/comfort/output/archive/FM-WI-FSM-036-A01 STLA 測試用例規範與結果_SWQT STLA Test Case Specification & Result_SWQT_Comfort_20260815_batch8.xlsx	已掃	124	0	0	0	0	0	0	0	0	
xlsx	features/comfort/output/archive/FM-WI-FSM-036-A01 STLA 測試用例規範與結果_SWQT STLA Test Case Specification & Result_SWQT_Comfort_20260815_batch9.xlsx	已掃	152	0	0	0	0	0	0	0	0	
xlsx	features/comfort/output/archive/FM-WI-FSM-036-A01 STLA 測試用例規範與結果_SWQT STLA Test Case Specification & Result_SWQT_Comfort_20260815_blocked2.xlsx	已掃	383	0	0	0	0	0	0	0	0	
xlsx	features/comfort/output/archive/FM-WI-FSM-036-A01 STLA 測試用例規範與結果_SWQT STLA Test Case Specification & Result_SWQT_Comfort_20260815_enumsplit.xlsx	已掃	429	0	0	0	0	0	0	0	0	
xlsx	features/comfort/output/archive/FM-WI-FSM-036-A01 STLA 測試用例規範與結果_SWQT STLA Test Case Specification & Result_SWQT_Comfort_20260815_pilot.xlsx	已掃	14	0	0	0	0	0	0	0	0	
xlsx	features/comfort/output/archive/FM-WI-FSM-036-A01 STLA 測試用例規範與結果_SWQT STLA Test Case Specification & Result_SWQT_Comfort_20260815_rc42_1.xlsx	已掃	381	0	0	0	0	0	0	0	0	
xlsx	features/comfort/output/archive/FM-WI-FSM-036-A01 STLA 測試用例規範與結果_SWQT STLA Test Case Specification & Result_SWQT_Comfort_20260815_readability.xlsx	已掃	383	0	0	0	0	0	0	0	0	
xlsx	features/comfort/output/archive/FM-WI-FSM-036-A01 STLA 測試用例規範與結果_SWQT STLA Test Case Specification & Result_SWQT_Comfort_20260815_registry.xlsx	已掃	383	0	0	0	0	0	0	0	0	
xlsx	features/comfort/output/archive/FM-WI-FSM-036-A01 STLA 測試用例規範與結果_SWQT STLA Test Case Specification & Result_SWQT_Comfort_20260815_sourceclass.xlsx	已掃	383	0	0	0	0	0	0	0	0	
xlsx	features/comfort/output/archive/FM-WI-FSM-036-A01 STLA 測試用例規範與結果_SWQT STLA Test Case Specification & Result_SWQT_Comfort_20260815_split151.xlsx	已掃	385	0	0	0	0	0	0	0	0	
xlsx	features/comfort/output/archive/FM-WI-FSM-036-A01 STLA 測試用例規範與結果_SWQT STLA Test Case Specification & Result_SWQT_Comfort_20260815_verbatim.xlsx	已掃	383	0	0	0	0	0	0	0	0	
xlsx	features/comfort/output/archive/FM-WI-FSM-036-A01 STLA 測試用例規範與結果_SWQT STLA Test Case Specification & Result_SWQT_Comfort_20260816.xlsx	已掃	429	0	0	0	0	0	0	0	0	
xlsx	features/comfort/output/archive/FM-WI-FSM-036-A01 STLA 測試用例規範與結果_SWQT STLA Test Case Specification & Result_SWQT_Comfort_20260816_extdocs.xlsx	已掃	434	0	0	0	0	0	0	0	0	
xlsx	features/comfort/output/archive/FM-WI-FSM-036-A01 STLA 測試用例規範與結果_SWQT STLA Test Case Specification & Result_SWQT_Comfort_20260817_itemdef.xlsx	已掃	434	0	0	0	0	0	0	0	0	
xlsx	features/comfort/output/archive/FM-WI-FSM-036-A01 STLA 測試用例規範與結果_SWQT STLA Test Case Specification & Result_SWQT_Comfort_20260817_itemfmt.xlsx	已掃	434	0	0	0	0	0	0	0	0	
xlsx	features/comfort/output/archive/FM-WI-FSM-036-A01 STLA 測試用例規範與結果_SWQT STLA Test Case Specification & Result_SWQT_Comfort_20260817_merged.xlsx	已掃	434	0	0	0	0	0	0	0	0	
xlsx	features/display/output/FM-WI-FSM-036-A01 STLA 測試用例規範與結果_SWQT STLA Test Case Specification & Result_SWQT_Display_20260826.xlsx	已掃	23	0	0	0	0	0	0	0	0	
xlsx	features/power/delivered/pm_29.xlsx	已掃	389	0	0	0	0	0	0	0	0	
xlsx	features/power/sandbox/b02/pm_batch2.xlsx	已掃	283	0	0	0	0	0	0	0	0	
xlsx	features/power/sandbox/b02/pm_remediated.xlsx	已掃	283	0	0	0	0	0	0	0	0	
xlsx	features/power/sandbox/b02/pm_work.xlsx	已掃	283	0	0	0	0	0	0	0	0	
xlsx	features/power/sandbox/b10/pm_10a.xlsx	已掃	283	0	0	0	0	0	0	0	0	
xlsx	features/power/sandbox/b10/pm_10a5.xlsx	已掃	283	0	0	0	0	0	0	0	0	
xlsx	features/power/sandbox/b10/pm_10a5b.xlsx	已掃	283	0	0	0	0	0	0	0	0	
xlsx	features/power/sandbox/b10/pm_base.xlsx	已掃	283	0	0	0	0	0	0	0	0	
xlsx	features/power/sandbox/b16/pm_16.xlsx	已掃	283	0	0	0	0	0	0	0	0	
xlsx	features/power/sandbox/b17/pm_17.xlsx	已掃	283	0	0	0	0	0	0	0	0	
xlsx	features/power/sandbox/b18/pm_18.xlsx	已掃	283	0	0	0	0	0	0	0	0	
xlsx	features/power/sandbox/b19/pm_19.xlsx	已掃	283	0	0	0	0	0	0	0	0	
xlsx	features/power/sandbox/b25/pm_25.xlsx	已掃	406	0	0	0	0	0	0	0	0	
xlsx	features/power/sandbox/b26/pm_26.xlsx	已掃	389	0	0	0	0	0	0	0	0	
xlsx	features/power/sandbox/b27/pm_27.xlsx	已掃	389	0	0	0	0	0	0	0	0	
xlsx	features/power/sandbox/b28/pm_28.xlsx	已掃	389	0	0	0	0	0	0	0	0	
xlsx	features/power/sandbox/b29/pm_29.xlsx	已掃	389	0	0	0	0	0	0	0	0	
xlsx	features/power/sandbox/base.xlsx	已掃	0	0	0	0	0	0	0	0	0	
xlsx	features/power/sandbox/delivery_backup/20260820T034803Z/FM-WI-FSM-036-A01 STLA 測試用例規範與結果_SWQT STLA Test Case Specification & Result_SWQT_PowerManagement_20260816.xlsx	已掃	0	0	0	0	0	0	0	0	0	
xlsx	features/power/sandbox/delivery_backup/20260820T034803Z/Power_Management_FM-WI-FSM-037-A03_STLA_Report_SWRA.xlsx	未掃	0	未掃	未掃	未掃	未掃	未掃	未掃	未掃	未掃	無 'Test Case Specification' 開頭之 sheet
xlsx	features/power/sandbox/delivery_backup/20260821T080541Z/FM-WI-FSM-036-A01 STLA 測試用例規範與結果_SWQT STLA Test Case Specification & Result_SWQT_PowerManagement_20260820.xlsx	已掃	283	0	0	0	0	0	0	0	0	
xlsx	features/power/sandbox/delivery_backup/20260821T080541Z/Power_Management_FM-WI-FSM-037-A03_STLA_Report_SWRA.xlsx	未掃	0	未掃	未掃	未掃	未掃	未掃	未掃	未掃	未掃	無 'Test Case Specification' 開頭之 sheet
xlsx	features/power/sandbox/delivery_backup/20260821T084928Z/FM-WI-FSM-036-A01 STLA 測試用例規範與結果_SWQT STLA Test Case Specification & Result_SWQT_PowerManagement_20260820.xlsx	已掃	283	0	0	0	0	0	0	0	0	
xlsx	features/power/sandbox/delivery_backup/20260821T084928Z/FM-WI-FSM-036-A01 STLA 測試用例規範與結果_SWQT STLA Test Case Specification & Result_SWQT_PowerManagement_20260821(Revise).xlsx	已掃	283	0	0	0	0	0	0	0	0	
xlsx	features/power/sandbox/delivery_backup/20260821T084928Z/Power_Management_FM-WI-FSM-037-A03_STLA_Report_SWRA.xlsx	未掃	0	未掃	未掃	未掃	未掃	未掃	未掃	未掃	未掃	無 'Test Case Specification' 開頭之 sheet
xlsx	features/power/sandbox/delivery_backup/20260821T093234Z/FM-WI-FSM-036-A01 STLA 測試用例規範與結果_SWQT STLA Test Case Specification & Result_SWQT_PowerManagement_20260820.xlsx	已掃	283	0	0	0	0	0	0	0	0	
xlsx	features/power/sandbox/delivery_backup/20260821T093234Z/FM-WI-FSM-036-A01 STLA 測試用例規範與結果_SWQT STLA Test Case Specification & Result_SWQT_PowerManagement_20260821.xlsx	已掃	283	0	0	0	0	0	0	0	0	
xlsx	features/power/sandbox/delivery_backup/20260821T093234Z/Power_Management_FM-WI-FSM-037-A03_STLA_Report_SWRA.xlsx	未掃	0	未掃	未掃	未掃	未掃	未掃	未掃	未掃	未掃	無 'Test Case Specification' 開頭之 sheet
xlsx	features/power/sandbox/delivery_backup/20260821T094127Z/FM-WI-FSM-036-A01 STLA 測試用例規範與結果_SWQT STLA Test Case Specification & Result_SWQT_PowerManagement_20260820.xlsx	已掃	283	0	0	0	0	0	0	0	0	
xlsx	features/power/sandbox/delivery_backup/20260821T094127Z/FM-WI-FSM-036-A01 STLA 測試用例規範與結果_SWQT STLA Test Case Specification & Result_SWQT_PowerManagement_20260821.xlsx	已掃	283	0	0	0	0	0	0	0	0	
xlsx	features/power/sandbox/delivery_backup/20260821T094127Z/Power_Management_FM-WI-FSM-037-A03_STLA_Report_SWRA.xlsx	未掃	0	未掃	未掃	未掃	未掃	未掃	未掃	未掃	未掃	無 'Test Case Specification' 開頭之 sheet
xlsx	features/power/sandbox/delivery_backup/20260821T124700Z/FM-WI-FSM-036-A01 STLA 測試用例規範與結果_SWQT STLA Test Case Specification & Result_SWQT_PowerManagement_20260820.xlsx	已掃	283	0	0	0	0	0	0	0	0	
xlsx	features/power/sandbox/delivery_backup/20260821T124700Z/FM-WI-FSM-036-A01 STLA 測試用例規範與結果_SWQT STLA Test Case Specification & Result_SWQT_PowerManagement_20260821.xlsx	已掃	283	0	0	0	0	0	0	0	0	
xlsx	features/power/sandbox/delivery_backup/20260821T124700Z/Power_Management_FM-WI-FSM-037-A03_STLA_Report_SWRA.xlsx	未掃	0	未掃	未掃	未掃	未掃	未掃	未掃	未掃	未掃	無 'Test Case Specification' 開頭之 sheet
xlsx	features/power/sandbox/delivery_backup/20260824T075848Z/FM-WI-FSM-036-A01 STLA 測試用例規範與結果_SWQT STLA Test Case Specification & Result_SWQT_PowerManagement_20260820.xlsx	已掃	283	0	0	0	0	0	0	0	0	
xlsx	features/power/sandbox/delivery_backup/20260824T075848Z/FM-WI-FSM-036-A01 STLA 測試用例規範與結果_SWQT STLA Test Case Specification & Result_SWQT_PowerManagement_20260821.xlsx	已掃	283	0	0	0	0	0	0	0	0	
xlsx	features/power/sandbox/delivery_backup/20260824T075848Z/Power_Management_FM-WI-FSM-037-A03_STLA_Report_SWRA.xlsx	未掃	0	未掃	未掃	未掃	未掃	未掃	未掃	未掃	未掃	無 'Test Case Specification' 開頭之 sheet
xlsx	features/power/sandbox/dryrun.xlsx	已掃	10	0	0	0	0	0	0	0	0	
xlsx	features/power/sandbox/fail_b.xlsx	已掃	10	0	0	0	0	0	0	0	0	
xlsx	features/power/sandbox/fail_shift.xlsx	已掃	10	0	0	0	0	0	0	0	0	
xlsx	features/power/sandbox/full_dryrun_out.xlsx	已掃	283	0	0	0	0	0	0	0	0	
xlsx	features/power/sandbox/full_dryrun_src.xlsx	已掃	0	0	0	0	0	0	0	0	0	
xlsx	features/power/sandbox/g89_0.xlsx	已掃	0	0	0	0	0	0	0	0	0	
xlsx	features/power/sandbox/g89_1.xlsx	已掃	0	0	0	0	0	0	0	0	0	
xlsx	features/power/sandbox/g89_2.xlsx	已掃	0	0	0	0	0	0	0	0	0	
xlsx	features/power/sandbox/g89_3.xlsx	已掃	0	0	0	0	0	0	0	0	0	
xlsx	features/power/sandbox/g90_append.xlsx	已掃	22	0	0	0	0	0	0	0	0	
xlsx	features/power/sandbox/g90_base.xlsx	已掃	5	0	0	0	0	0	0	0	0	
xlsx	features/power/sandbox/g90_overlap.xlsx	已掃	20	0	0	0	0	0	0	0	0	
xlsx	features/power/sandbox/g95_0.xlsx	已掃	0	0	0	0	0	0	0	0	0	
xlsx	features/power/sandbox/g95_1.xlsx	已掃	0	0	0	0	0	0	0	0	0	
xlsx	features/power/sandbox/g95_2.xlsx	已掃	0	0	0	0	0	0	0	0	0	
xlsx	features/power/sandbox/g95_3.xlsx	已掃	0	0	0	0	0	0	0	0	0	
xlsx	features/power/sandbox/g95_4.xlsx	已掃	0	0	0	0	0	0	0	0	0	
xlsx	features/power_moding/output/FM-WI-FSM-036-A01 STLA 測試用例規範與結果_SWQT STLA Test Case Specification & Result_SWQT_PowerModing_20260825_writeback.xlsx	已掃	51	0	0	0	0	0	0	0	0	
xlsx	features/power_moding/output/FM-WI-FSM-036-A01 STLA 測試用例規範與結果_SWQT STLA Test Case Specification & Result_SWQT_PowerModing_20260826_writeback_rev2.xlsx	已掃	51	0	0	0	0	0	0	0	0	
xlsx	features/power_moding/output/FM-WI-FSM-036-A01 STLA 測試用例規範與結果_SWQT STLA Test Case Specification & Result_SWQT_PowerModing_20260826_writeback_rev3.xlsx	已掃	51	0	0	0	0	0	0	0	0	
xlsx	features/privacy/output/FM-WI-FSM-036-A01 STLA 測試用例規範與結果_SWQT STLA Test Case Specification & Result_SWQT_Privacy_20260813_prepared.xlsx	已掃	0	0	0	0	0	0	0	0	0	
xlsx	features/privacy/output/FM-WI-FSM-036-A01 STLA 測試用例規範與結果_SWQT STLA Test Case Specification & Result_SWQT_Privacy_20260813_regen-v1.xlsx	已掃	11	0	0	0	0	0	0	0	0	
xlsx	features/privacy/output/prepared_step1_cleared.xlsx	已掃	0	0	0	0	0	0	0	0	0	
xlsx	features/sxm/output/FM-WI-FSM-036-A01 STLA 測試用例規範與結果_SWQT STLA Test Case Specification & Result_SWQT_SXM_20260813.xlsx	已掃	215	0	0	0	0	0	0	0	0	
xlsx	features/time_management/output/FM-WI-FSM-036-A01 STLA 測試用例規範與結果_SWQT STLA Test Case Specification & Result_SWQT_20260825.xlsx	已掃	59	0	0	0	0	0	0	0	0	
xlsx	features/user_profiles/output/FM-WI-FSM-036-A01 STLA 測試用例規範與結果_SWQT STLA Test Case Specification & Result_SWQT_UserProfiles_20260819.xlsx	已掃	189	0	0	0	0	0	1	0	1	
xlsx	features/user_profiles/output/FM-WI-FSM-036-A01 STLA 測試用例規範與結果_SWQT STLA Test Case Specification & Result_SWQT_UserProfiles_20260820_itemdata.xlsx	已掃	189	0	0	0	0	0	1	0	1	
xlsx	features/user_profiles/output/FM-WI-FSM-036-A01 STLA 測試用例規範與結果_SWQT STLA Test Case Specification & Result_SWQT_UserProfiles_20260820_itemgap.xlsx	已掃	189	0	0	0	0	0	1	0	1	
xlsx	features/vehicle_category/output/FM-WI-FSM-036-A01 STLA 測試用例規範與結果_SWQT STLA Test Case Specification & Result_SWQT_VehicleCategory_20260827_working.xlsx	已掃	126	0	0	0	0	0	0	0	0	
