# source_sha256	c98909e2c15eb0a02e1ab99f25c4c7bd77226fbd5f29842088bbe06f9f0f2afd	 sheet	Analysis Report
STLA 報告_SWRA\nSTLA Report_SWRA																	
																	FM-WI-FSM-037-A03
		Project Name：			#NAME?												
		Reviewer：		Date：													
																	
Software  Requirement Analysis Report																	
Software  Requirement Analysis Report																	
SWE-Requirement ID 	Source Requirement ID	Requirement  Title	Requirement  Description	Release Version	Categorization	Sub Categorization	Feasibility	 Description/Action for Feasibility	 Impact	Description/Action for  Impact	Risk Factor	Description/Action for Risk Factor	Reusable	Description/Action for Reusable	Priority	Verification Criteria	Verification Method 
SWE1-VC-SideDistanceWarning-001	Sys-RA-VF665_V42_VSM-566	Side Distance Warning	Side Distance Warning	1.00.00	Heading												
SWE1-VC-SideDistanceWarning-002	Sys-RA-VF665_V42_VSM-567	Side Distance Warning	The HMI layer shall send a request to VehicleConfigManager to retrieve the Side_Distance_Warning PROXI configuration status. VehicleConfigManager shall communicate with VehicleConfigService to obtain and validate the configuration status. The retrieved configuration response shall be returned from VehicleConfigService to VehicleConfigManager and finally provided to the HMI layer for feature availability handling.\n\nHMI receives the value as "Absent" via signal,\n$Side_Distance_Warning$\n\nThen HMI shall not display the Side Distance Warning and Chime Volume menu items in the Vehicle Settings menu, and the customer shall not be able to perform any setting.	1.00.00	Functional Requirement	Display (including HAL)	Y	The requirement is feasable to achieve.	Y	The requirement impacts *HW supplier and *SW supplier cost,operating schedule and timeline constraints.The parameter unavailability will impact vehicle performance	Medium	The requirement is dependent on *HW supplier and *SW supplier	None	It is a new requirement to be implemented in AAOS14	High	1.The HU shall be powered up (simulate valid ignition condition as mentioned in the requirement)\n2.The HU shall be equipped with test bench power OFF,ON,Flashing and desired testing controls with a host computer.\n3.The HU shall be configured allow the logs collection as ADP.\n4.The HU shall not have any issues with system/any other module.	1. Peer review\n2. Unit test\n3. Integration test\n4. *SW validation\n5. System Validation
SWE1-VC-SideDistanceWarning-003	Sys-RA-VF665_V42_VSM-568	Side Distance Warning	The HMI layer shall send a request to VehicleConfigManager to retrieve the Side_Distance_Warning PROXI configuration status. VehicleConfigManager shall communicate with VehicleConfigService to obtain and validate the configuration status. The retrieved configuration response shall be returned from VehicleConfigService to VehicleConfigManager and finally provided to the HMI layer for feature availability handling.\n\nHMI receives the value as "Present" via signal,\n$Side_Distance_Warning$\n\nThen HMI shall display the Side Distance Warning and Chime Volume menu items in the Vehicle Settings menu and allow the customer to modify the settings.	1.00.00	Functional Requirement	Display (including HAL)	Y	The requirement is feasable to achieve.	Y	The requirement impacts *HW supplier and *SW supplier cost,operating schedule and timeline constraints.The parameter unavailability will impact vehicle performance	Medium	The requirement is dependent on *HW supplier and *SW supplier	None	It is a new requirement to be implemented in AAOS14	High	1.The HU shall be powered up (simulate valid ignition condition as mentioned in the requirement)\n2.The HU shall be equipped with test bench power OFF,ON,Flashing and desired testing controls with a host computer.\n3.The HU shall be configured allow the logs collection as ADP.\n4.The HU shall not have any issues with system/any other module.	1. Peer review\n2. Unit test\n3. Integration test\n4. *SW validation\n5. System Validation
SWE1-VC-SideDistanceWarning-004	Sys-RA-VF665_V42_VSM-570	Side Distance Warning	When the customer chooses to set the Side Distance Warning setting to Off on the LTM or ETM, the HMI layer shall send the updated customer preference to CarPropertyManager via the Android Car API. CarPropertyManager shall invoke setProperty() with propId = Sdw_Req and value = [Off]. CarPropertyService shall forward the request to Vehicle HAL (VHAL) via IVehicle.setValues(). The Vehicle HAL (VHAL) shall transmit the updated signal to the IPC/HW through the vehicle communication interface.\n\nThe HMI receives the value as Off via signal,\n$TELEMATIC_VEHICLE_SETUP.Sdw_Req$.\n\nThen the HMI/LTM/ETM shall update the Side Distance Warning setting status to Off in the Vehicle Settings menu.\n\nThe signal shall be transmitted to IPC within the defined system response time.	1.00.00	Functional Requirement	Display (including HAL)	Y	The requirement is feasable to achieve.	Y	The requirement impacts *HW supplier and *SW supplier cost,operating schedule and timeline constraints.The parameter unavailability will impact vehicle performance	Medium	The requirement is dependent on *HW supplier and *SW supplier	None	It is a new requirement to be implemented in AAOS14	High	1.The HU shall be powered up (simulate valid ignition condition as mentioned in the requirement)\n2.The HU shall be equipped with test bench power OFF,ON,Flashing and desired testing controls with a host computer.\n3.The HU shall be configured allow the logs collection as ADP.\n4.The HU shall not have any issues with system/any other module.	1. Peer review\n2. Unit test\n3. Integration test\n4. *SW validation\n5. System Validation
SWE1-VC-SideDistanceWarning-005	Sys-RA-VF665_V42_VSM-571	Side Distance Warning	When the customer chooses to set the Side Distance Warning setting to Sound on the LTM or ETM, the HMI layer shall send the updated customer preference to CarPropertyManager via the Android Car API. CarPropertyManager shall invoke setProperty() with propId = Sdw_Req and value = [Sound]. CarPropertyService shall forward the request to Vehicle HAL (VHAL) via IVehicle.setValues(). The Vehicle HAL (VHAL) shall transmit the updated signal to the IPC/HW through the vehicle communication interface.\n\nThe HMI receives the value as Sound via signal,\n$TELEMATIC_VEHICLE_SETUP.Sdw_Req$.\n\nThen the HMI/LTM/ETM shall update the Side Distance Warning setting status to Sound in the Vehicle Settings menu.\n\nThe signal shall be transmitted to IPC within the defined system response time.	1.00.00	Functional Requirement	Display (including HAL)	Y	The requirement is feasable to achieve.	Y	The requirement impacts *HW supplier and *SW supplier cost,operating schedule and timeline constraints.The parameter unavailability will impact vehicle performance	Medium	The requirement is dependent on *HW supplier and *SW supplier	None	It is a new requirement to be implemented in AAOS14	High	1.The HU shall be powered up (simulate valid ignition condition as mentioned in the requirement)\n2.The HU shall be equipped with test bench power OFF,ON,Flashing and desired testing controls with a host computer.\n3.The HU shall be configured allow the logs collection as ADP.\n4.The HU shall not have any issues with system/any other module.	1. Peer review\n2. Unit test\n3. Integration test\n4. *SW validation\n5. System Validation
SWE1-VC-SideDistanceWarning-006	Sys-RA-VF665_V42_VSM-572	Side Distance Warning	When the customer chooses to set the Side Distance Warning setting to Sound+Display on the LTM or ETM, the HMI layer shall send the updated customer preference to CarPropertyManager via the Android Car API. CarPropertyManager shall invoke setProperty() with propId = Sdw_Req and value = [Sound+Display]. CarPropertyService shall forward the request to Vehicle HAL (VHAL) via IVehicle.setValues(). The Vehicle HAL (VHAL) shall transmit the updated signal to the IPC/HW through the vehicle communication interface.\n\nThe HMI receives the value as Sound+Display via signal,\n$TELEMATIC_VEHICLE_SETUP.Sdw_Req$.\n\nThen the HMI/LTM/ETM shall update the Side Distance Warning setting status to Sound+Display in the Vehicle Settings menu.\n\nThe signal shall be transmitted to IPC within the defined system response time.	1.00.00	Functional Requirement	Display (including HAL)	Y	The requirement is feasable to achieve.	Y	The requirement impacts *HW supplier and *SW supplier cost,operating schedule and timeline constraints.The parameter unavailability will impact vehicle performance	Medium	The requirement is dependent on *HW supplier and *SW supplier	None	It is a new requirement to be implemented in AAOS14	High	1.The HU shall be powered up (simulate valid ignition condition as mentioned in the requirement)\n2.The HU shall be equipped with test bench power OFF,ON,Flashing and desired testing controls with a host computer.\n3.The HU shall be configured allow the logs collection as ADP.\n4.The HU shall not have any issues with system/any other module.	1. Peer review\n2. Unit test\n3. Integration test\n4. *SW validation\n5. System Validation
SWE1-VC-SideDistanceWarning-007	Sys-RA-VF665_V42_VSM-573	Side Distance Warning	The HW supplier shall provide the IPC_VEHICLE_SETUP.Sdw signal to the Android Automotive layer through the vehicle communication network and VHAL interface. VHAL shall forward the updated Side Distance Warning signal value to CarPropertyService, which shall update CarPropertyManager through the Android Automotive framework. CarPropertyManager shall notify the application layer, and the HMI/LTM/ETM layer shall process the updated setting information.\n\nWhen the LTM or ETM receives the value via signal\n$IPC_VEHICLE_SETUP.Sdw$,\n\nthe LTM or ETM shall update the Side Distance Warning setting status information on the display within the defined system response time.	1.00.00	Functional Requirement	Display (including HAL)	Y	The requirement is feasable to achieve.	Y	The requirement impacts *HW supplier and *SW supplier cost,operating schedule and timeline constraints.The parameter unavailability will impact vehicle performance	Medium	The requirement is dependent on *HW supplier and *SW supplier	None	It is a new requirement to be implemented in AAOS14	High	1.The HU shall be powered up (simulate valid ignition condition as mentioned in the requirement)\n2.The HU shall be equipped with test bench power OFF,ON,Flashing and desired testing controls with a host computer.\n3.The HU shall be configured allow the logs collection as ADP.\n4.The HU shall not have any issues with system/any other module.	1. Peer review\n2. Unit test\n3. Integration test\n4. *SW validation\n5. System Validation
SWE1-VC-SideDistanceWarning-008	Sys-RA-VF665_V42_VSM-575	Side Distance Warning	When the customer chooses to set the Side Distance Warning Chime Volume to Low on the TLM, the TLM shall send the updated customer preference to CarPropertyManager via the Android Car API. CarPropertyManager shall invoke setProperty() with propId = SdwChimeVolume_Req and value = [Low]. CarPropertyService shall forward the request to Vehicle HAL (VHAL) via IVehicle.setValues(). The Vehicle HAL (VHAL) shall transmit the updated signal to the IPC/HW through the vehicle communication interface.\n\nThe TLM receives the value as Low via signal,\n$TELEMATIC_VEHICLE_SETUP.SdwChimeVolume_Req$.\n\nThen the TLM shall update the Side Distance Warning Chime Volume setting status to Low in the Vehicle Settings menu.\n\nThe signal shall be transmitted to IPC within the defined system response time.	1.00.00	Functional Requirement	Display (including HAL)	Y	The requirement is feasable to achieve.	Y	The requirement impacts *HW supplier and *SW supplier cost,operating schedule and timeline constraints.The parameter unavailability will impact vehicle performance	Medium	The requirement is dependent on *HW supplier and *SW supplier	None	It is a new requirement to be implemented in AAOS14	High	1.The HU shall be powered up (simulate valid ignition condition as mentioned in the requirement)\n2.The HU shall be equipped with test bench power OFF,ON,Flashing and desired testing controls with a host computer.\n3.The HU shall be configured allow the logs collection as ADP.\n4.The HU shall not have any issues with system/any other module.	1. Peer review\n2. Unit test\n3. Integration test\n4. *SW validation\n5. System Validation
SWE1-VC-SideDistanceWarning-009	Sys-RA-VF665_V42_VSM-576	Side Distance Warning	When the customer chooses to set the Side Distance Warning Chime Volume to Medium on the TLM, the TLM shall send the updated customer preference to CarPropertyManager via the Android Car API. CarPropertyManager shall invoke setProperty() with propId = SdwChimeVolume_Req and value = [Medium]. CarPropertyService shall forward the request to Vehicle HAL (VHAL) via IVehicle.setValues(). The Vehicle HAL (VHAL) shall transmit the updated signal to the IPC/HW through the vehicle communication interface.\n\nThe TLM receives the value as Medium via signal,\n$TELEMATIC_VEHICLE_SETUP.SdwChimeVolume_Req$.\n\nThen the TLM shall update the Side Distance Warning Chime Volume setting status to Medium in the Vehicle Settings menu.\n\nThe signal shall be transmitted to IPC within the defined system response time.	1.00.00	Functional Requirement	Display (including HAL)	Y	The requirement is feasable to achieve.	Y	The requirement impacts *HW supplier and *SW supplier cost,operating schedule and timeline constraints.The parameter unavailability will impact vehicle performance	Medium	The requirement is dependent on *HW supplier and *SW supplier	None	It is a new requirement to be implemented in AAOS14	High	1.The HU shall be powered up (simulate valid ignition condition as mentioned in the requirement)\n2.The HU shall be equipped with test bench power OFF,ON,Flashing and desired testing controls with a host computer.\n3.The HU shall be configured allow the logs collection as ADP.\n4.The HU shall not have any issues with system/any other module.	1. Peer review\n2. Unit test\n3. Integration test\n4. *SW validation\n5. System Validation
SWE1-VC-SideDistanceWarning-010	Sys-RA-VF665_V42_VSM-577	Side Distance Warning	When the customer chooses to set the Side Distance Warning Chime Volume to High on the TLM, the TLM shall send the updated customer preference to CarPropertyManager via the Android Car API. CarPropertyManager shall invoke setProperty() with propId = SdwChimeVolume_Req and value = [High]. CarPropertyService shall forward the request to Vehicle HAL (VHAL) via IVehicle.setValues(). The Vehicle HAL (VHAL) shall transmit the updated signal to the IPC/HW through the vehicle communication interface.\n\nThe TLM receives the value as High via signal,\n$TELEMATIC_VEHICLE_SETUP.SdwChimeVolume_Req$.\n\nThen the TLM shall update the Side Distance Warning Chime Volume setting status to High in the Vehicle Settings menu.\n\nThe signal shall be transmitted to IPC within the defined system response tim	1.00.00	Functional Requirement	Display (including HAL)	Y	The requirement is feasable to achieve.	Y	The requirement impacts *HW supplier and *SW supplier cost,operating schedule and timeline constraints.The parameter unavailability will impact vehicle performance	Medium	The requirement is dependent on *HW supplier and *SW supplier	None	It is a new requirement to be implemented in AAOS14	High	1.The HU shall be powered up (simulate valid ignition condition as mentioned in the requirement)\n2.The HU shall be equipped with test bench power OFF,ON,Flashing and desired testing controls with a host computer.\n3.The HU shall be configured allow the logs collection as ADP.\n4.The HU shall not have any issues with system/any other module.	1. Peer review\n2. Unit test\n3. Integration test\n4. *SW validation\n5. System Validation
SWE1-VC-SideDistanceWarning-011	Sys-RA-VF665_V42_VSM-578	Side Distance Warning	The HW supplier shall provide the IPC_VEHICLE_SETUP.SdwChimeVolume signal to the Android Automotive layer through the vehicle communication network and VHAL interface. VHAL shall forward the updated Side Distance Warning Chime Volume signal value to CarPropertyService, which shall update CarPropertyManager through the Android Automotive framework. CarPropertyManager shall notify the application layer, and the TLM shall process the updated setting information.\n\nWhen the TLM receives the value via signal\n$IPC_VEHICLE_SETUP.SdwChimeVolume$,\n\nthe TLM shall update the Side Distance Warning Chime Volume setting status information on the display within the defined system response time.	1.00.00	Functional Requirement	Display (including HAL)	Y	The requirement is feasable to achieve.	Y	The requirement impacts *HW supplier and *SW supplier cost,operating schedule and timeline constraints.The parameter unavailability will impact vehicle performance	Medium	The requirement is dependent on *HW supplier and *SW supplier	None	It is a new requirement to be implemented in AAOS14	High	1.The HU shall be powered up (simulate valid ignition condition as mentioned in the requirement)\n2.The HU shall be equipped with test bench power OFF,ON,Flashing and desired testing controls with a host computer.\n3.The HU shall be configured allow the logs collection as ADP.\n4.The HU shall not have any issues with system/any other module.	1. Peer review\n2. Unit test\n3. Integration test\n4. *SW validation\n5. System Validation
SWE1-VC-RainSensor-012	Sys-RA-VF665_V42_VSM-597	Rain Sensor	Rain Sensor	1.00.00	Heading												
SWE1-VC-RainSensor-013	Sys-RA-VF665_V42_VSM-598	Rain Sensor	The HMI layer shall send a request to VehicleConfigManager to retrieve the Rain_Sensor PROXI configuration status. VehicleConfigManager shall communicate with VehicleConfigService to obtain and validate the configuration status. The retrieved configuration response shall be returned from VehicleConfigService to VehicleConfigManager and finally provided to the HMI layer for feature availability handling.\n\nWhen the HMI receives the value "Present" via the $Rain_Sensor$ signal, \nthen HMI shall display the Rain Sensor menu item in the Vehicle Settings menu and allow the customer to modify the setting.	1.00.00	Functional Requirement	Display (including HAL)	Y	The requirement is feasable to achieve.	Y	The requirement impacts *HW supplier and *SW supplier cost,operating schedule and timeline constraints.The parameter unavailability will impact vehicle performance	Medium	The requirement is dependent on *HW supplier and *SW supplier	None	It is a new requirement to be implemented in AAOS14	High	* Set/simualte “Rain_Sensor” PROXI parameter is equal to "Present".\n*Check  TLM shall display the Rain Sensor menu item and the user can perform setting.	 1. Software Validation\n2. System Validation\n3. Integration test.
SWE1-VC-RainSensor-014	Sys-RA-VF665_V42_VSM-599	Rain Sensor	When the customer selects Enable, the HMI layer shall send the request to CarPropertyManager through the Android Car API.\nCarPropertyManager shall invoke setProperty() with propId = RainSensorLevel_Req and value = Enable.\nThe request shall be forwarded through CarPropertyService, PropertyHalService, and VHAL to the IPC.\n\nWhen the HMI receives Enable via $TELEMATIC_VEHICLE_SETUP.RainSensorLevel_Req$, \nit shall update the Rain Sensor setting status to Enable.	1.00.00	Functional Requirement	Display (including HAL)	Y	The requirement is feasable to achieve.	Y	The requirement impacts *HW supplier and *SW supplier cost,operating schedule and timeline constraints.The parameter unavailability will impact vehicle performance	Medium	The requirement is dependent on *HW supplier and *SW supplier	None	It is a new requirement to be implemented in AAOS14	High	1.The HU shall be powered up (simulate valid ignition condition as mentioned in the requirement)\n2.The HU shall be equipped with test bench power OFF,ON,Flashing and desired testing controls with a host computer.\n3.The HU shall be configured allow the logs collection as ADP.\n4.The HU shall not have any issues with system/any other module.	1. Peer review\n2. Unit test\n3. Integration test\n4. *SW validation\n5. System Validation
SWE1-VC-RainSensor-015	Sys-RA-VF665_V42_VSM-600	Rain Sensor	When the customer selects Not_Enable, the HMI layer shall send the request to CarPropertyManager through the Android Car API. \nCarPropertyManager shall invoke setProperty() with propId = RainSensorLevel_Req and value = Not_Enable.\n The request shall be forwarded through CarPropertyService, PropertyHalService, and VHAL to the IPC.\n\n When the HMI receives Not_Enable via $TELEMATIC_VEHICLE_SETUP.\nRainSensorLevel_Req$, it shall update the Rain Sensor setting status to Not_Enable.	1.00.00	Functional Requirement	Display (including HAL)	Y	The requirement is feasable to achieve.	Y	The requirement impacts *HW supplier and *SW supplier cost,operating schedule and timeline constraints.The parameter unavailability will impact vehicle performance	Medium	The requirement is dependent on *HW supplier and *SW supplier	None	It is a new requirement to be implemented in AAOS14	High	1.The HU shall be powered up (simulate valid ignition condition as mentioned in the requirement)\n2.The HU shall be equipped with test bench power OFF,ON,Flashing and desired testing controls with a host computer.\n3.The HU shall be configured allow the logs collection as ADP.\n4.The HU shall not have any issues with system/any other module.	1. Peer review\n2. Unit test\n3. Integration test\n4. *SW validation\n5. System Validation
SWE1-VC-RainSensor-016	Sys-RA-VF665_V42_VSM-601	Rain Sensor	The HMI layer shall request the Rain_Sensor PROXI configuration from VehicleConfigManager. \nVehicleConfigManager shall obtain the configuration from VehicleConfigService, which retrieves and validates the value. \nThe configuration response shall be returned to the HMI. \n\nWhen the HMI receives the value "Absent" via the $Rain_Sensor$ signal,\nit shall not display the Rain Sensor menu item and the customer shall not be able to perform any setting.	1.00.00	Functional Requirement	Display (including HAL)	Y	The requirement is feasable to achieve.	Y	The requirement impacts *HW supplier and *SW supplier cost,operating schedule and timeline constraints.The parameter unavailability will impact vehicle performance	Medium	The requirement is dependent on *HW supplier and *SW supplier	None	It is a new requirement to be implemented in AAOS14	High	* Set/simualte “Rain_Sensor” PROXI parameter is not equal to "absent".\n*Check  TLM shall not display the Rain Sensor menu item and the user can not perform any setting.	 1. Software Validation\n2. System Validation\n3. Integration test.
SWE1-VC-RainSensor-017	Sys-RA-VF665_V42_VSM-602	Rain Sensor	The HW supplier shall provide the IPC_VEHICLE_SETUP.RainSensorLevel signal to the Android Automotive framework through the vehicle communication network and the VHAL interface. VHAL shall forward the updated Rain Sensor property value to PropertyHalService, which shall notify CarPropertyService. CarPropertyService shall update CarPropertyManager, and CarPropertyManager shall notify the application layer through the registered property callback.\n\nWhen the HMI receives the value via the $IPC_VEHICLE_SETUP.RainSensorLevel$ signal, the HMI shall update the Rain Sensor status information on the display through the TLM_Vehicle_Setup_Menu.Info internal signal within the defined system response time.	1.00.00	Functional Requirement	Display (including HAL)	Y	The requirement is feasable to achieve.	Y	The requirement impacts *HW supplier and *SW supplier cost,operating schedule and timeline constraints.The parameter unavailability will impact vehicle performance	Medium	The requirement is dependent on *HW supplier and *SW supplier	None	It is a new requirement to be implemented in AAOS14	High	1.The HU shall be powered up (simulate valid ignition condition as mentioned in the requirement)\n2.The HU shall be equipped with test bench power OFF,ON,Flashing and desired testing controls with a host computer.\n3.The HU shall be configured allow the logs collection as ADP.\n4.The HU shall not have any issues with system/any other module.	1. Peer review\n2. Unit test\n3. Integration test\n4. *SW validation\n5. System Validation
SWE1-VC-Units-018	Sys-RA-VF665_V42_VSM-645	Units	Units	1.00.00	Heading												
SWE1-VC-Units-019	Sys-RA-VF665_V42_VSM-646	Units	The HMI layer shall send a request to VehicleConfigManager to retrieve the CAN node PROXI configuration status relevant to unit measurement packages.\nVehicleConfigManager shall communicate with VehicleConfigService to obtain and validate the configuration status.\nThe retrieved configuration response shall be returned from VehicleConfigService to VehicleConfigManager and finally provided to the HMI layer for feature availability handling.\n\nHMI receives the value as "Present" via the configuration signal.\nThe HMI shall display the Unit Custom setting in the Vehicle Settings menu and allow the customer to modify the measurement units setting.	1.00.00	Functional Requirement	Display (including HAL)	Y	The requirement is feasable to achieve.	Y	The requirement impacts *HW supplier and *SW supplier cost,operating schedule and timeline constraints.The parameter unavailability will impact vehicle performance	Medium	The requirement is dependent on *HW supplier and *SW supplier	None	It is a new requirement to be implemented in AAOS14	High	1.The HU shall be powered up (simulate valid ignition condition as mentioned in the requirement)\n2.The HU shall be equipped with test bench power OFF,ON,Flashing and desired testing controls with a host computer.\n3.The HU shall be configured allow the logs collection as ADP.\n4.The HU shall not have any issues with system/any other module.	1. Peer review\n2. Unit test\n3. Integration test\n4. *SW validation\n5. System Validation
SWE1-VC-Distance-020	Sys-RA-VF665_V42_VSM-647	Distance	Distance	1.00.00	Heading												
SWE1-VC-Distance-021	Sys-RA-VF665_V42_VSM-648	Distance	The HMI layer shall send a request to VehicleConfigManager to retrieve the Odo_Units_Change PROXI configuration. VehicleConfigManager shall communicate with VehicleConfigService to obtain and validate the configuration status. The retrieved configuration response shall be returned from VehicleConfigService to VehicleConfigManager and finally provided to the HMI layer for feature availability handling.\n\nWhen the HMI receives the value "Absent" via the $Odo_Units_Change$ signal, the HMI shall not display the Distance Measurement Unit menu item and the customer shall not be able to perform any setting.	1.00.00	Functional Requirement	Display (including HAL)	Y	The requirement is feasable to achieve.	Y	The requirement impacts *HW supplier and *SW supplier cost,operating schedule and timeline constraints.The parameter unavailability will impact vehicle performance	Medium	The requirement is dependent on *HW supplier and *SW supplier	None	It is a new requirement to be implemented in AAOS14	High	 *setting.Set/simulate “Odo_Units_Change” PROXI parameter is equal to absent”.\n*Check TLM shall not display the Distance Measurement Unit item and the user shall can not be able to perform any setting.	 1. Software Validation\n2. System Validation\n3. Integration test.
SWE1-VC-Distance-022	Sys-RA-VF665_V42_VSM-649	Distance	The HMI layer shall send a request to VehicleConfigManager to retrieve the Odo_Units_Change PROXI configuration. VehicleConfigManager shall communicate with VehicleConfigService to obtain and validate the configuration status. The retrieved configuration response shall be returned from VehicleConfigService to VehicleConfigManager and finally provided to the HMI layer for feature availability handling.\n\nWhen the HMI receives the value "Present" via the $Odo_Units_Change$ signal, the HMI shall display the Distance Measurement Unit menu item and allow the customer to modify the setting.	1.00.00	Functional Requirement	Display (including HAL)	Y	The requirement is feasable to achieve.	Y	The requirement impacts *HW supplier and *SW supplier cost,operating schedule and timeline constraints.The parameter unavailability will impact vehicle performance	Medium	The requirement is dependent on *HW supplier and *SW supplier	None	It is a new requirement to be implemented in AAOS14	High	 *setting.Set/simulate “Odo_Units_Change” PROXI parameter is equal to present”.\n*Check TLM shall display the Distance Measurement Unit item and the user shall can be able to perform any setting.	 1. Software Validation\n2. System Validation\n3. Integration test.
SWE1-VC-Distance-023	Sys-RA-VF665_V42_VSM-650	Distance	When the customer selects Km, the HMI layer shall send the updated customer preference to CarPropertyManager through the Android Car API.\n CarPropertyManager shall invoke setProperty() with propId = DistanceUnit_Req and value = Km.\n CarPropertyService shall forward the request to PropertyHalService, which shall pass the property to VHAL. \nVHAL shall transmit the updated TELEMATIC_VEHICLE_SETUP.DistanceUnit_Req signal to the IPC through the vehicle communication interface.	1.00.00	Functional Requirement	Display (including HAL)	Y	The requirement is feasable to achieve.	Y	The requirement impacts *HW supplier and *SW supplier cost,operating schedule and timeline constraints.The parameter unavailability will impact vehicle performance	Medium	The requirement is dependent on *HW supplier and *SW supplier	None	It is a new requirement to be implemented in AAOS14	High	1.The HU shall be powered up (simulate valid ignition condition as mentioned in the requirement)\n2.The HU shall be equipped with test bench power OFF,ON,Flashing and desired testing controls with a host computer.\n3.The HU shall be configured allow the logs collection as ADP.\n4.The HU shall not have any issues with system/any other module.	1. Peer review\n2. Unit test\n3. Integration test\n4. *SW validation\n5. System Validation
SWE1-VC-Distance-024	Sys-RA-VF665_V42_VSM-651	Distance	When the customer selects Miles, the HMI layer shall send the updated customer preference to CarPropertyManager through the Android Car API. CarPropertyManager shall invoke setProperty() with propId = DistanceUnit_Req and value = Miles. CarPropertyService shall forward the request to PropertyHalService, \nwhich shall pass the property to VHAL. VHAL shall transmit the updated TELEMATIC_VEHICLE_SETUP.DistanceUnit_Req signal to the IPC through the vehicle communication interface.	1.00.00	Functional Requirement	Display (including HAL)	Y	The requirement is feasable to achieve.	Y	The requirement impacts *HW supplier and *SW supplier cost,operating schedule and timeline constraints.The parameter unavailability will impact vehicle performance	Medium	The requirement is dependent on *HW supplier and *SW supplier	None	It is a new requirement to be implemented in AAOS14	High	1.The HU shall be powered up (simulate valid ignition condition as mentioned in the requirement)\n2.The HU shall be equipped with test bench power OFF,ON,Flashing and desired testing controls with a host computer.\n3.The HU shall be configured allow the logs collection as ADP.\n4.The HU shall not have any issues with system/any other module.	1. Peer review\n2. Unit test\n3. Integration test\n4. *SW validation\n5. System Validation
SWE1-VC-Distance-025	Sys-RA-VF665_V42_VSM-652	Distance	The HW supplier shall provide the IPC_VEHICLE_SETUP.DistanceUnit signal to the Android Automotive layer through the vehicle communication network and VHAL.\n VHAL shall forward the updated property to PropertyHalService, which shall update CarPropertyService. \nCarPropertyService shall notify CarPropertyManager, and the application shall receive the property change callback.\n\n When the HMI receives the $IPC_VEHICLE_SETUP.DistanceUnit$ signal, \nit shall update the Distance Measurement Unit information on the display through TLM_Vehicle_Setup_Menu.Info.	1.00.00	Functional Requirement	Display (including HAL)	Y	The requirement is feasable to achieve.	Y	The requirement impacts *HW supplier and *SW supplier cost,operating schedule and timeline constraints.The parameter unavailability will impact vehicle performance	Medium	The requirement is dependent on *HW supplier and *SW supplier	None	It is a new requirement to be implemented in AAOS14	High	1.The HU shall be powered up (simulate valid ignition condition as mentioned in the requirement)\n2.The HU shall be equipped with test bench power OFF,ON,Flashing and desired testing controls with a host computer.\n3.The HU shall be configured allow the logs collection as ADP.\n4.The HU shall not have any issues with system/any other module.	1. Peer review\n2. Unit test\n3. Integration test\n4. *SW validation\n5. System Validation
SWE1-VC-FuelConsumption-026	Sys-RA-VF665_V42_VSM-653	Fuel Consumption	Fuel Consumption	1.00.00	Heading												
SWE1-VC-FuelConsumption-027	Sys-RA-VF665_V42_VSM-654	Fuel Consumption	The HMI layer shall send a request to VehicleConfigManager to retrieve the Fuel_Type PROXI configuration. VehicleConfigManager shall communicate with VehicleConfigService to obtain and validate the vehicle fuel type configuration. The retrieved configuration response shall be returned from VehicleConfigService to VehicleConfigManager and finally provided to the HMI layer for feature availability handling.\n\nHMI receives the value via signal,\n$Fuel_Type$.\n\nWhen the Fuel_Type PROXI parameter is different from CNG or GPL, the HMI/TLM shall display the Consumption Measurement Unit menu item in the Vehicle Settings menu and allow the customer to modify the setting.	1.00.00	Functional Requirement	Display (including HAL)	Y	The requirement is feasable to achieve.	Y	The requirement impacts *HW supplier and *SW supplier cost,operating schedule and timeline constraints.The parameter unavailability will impact vehicle performance	Medium	The requirement is dependent on *HW supplier and *SW supplier	None	It is a new requirement to be implemented in AAOS14	High	1.The HU shall be powered up (simulate valid ignition condition as mentioned in the requirement)\n2.The HU shall be equipped with test bench power OFF,ON,Flashing and desired testing controls with a host computer.\n3.The HU shall be configured allow the logs collection as ADP.\n4.The HU shall not have any issues with system/any other module.	1. Peer review\n2. Unit test\n3. Integration test\n4. *SW validation\n5. System Validation
SWE1-VC-FuelConsumption-028	Sys-RA-VF665_V42_VSM-655	Fuel Consumption	The HMI layer shall send a request to VehicleConfigManager to retrieve the Odo_Units_Change PROXI configuration. VehicleConfigManager shall communicate with VehicleConfigService to obtain and validate the configuration status. The retrieved configuration response shall be returned from VehicleConfigService to VehicleConfigManager and finally provided to the HMI layer for feature availability handling.\n\nThe HMI shall also obtain the current Distance Unit customer setting from the Vehicle Settings application.\n\nHMI receives the PROXI value via signal,\n$Odo_Units_Change$.\n\nWhen Odo_Units_Change = Present and Distance_Unit_Setting.Req = km, the HMI/TLM shall display only the Km_Per_Litre and Litres_Per_100Km menu items in the Consumption Measurement Unit setting.	1.00.00	Functional Requirement	Display (including HAL)	Y	The requirement is feasable to achieve.	Y	The requirement impacts *HW supplier and *SW supplier cost,operating schedule and timeline constraints.The parameter unavailability will impact vehicle performance	Medium	The requirement is dependent on *HW supplier and *SW supplier	None	It is a new requirement to be implemented in AAOS14	High	 *setting.Set/simulate “Odo_Units_Change” PROXI parameter is equal to present AND  Distance_Unit_Setting.Req is equal to km”.\n*Check TLM shall display only the menu items Km_Per_Litre and Litres_Per_100Km	 1. Software Validation\n2. System Validation\n3. Integration test.
SWE1-VC-FuelConsumption-029	Sys-RA-VF665_V42_VSM-656	Fuel Consumption	When the customer selects Km_Per_Litre as the Consumption Measurement Unit, the HMI layer shall send the updated customer preference to CarPropertyManager through the Android Car API. CarPropertyManager shall invoke setProperty() with propId = ConsumptionUnit_Req and value = Km_Per_Litre. CarPropertyService shall forward the property write request to VHAL, which shall transmit the corresponding TELEMATIC_VEHICLE_SETUP.ConsumptionUnit_Req B-CAN signal to the IPC through the vehicle communication interface.\n\nHMI sets the value via signal,\n$TELEMATIC_VEHICLE_SETUP.ConsumptionUnit_Req$.\n\nWhen Consumption_Unit_Setting.Req = Km_Per_Litre, the HMI/TLM shall set TELEMATIC_VEHICLE_SETUP.ConsumptionUnit_Req = Km_Per_Litre.	1.00.00	Functional Requirement	Display (including HAL)	Y	The requirement is feasable to achieve.	Y	The requirement impacts *HW supplier and *SW supplier cost,operating schedule and timeline constraints.The parameter unavailability will impact vehicle performance	Medium	The requirement is dependent on *HW supplier and *SW supplier	None	It is a new requirement to be implemented in AAOS14	High	1.The HU shall be powered up (simulate valid ignition condition as mentioned in the requirement)\n2.The HU shall be equipped with test bench power OFF,ON,Flashing and desired testing controls with a host computer.\n3.The HU shall be configured allow the logs collection as ADP.\n4.The HU shall not have any issues with system/any other module.	1. Peer review\n2. Unit test\n3. Integration test\n4. *SW validation\n5. System Validation
SWE1-VC-FuelConsumption-030	Sys-RA-VF665_V42_VSM-657	Fuel Consumption	When the customer selects Litres_Per_100Km as the Consumption Measurement Unit, the HMI layer shall send the updated customer preference to CarPropertyManager through the Android Car API. CarPropertyManager shall invoke setProperty() with propId = ConsumptionUnit_Req and value = Litres_Per_100Km. CarPropertyService shall forward the property write request to VHAL, which shall transmit the corresponding TELEMATIC_VEHICLE_SETUP.ConsumptionUnit_Req B-CAN signal to the IPC through the vehicle communication interface.\n\nHMI sets the value via signal,\n$TELEMATIC_VEHICLE_SETUP.ConsumptionUnit_Req$.\n\nWhen Consumption_Unit_Setting.Req = Litres_Per_100Km, the HMI/TLM shall set TELEMATIC_VEHICLE_SETUP.ConsumptionUnit_Req = Litres_Per_100Km.	1.00.00	Functional Requirement	Display (including HAL)	Y	The requirement is feasable to achieve.	Y	The requirement impacts *HW supplier and *SW supplier cost,operating schedule and timeline constraints.The parameter unavailability will impact vehicle performance	Medium	The requirement is dependent on *HW supplier and *SW supplier	None	It is a new requirement to be implemented in AAOS14	High	1.The HU shall be powered up (simulate valid ignition condition as mentioned in the requirement)\n2.The HU shall be equipped with test bench power OFF,ON,Flashing and desired testing controls with a host computer.\n3.The HU shall be configured allow the logs collection as ADP.\n4.The HU shall not have any issues with system/any other module.	1. Peer review\n2. Unit test\n3. Integration test\n4. *SW validation\n5. System Validation
SWE1-VC-FuelConsumption-031	Sys-RA-VF665_V42_VSM-658	Fuel Consumption	The HMI layer shall send a request to VehicleConfigManager to retrieve the Odo_Units_Change PROXI configuration status. VehicleConfigManager shall communicate with VehicleConfigService to obtain the requested configuration value. VehicleConfigService shall read and validate the Odo_Units_Change PROXI configuration from the vehicle configuration data. The configuration response shall be returned from VehicleConfigService to VehicleConfigManager, and finally to the HMI layer for feature availability handling.\n\nHMI receives the PROXI value via signal,\n$Odo_Units_Change$.\n\nWhen Odo_Units_Change = Present and Distance_Unit_Setting.Req = Miles, the HMI/TLM shall display only the mpg menu item in the Consumption Measurement Unit setting.	1.00.00	Functional Requirement	Display (including HAL)	Y	The requirement is feasable to achieve.	Y	The requirement impacts *HW supplier and *SW supplier cost,operating schedule and timeline constraints.The parameter unavailability will impact vehicle performance	Medium	The requirement is dependent on *HW supplier and *SW supplier	None	It is a new requirement to be implemented in AAOS14	High	 *setting.Set/simulate “Odo_Units_Change” PROXI parameter is equal to present AND  Distance_Unit_Setting.Req is equal to miles”.\n*Check TLM shall display only the Consumption Unit menu item related to mpg	 1. Software Validation\n2. System Validation\n3. Integration test.
SWE1-VC-FuelConsumption-032	Sys-RA-VF665_V42_VSM-660	Fuel Consumption	The HMI layer shall send a request to VehicleConfigManager to retrieve the Country_Code PROXI configuration status. VehicleConfigManager shall obtain the configuration from VehicleConfigService and return the result to the HMI layer. If the Country_Code is United States of America, Grenada, Burma, Mexico, Canada, Puerto Rico, or Liberia, the HMI layer shall send the updated preference to CarPropertyManager. CarPropertyManager shall invoke setProperty() with propId = ConsumptionUnit_Req and value = Miles_Per_Gallon_US. CarPropertyService shall forward the request to VHAL for transmission to the IPC.\n\nHMI receives the PROXI value via signal,\n$Country_Code$.\n\nWhen Country_Code is United States of America, Grenada, Burma, Mexico, Canada, Puerto Rico, or Liberia, the HMI/TLM shall set $TELEMATIC_VEHICLE_SETUP.ConsumptionUnit_Req = Miles_Per_Gallon_US$.	1.00.00	Functional Requirement	Display (including HAL)	Y	The requirement is feasable to achieve.	Y	The requirement impacts *HW supplier and *SW supplier cost,operating schedule and timeline constraints.The parameter unavailability will impact vehicle performance	Medium	The requirement is dependent on *HW supplier and *SW supplier	None	It is a new requirement to be implemented in AAOS14	High	1.The HU shall be powered up (simulate valid ignition condition as mentioned in the requirement)\n2.The HU shall be equipped with test bench power OFF,ON,Flashing and desired testing controls with a host computer.\n3.The HU shall be configured allow the logs collection as ADP.\n4.The HU shall not have any issues with system/any other module.	1. Peer review\n2. Unit test\n3. Integration test\n4. *SW validation\n5. System Validation
SWE1-VC-FuelConsumption-033	Sys-RA-VF665_V42_VSM-661	Fuel Consumption	The HMI layer shall send the updated customer preference to CarPropertyManager through the Android Car API. CarPropertyManager shall invoke setProperty() with propId = ConsumptionUnit_Req and value = Miles_Per_Gallon_UK. CarPropertyService shall forward the property write request to VHAL, which shall transmit the corresponding TELEMATIC_VEHICLE_SETUP.ConsumptionUnit_Req B-CAN signal to the IPC through the vehicle communication interface.\n\nHMI sets the value via signal,\n$TELEMATIC_VEHICLE_SETUP.ConsumptionUnit_Req$.\n\nWhen the Country_Code does not match the specified markets, the HMI/TLM shall set $TELEMATIC_VEHICLE_SETUP.ConsumptionUnit_Req = Miles_Per_Gallon_UK$.	1.00.00	Functional Requirement	Display (including HAL)	Y	The requirement is feasable to achieve.	Y	The requirement impacts *HW supplier and *SW supplier cost,operating schedule and timeline constraints.The parameter unavailability will impact vehicle performance	Medium	The requirement is dependent on *HW supplier and *SW supplier	None	It is a new requirement to be implemented in AAOS14	High	1.The HU shall be powered up (simulate valid ignition condition as mentioned in the requirement)\n2.The HU shall be equipped with test bench power OFF,ON,Flashing and desired testing controls with a host computer.\n3.The HU shall be configured allow the logs collection as ADP.\n4.The HU shall not have any issues with system/any other module.	1. Peer review\n2. Unit test\n3. Integration test\n4. *SW validation\n5. System Validation
SWE1-VC-FuelConsumption-034	Sys-RA-VF665_V42_VSM-662	Fuel Consumption	The HW supplier shall provide the IPC_VEHICLE_SETUP.ConsumptionUnit signal to the Android Automotive layer through the vehicle communication network and VHAL. VHAL shall forward the updated signal to CarPropertyService, which shall update CarPropertyManager. CarPropertyManager shall notify the application layer, and the HMI/TLM shall process the updated Consumption Measurement Unit information.\n\nWhen the HMI/TLM receives the value via signal,\n$IPC_VEHICLE_SETUP.ConsumptionUnit$,\n\nthe HMI/TLM shall update the Consumption Measurement Unit information on the display through TLM_Vehicle_Setup_Menu.Info.	1.00.00	Functional Requirement	Display (including HAL)	Y	The requirement is feasable to achieve.	Y	The requirement impacts *HW supplier and *SW supplier cost,operating schedule and timeline constraints.The parameter unavailability will impact vehicle performance	Medium	The requirement is dependent on *HW supplier and *SW supplier	None	It is a new requirement to be implemented in AAOS14	High	1.The HU shall be powered up (simulate valid ignition condition as mentioned in the requirement)\n2.The HU shall be equipped with test bench power OFF,ON,Flashing and desired testing controls with a host computer.\n3.The HU shall be configured allow the logs collection as ADP.\n4.The HU shall not have any issues with system/any other module.	1. Peer review\n2. Unit test\n3. Integration test\n4. *SW validation\n5. System Validation
SWE1-VC-FuelConsumption-035	Sys-RA-VF665_V42_VSM-663	Fuel Consumption	The HMI layer shall send a request to VehicleConfigManager to retrieve the required vehicle  PROXI configuration. VehicleConfigManager shall communicate with VehicleConfigService to obtain the configuration status and return the result to the HMI layer for feature availability handling.\n\nHMI receives the configuration value via signal.\n\nWhen the required configuration conditions are not satisfied, the HMI/TLM shall not display the Consumption Measurement Unit menu item, and the user shall not be able to perform the setting.	1.00.00	Functional Requirement	Display (including HAL)	Y	The requirement is feasable to achieve.	Y	The requirement impacts *HW supplier and *SW supplier cost,operating schedule and timeline constraints.The parameter unavailability will impact vehicle performance	Medium	The requirement is dependent on *HW supplier and *SW supplier	None	It is a new requirement to be implemented in AAOS14	High	1.The HU shall be powered up (simulate valid ignition condition as mentioned in the requirement)\n2.The HU shall be equipped with test bench power OFF,ON,Flashing and desired testing controls with a host computer.\n3.The HU shall be configured allow the logs collection as ADP.\n4.The HU shall not have any issues with system/any other module.	1. Peer review\n2. Unit test\n3. Integration test\n4. *SW validation\n5. System Validation
SWE1-VC-HeadlightSensitivity-036	Sys-RA-VF665_V42_VSM-689	Headlight Sensitivity	Headlight Sensitivity	1.00.00	Heading												
SWE1-VC-HeadlightSensitivity-037	Sys-RA-VF665_V42_VSM-690	Headlight Sensitivity	The HMI layer shall send a request to VehicleConfigManager to retrieve the Twilight_Sensor PROXI configuration status. VehicleConfigManager shall communicate with VehicleConfigService to obtain and validate the configuration status.\nThe retrieved configuration response shall be returned from VehicleConfigService to VehicleConfigManager and finally provided to the HMI layer for feature availability handling.\n\nHMI receives the value as "Absent" via signal,\n$Twilight_Sensor$.\n\nThen HMI shall not display the External Light Sensor customer setting in the Vehicle Settings menu and the customer shall not be able to perform any setting.	1.00.00	Functional Requirement	Display (including HAL)	Y	The requirement is feasable to achieve.	Y	The requirement impacts *HW supplier and *SW supplier cost,operating schedule and timeline constraints.The parameter unavailability will impact vehicle performance	Medium	The requirement is dependent on *HW supplier and *SW supplier	None	It is a new requirement to be implemented in AAOS14	High	 *setting.Set/simulate “Twilight_Sensor” PROXI parameter is equal to absent”.\n*Check TLM shall not display the External Light Sensor menu and the user shall can not be able to perform setting.	 1. Software Validation\n2. System Validation\n3. Integration test.
SWE1-VC-HeadlightSensitivity-038	Sys-RA-VF665_V42_VSM-691	Headlight Sensitivity	The HMI layer shall send a request to VehicleConfigManager to retrieve the Twilight_Sensor PROXI configuration status. VehicleConfigManager shall communicate with VehicleConfigService to obtain and validate the configuration status.\nThe retrieved configuration response shall be returned from VehicleConfigService to VehicleConfigManager and finally provided to the HMI layer for feature availability handling.\n\nHMI receives the value as "Present" via signal,\n$Twilight_Sensor$.\n\nThen HMI shall display the External Light Sensor customer setting in the Vehicle Settings menu and allow the customer to modify the setting.	1.00.00	Functional Requirement	Display (including HAL)	Y	The requirement is feasable to achieve.	Y	The requirement impacts *HW supplier and *SW supplier cost,operating schedule and timeline constraints.The parameter unavailability will impact vehicle performance	Medium	The requirement is dependent on *HW supplier and *SW supplier	None	It is a new requirement to be implemented in AAOS14	High	 *setting.Set/simulate “Twilight_Sensor” PROXI parameter is equal to present”.\n*Check TLM shall display the External Light Sensor menu and the user shall can be able to perform setting.	 1. Software Validation\n2. System Validation\n3. Integration test.
SWE1-VC-HeadlightSensitivity-039	Sys-RA-VF665_V42_VSM-692	Headlight Sensitivity	When the customer selects Level_1 for the External Light Sensor setting on the LTM or ETM, the HMI layer shall send the updated customer preference to CarPropertyManager via the Android Car API.\nCarPropertyManager shall invoke setProperty() with propId = ExternalLightSensorLevel_Req and value = [Level_1].\nCarPropertyService shall forward the request to Vehicle HAL (VHAL) via IVehicle.setValues().\nThe Vehicle HAL (VHAL) shall transmit the updated signal to the IPC/HW through the vehicle communication interface.\n\nThe HMI sends the value as Level_1 via signal,\n$TELEMATIC_VEHICLE_SETUP.ExternalLightSensorLevel_Req$.\n\nThen the HMI/LTM/ETM shall update the External Light Sensor setting request to Level_1 and transmit the signal to IPC within the defined system response time.	1.00.00	Functional Requirement	Display (including HAL)	Y	The requirement is feasable to achieve.	Y	The requirement impacts *HW supplier and *SW supplier cost,operating schedule and timeline constraints.The parameter unavailability will impact vehicle performance	Medium	The requirement is dependent on *HW supplier and *SW supplier	None	It is a new requirement to be implemented in AAOS14	High	1.The HU shall be powered up (simulate valid ignition condition as mentioned in the requirement)\n2.The HU shall be equipped with test bench power OFF,ON,Flashing and desired testing controls with a host computer.\n3.The HU shall be configured allow the logs collection as ADP.\n4.The HU shall not have any issues with system/any other module.	1. Peer review\n2. Unit test\n3. Integration test\n4. *SW validation\n5. System Validation
SWE1-VC-HeadlightSensitivity-040	Sys-RA-VF665_V42_VSM-693	Headlight Sensitivity	When the customer selects Level_2 for the External Light Sensor setting on the LTM or ETM, the HMI layer shall send the updated customer preference to CarPropertyManager via the Android Car API.\nCarPropertyManager shall invoke setProperty() with propId = ExternalLightSensorLevel_Req and value = [Level_2].\nCarPropertyService shall forward the request to Vehicle HAL (VHAL) via IVehicle.setValues().\nThe Vehicle HAL (VHAL) shall transmit the updated signal to the IPC/HW through the vehicle communication interface.\n\nThe HMI sends the value as Level_2 via signal,\n$TELEMATIC_VEHICLE_SETUP.ExternalLightSensorLevel_Req$.\n\nThen the HMI/LTM/ETM shall update the External Light Sensor setting request to Level_2 and transmit the signal to IPC within the defined system response time.	1.00.00	Functional Requirement	Display (including HAL)	Y	The requirement is feasable to achieve.	Y	The requirement impacts *HW supplier and *SW supplier cost,operating schedule and timeline constraints.The parameter unavailability will impact vehicle performance	Medium	The requirement is dependent on *HW supplier and *SW supplier	None	It is a new requirement to be implemented in AAOS14	High	1.The HU shall be powered up (simulate valid ignition condition as mentioned in the requirement)\n2.The HU shall be equipped with test bench power OFF,ON,Flashing and desired testing controls with a host computer.\n3.The HU shall be configured allow the logs collection as ADP.\n4.The HU shall not have any issues with system/any other module.	1. Peer review\n2. Unit test\n3. Integration test\n4. *SW validation\n5. System Validation
SWE1-VC-HeadlightSensitivity-041	Sys-RA-VF665_V42_VSM-694	Headlight Sensitivity	When the customer selects Level_3 for the External Light Sensor setting on the LTM or ETM, the HMI layer shall send the updated customer preference to CarPropertyManager via the Android Car API.\nCarPropertyManager shall invoke setProperty() with propId = ExternalLightSensorLevel_Req and value = [Level_3].\nCarPropertyService shall forward the request to Vehicle HAL (VHAL) via IVehicle.setValues().\nThe Vehicle HAL (VHAL) shall transmit the updated signal to the IPC/HW through the vehicle communication interface.\n\nThe HMI sends the value as Level_3 via signal,\n$TELEMATIC_VEHICLE_SETUP.ExternalLightSensorLevel_Req$.\n\nThen the HMI/LTM/ETM shall update the External Light Sensor setting request to Level_3 and transmit the signal to IPC within the defined system response time.	1.00.00	Functional Requirement	Display (including HAL)	Y	The requirement is feasable to achieve.	Y	The requirement impacts *HW supplier and *SW supplier cost,operating schedule and timeline constraints.The parameter unavailability will impact vehicle performance	Medium	The requirement is dependent on *HW supplier and *SW supplier	None	It is a new requirement to be implemented in AAOS14	High	1.The HU shall be powered up (simulate valid ignition condition as mentioned in the requirement)\n2.The HU shall be equipped with test bench power OFF,ON,Flashing and desired testing controls with a host computer.\n3.The HU shall be configured allow the logs collection as ADP.\n4.The HU shall not have any issues with system/any other module.	1. Peer review\n2. Unit test\n3. Integration test\n4. *SW validation\n5. System Validation
SWE1-VC-HeadlightSensitivity-042	Sys-RA-VF665_V42_VSM-695	Headlight Sensitivity	The HW supplier shall provide the IPC_VEHICLE_SETUP.ExternalLightSensorLevel signal to the Android Automotive layer through the vehicle communication network and VHAL interface.\nVHAL shall forward the updated External Light Sensor Level signal value to CarPropertyService, which shall update CarPropertyManager through the Android Automotive framework.\nCarPropertyManager shall notify the application layer, and the HMI/LTM/ETM layer shall process the updated setting information.\n\nWhen the LTM or ETM receives the value via signal,\n$IPC_VEHICLE_SETUP.ExternalLightSensorLevel$,\n\nthe LTM or ETM shall update the External Light Sensor setting status information on the display within the defined system response time.	1.00.00	Functional Requirement	Display (including HAL)	Y	The requirement is feasable to achieve.	Y	The requirement impacts *HW supplier and *SW supplier cost,operating schedule and timeline constraints.The parameter unavailability will impact vehicle performance	Medium	The requirement is dependent on *HW supplier and *SW supplier	None	It is a new requirement to be implemented in AAOS14	High	1.The HU shall be powered up (simulate valid ignition condition as mentioned in the requirement)\n2.The HU shall be equipped with test bench power OFF,ON,Flashing and desired testing controls with a host computer.\n3.The HU shall be configured allow the logs collection as ADP.\n4.The HU shall not have any issues with system/any other module.	1. Peer review\n2. Unit test\n3. Integration test\n4. *SW validation\n5. System Validation
SWE1-VC-EPBMaintenanceMode-043	Sys-RA-VF665_V42_VSM-722	EPB Maintenance Mode 	EPB Maintenance Mode 	1.00.00	Heading												
SWE1-VC-EPBMaintenanceMode-044	Sys-RA-VF665_V42_VSM-723	EPB Maintenance Mode 	The TLM layer shall send a request to VehicleConfigManager to retrieve the EPB_Maintenance_Menu PROXI configuration status. VehicleConfigManager shall communicate with VehicleConfigService to obtain and validate the configuration status. The retrieved configuration response shall be returned from VehicleConfigService to VehicleConfigManager and finally provided to the TLM layer for feature availability handling.\n\nTLM receives the value as "Absent" via signal,\n$EPB_Maintenance_Menu$\n\nThen TLM shall not display the EPB Maintenance Mode menu item in the Vehicle Settings menu, and the customer shall not be able to perform any setting.	1.00.00	Functional Requirement	Display (including HAL)	Y	The requirement is feasable to achieve.	Y	The requirement impacts *HW supplier and *SW supplier cost,operating schedule and timeline constraints.The parameter unavailability will impact vehicle performance	Medium	The requirement is dependent on *HW supplier and *SW supplier	None	It is a new requirement to be implemented in AAOS14	High	1.The HU shall be powered up (simulate valid ignition condition as mentioned in the requirement)\n2.The HU shall be equipped with test bench power OFF,ON,Flashing and desired testing controls with a host computer.\n3.The HU shall be configured allow the logs collection as ADP.\n4.The HU shall not have any issues with system/any other module.	1. Peer review\n2. Unit test\n3. Integration test\n4. *SW validation\n5. System Validation
SWE1-VC-EPBMaintenanceMode-045	Sys-RA-VF665_V42_VSM-724	EPB Maintenance Mode 	The TLM layer shall send a request to VehicleConfigManager to retrieve the EPB_Maintenance_Menu PROXI configuration status. VehicleConfigManager shall communicate with VehicleConfigService to obtain and validate the configuration status. The retrieved configuration response shall be returned from VehicleConfigService to VehicleConfigManager and finally provided to the TLM layer for feature availability handling.\n\nTLM receives the value as "Present" via signal,\n$EPB_Maintenance_Menu$\n\nThen TLM shall display the EPB Maintenance Mode menu item in the Vehicle Settings menu and allow the customer to modify the setting.	1.00.00	Functional Requirement	Display (including HAL)	Y	The requirement is feasable to achieve.	Y	The requirement impacts *HW supplier and *SW supplier cost,operating schedule and timeline constraints.The parameter unavailability will impact vehicle performance	Medium	The requirement is dependent on *HW supplier and *SW supplier	None	It is a new requirement to be implemented in AAOS14	High	1.The HU shall be powered up (simulate valid ignition condition as mentioned in the requirement)\n2.The HU shall be equipped with test bench power OFF,ON,Flashing and desired testing controls with a host computer.\n3.The HU shall be configured allow the logs collection as ADP.\n4.The HU shall not have any issues with system/any other module.	1. Peer review\n2. Unit test\n3. Integration test\n4. *SW validation\n5. System Validation
SWE1-VC-EPBMaintenanceMode-046	Sys-RA-VF665_V42_VSM-725	EPB Maintenance Mode 	When the user enables the EPB Maintenance Mode setting on the TLM, the HMI layer shall send the updated customer preference to CarPropertyManager via the Android Car API. CarPropertyManager shall invoke setProperty() with propId = EPB_MaintenanceMode_Req and value = [On]. CarPropertyService shall forward the request to the Vehicle HAL through IVehicle.setValues()`. The Vehicle HAL (VHAL) shall transmit the updated TELEMATIC_VEHICLE_SETUP2.EPB_MaintenanceMode_Req signal to the IPC through the vehicle communication interface.\n\nTLM receives the value as "On" via signal,\n$TELEMATIC_VEHICLE_SETUP2.EPB_MaintenanceMode_Req$\n\nThen TLM shall:\n\nUpdate the EPB Maintenance Mode setting status to On.\nActivate and display the "Initializing" popup as specified in the Human Machine Interface Logic & Flow document.\nStart the T_EPB_MM timer.\nTransmit the signal to the IPC within the defined system response time.	1.00.00	Functional Requirement	Display (including HAL)	Y	The requirement is feasable to achieve.	Y	The requirement impacts *HW supplier and *SW supplier cost,operating schedule and timeline constraints.The parameter unavailability will impact vehicle performance	Medium	The requirement is dependent on *HW supplier and *SW supplier	None	It is a new requirement to be implemented in AAOS14	High	1.The HU shall be powered up (simulate valid ignition condition as mentioned in the requirement)\n2.The HU shall be equipped with test bench power OFF,ON,Flashing and desired testing controls with a host computer.\n3.The HU shall be configured allow the logs collection as ADP.\n4.The HU shall not have any issues with system/any other module.	1. Peer review\n2. Unit test\n3. Integration test\n4. *SW validation\n5. System Validation
SWE1-VC-EPBMaintenanceMode-047	Sys-RA-VF665_V42_VSM-728	EPB Maintenance Mode 	The HW supplier shall provide the IPC_VEHICLE_SETUP2.EPB_MaintenanceMode signal to the Android Automotive layer through the vehicle communication network and Vehicle HAL (VHAL). VHAL shall forward the updated EPB Maintenance Mode signal to CarPropertyService, which shall update CarPropertyManager through the Android Automotive framework. CarPropertyManager shall notify the TLM application of the property change.\n\nWhen TLM detects that the value of\n$IPC_VEHICLE_SETUP2.EPB_MaintenanceMode$\nhas changed from "Off" to "On", TLM shall activate and display the popup indicating that the user selected Yes to exit Service Mode and that the first step is to step on the brake pedal, as specified in the Human Machine Interface Logic & Flow document. TLM shall reset the EPB Maintenance Mode timeout timer (T_EPB_MM) and continue the EPB Maintenance Mode operation according to the defined HMI flow.	1.00.00	Functional Requirement	Display (including HAL)	Y	The requirement is feasable to achieve.	Y	The requirement impacts *HW supplier and *SW supplier cost,operating schedule and timeline constraints.The parameter unavailability will impact vehicle performance	Medium	The requirement is dependent on *HW supplier and *SW supplier	None	It is a new requirement to be implemented in AAOS14	High	1.The HU shall be powered up (simulate valid ignition condition as mentioned in the requirement)\n2.The HU shall be equipped with test bench power OFF,ON,Flashing and desired testing controls with a host computer.\n3.The HU shall be configured allow the logs collection as ADP.\n4.The HU shall not have any issues with system/any other module.	1. Peer review\n2. Unit test\n3. Integration test\n4. *SW validation\n5. System Validation
SWE1-VC-EPBMaintenanceMode-048	Sys-RA-VF665_V42_VSM-729	EPB Maintenance Mode 	The HW supplier shall provide the IPC_VEHICLE_SETUP2.EPB_Maintenance_Fdbk signal to the Android Automotive layer through the vehicle communication network and Vehicle HAL (VHAL). VHAL shall forward the updated EPB Maintenance feedback signal to CarPropertyService, which shall update CarPropertyManager through the Android Automotive framework. CarPropertyManager shall notify the TLM application of the property update.\n\nWhen TLM receives the value "2" via signal\n$IPC_VEHICLE_SETUP2.EPB_Maintenance_Fdbk$,\nTLM shall activate and display the popup indicating that the user selected Yes to enter Service Mode, but the vehicle speed is not at 0 mph, as specified in the Human Machine Interface Logic & Flow document. TLM shall reset the EPB Maintenance Mode timeout timer (T_EPB_MM).	1.00.00	Functional Requirement	Display (including HAL)	Y	The requirement is feasable to achieve.	Y	The requirement impacts *HW supplier and *SW supplier cost,operating schedule and timeline constraints.The parameter unavailability will impact vehicle performance	Medium	The requirement is dependent on *HW supplier and *SW supplier	None	It is a new requirement to be implemented in AAOS14	High	1.The HU shall be powered up (simulate valid ignition condition as mentioned in the requirement)\n2.The HU shall be equipped with test bench power OFF,ON,Flashing and desired testing controls with a host computer.\n3.The HU shall be configured allow the logs collection as ADP.\n4.The HU shall not have any issues with system/any other module.	1. Peer review\n2. Unit test\n3. Integration test\n4. *SW validation\n5. System Validation
SWE1-VC-EPBMaintenanceMode-049	Sys-RA-VF665_V42_VSM-730	EPB Maintenance Mode 	The HW supplier shall provide the IPC_VEHICLE_SETUP2.EPB_Maintenance_Fdbk signal to the Android Automotive layer through the vehicle communication network and Vehicle HAL (VHAL). VHAL shall forward the updated EPB Maintenance feedback signal to CarPropertyService, which shall update CarPropertyManager through the Android Automotive framework. CarPropertyManager shall notify the TLM application of the property update.\n\nWhen TLM receives the value "3" via signal\n$IPC_VEHICLE_SETUP2.EPB_Maintenance_Fdbk$,\nTLM shall activate and display the popup indicating that the user selected Yes to enter Service Mode, but the vehicle is not in Park or Neutral, as specified in the Human Machine Interface Logic & Flow document. TLM shall reset the EPB Maintenance Mode timeout timer (T_EPB_MM).	1.00.00	Functional Requirement	Display (including HAL)	Y	The requirement is feasable to achieve.	Y	The requirement impacts *HW supplier and *SW supplier cost,operating schedule and timeline constraints.The parameter unavailability will impact vehicle performance	Medium	The requirement is dependent on *HW supplier and *SW supplier	None	It is a new requirement to be implemented in AAOS14	High	1.The HU shall be powered up (simulate valid ignition condition as mentioned in the requirement)\n2.The HU shall be equipped with test bench power OFF,ON,Flashing and desired testing controls with a host computer.\n3.The HU shall be configured allow the logs collection as ADP.\n4.The HU shall not have any issues with system/any other module.	1. Peer review\n2. Unit test\n3. Integration test\n4. *SW validation\n5. System Validation
SWE1-VC-EPBMaintenanceMode-050	Sys-RA-VF665_V42_VSM-731	EPB Maintenance Mode 	The HW supplier shall provide the IPC_VEHICLE_SETUP2.EPB_Maintenance_Fdbk signal to the Android Automotive layer through the vehicle communication network and Vehicle HAL (VHAL). VHAL shall forward the updated EPB Maintenance feedback signal to CarPropertyService, which shall update CarPropertyManager through the Android Automotive framework. CarPropertyManager shall notify the TLM application of the property update.\n\nWhen TLM receives the value "4" via signal\n$IPC_VEHICLE_SETUP2.EPB_Maintenance_Fdbk$,\nTLM shall activate and display the popup indicating that the user selected Yes to enter Service Mode, but the EPB switch is currently engaged, as specified in the Human Machine Interface Logic & Flow document. TLM shall reset the EPB Maintenance Mode timeout timer (T_EPB_MM).	1.00.00	Functional Requirement	Display (including HAL)	Y	The requirement is feasable to achieve.	Y	The requirement impacts *HW supplier and *SW supplier cost,operating schedule and timeline constraints.The parameter unavailability will impact vehicle performance	Medium	The requirement is dependent on *HW supplier and *SW supplier	None	It is a new requirement to be implemented in AAOS14	High	1.The HU shall be powered up (simulate valid ignition condition as mentioned in the requirement)\n2.The HU shall be equipped with test bench power OFF,ON,Flashing and desired testing controls with a host computer.\n3.The HU shall be configured allow the logs collection as ADP.\n4.The HU shall not have any issues with system/any other module.	1. Peer review\n2. Unit test\n3. Integration test\n4. *SW validation\n5. System Validation
SWE1-VC-EPBMaintenanceMode-051	Sys-RA-VF665_V42_VSM-732	EPB Maintenance Mode 	The HW supplier shall provide the IPC_VEHICLE_SETUP2.EPB_Maintenance_Fdbk signal to the Android Automotive layer through the vehicle communication network and Vehicle HAL (VHAL). VHAL shall forward the updated EPB Maintenance feedback signal to CarPropertyService, which shall update CarPropertyManager through the Android Automotive framework. CarPropertyManager shall notify the TLM application of the property update.\n\nWhen TLM receives the value "5" via signal\n$IPC_VEHICLE_SETUP2.EPB_Maintenance_Fdbk$,\nTLM shall activate and display the popup indicating that the user selected Yes to enter Service Mode, but the EPB switch is currently engaged, as specified in the Human Machine Interface Logic & Flow document. TLM shall reset the EPB Maintenance Mode timeout timer (T_EPB_MM).	1.00.00	Functional Requirement	Display (including HAL)	Y	The requirement is feasable to achieve.	Y	The requirement impacts *HW supplier and *SW supplier cost,operating schedule and timeline constraints.The parameter unavailability will impact vehicle performance	Medium	The requirement is dependent on *HW supplier and *SW supplier	None	It is a new requirement to be implemented in AAOS14	High	1.The HU shall be powered up (simulate valid ignition condition as mentioned in the requirement)\n2.The HU shall be equipped with test bench power OFF,ON,Flashing and desired testing controls with a host computer.\n3.The HU shall be configured allow the logs collection as ADP.\n4.The HU shall not have any issues with system/any other module.	1. Peer review\n2. Unit test\n3. Integration test\n4. *SW validation\n5. System Validation
SWE1-VC-EPBMaintenanceMode-052	Sys-RA-VF665_V42_VSM-733	EPB Maintenance Mode 	The HW supplier shall provide the IPC_VEHICLE_SETUP2.EPB_Maintenance_Fdbk signal to the Android Automotive layer through the vehicle communication network and Vehicle HAL (VHAL). VHAL shall forward the updated EPB Maintenance feedback signal to CarPropertyService, which shall update CarPropertyManager through the Android Automotive framework. CarPropertyManager shall notify the TLM application of the property update.\n\nWhen TLM receives the value "6" via signal\n$IPC_VEHICLE_SETUP2.EPB_Maintenance_Fdbk$,\nTLM shall activate and display the popup indicating that the user selected Yes to enter Service Mode, but the brake pedal is currently pressed, as specified in the Human Machine Interface Logic & Flow document. TLM shall reset the EPB Maintenance Mode timeout timer (T_EPB_MM).	1.00.00	Functional Requirement	Display (including HAL)	Y	The requirement is feasable to achieve.	Y	The requirement impacts *HW supplier and *SW supplier cost,operating schedule and timeline constraints.The parameter unavailability will impact vehicle performance	Medium	The requirement is dependent on *HW supplier and *SW supplier	None	It is a new requirement to be implemented in AAOS14	High	1.The HU shall be powered up (simulate valid ignition condition as mentioned in the requirement)\n2.The HU shall be equipped with test bench power OFF,ON,Flashing and desired testing controls with a host computer.\n3.The HU shall be configured allow the logs collection as ADP.\n4.The HU shall not have any issues with system/any other module.	1. Peer review\n2. Unit test\n3. Integration test\n4. *SW validation\n5. System Validation
SWE1-VC-EPBMaintenanceMode-053	Sys-RA-VF665_V42_VSM-734	EPB Maintenance Mode 	When the customer initiates the EPB Maintenance Mode operation, the HMI layer shall send the request to CarPropertyManager via the Android Car API. CarPropertyManager shall invoke setProperty() with the corresponding EPB Maintenance Mode request, and CarPropertyService shall forward the request to Vehicle HAL (VHAL) through IVehicle.setValues(). The Vehicle HAL (VHAL) shall transmit the request to the IPC through the vehicle communication interface.\n\nAfter transmitting the request, the TLM shall start the T_EPB_MM timeout timer and wait for a valid response from the EPB module through IPC_VEHICLE_SETUP2.EPB_MaintenanceMode or IPC_VEHICLE_SETUP2.EPB_Maintenance_Fdbk.\n\nIf no valid response is received before T_EPB_MM expires, the TLM shall determine that the EPB module is not responding and shall activate and display the "No response from EPB module" popup as defined in the Human Machine Interface Logic & Flow document.	1.00.00	Functional Requirement	Display (including HAL)	Y	The requirement is feasable to achieve.	Y	The requirement impacts *HW supplier and *SW supplier cost,operating schedule and timeline constraints.The parameter unavailability will impact vehicle performance	Medium	The requirement is dependent on *HW supplier and *SW supplier	None	It is a new requirement to be implemented in AAOS14	High	1.The HU shall be powered up (simulate valid ignition condition as mentioned in the requirement)\n2.The HU shall be equipped with test bench power OFF,ON,Flashing and desired testing controls with a host computer.\n3.The HU shall be configured allow the logs collection as ADP.\n4.The HU shall not have any issues with system/any other module.	1. Peer review\n2. Unit test\n3. Integration test\n4. *SW validation\n5. System Validation
SWE1-VC-EPBMaintenanceMode-054	Sys-RA-VF665_V42_VSM-735	EPB Maintenance Mode 	The HW supplier shall provide the IPC_VEHICLE_SETUP2.EPB_Maintenance_Fdbk signal to the Android Automotive layer through the vehicle communication network and Vehicle HAL (VHAL).\n\nVHAL shall forward the feedback value to CarPropertyService, which shall update CarPropertyManager through the Android Automotive framework.\n\nCarPropertyManager shall notify the TLM application through the Android Car API.\n\nWhen the TLM receives the value 8 via signal,\n$IPC_VEHICLE_SETUP2.EPB_Maintenance_Fdbk$,\nthe TLM shall activate and display the popup:\n\n"Brake Service – Park Brake Retracted. To reset, press brake pedal and activate Park Brake switch."\n\nas defined in the Human Machine Interface Logic & Flow document.	1.00.00	Functional Requirement	Display (including HAL)	Y	The requirement is feasable to achieve.	Y	The requirement impacts *HW supplier and *SW supplier cost,operating schedule and timeline constraints.The parameter unavailability will impact vehicle performance	Medium	The requirement is dependent on *HW supplier and *SW supplier	None	It is a new requirement to be implemented in AAOS14	High	1.The HU shall be powered up (simulate valid ignition condition as mentioned in the requirement)\n2.The HU shall be equipped with test bench power OFF,ON,Flashing and desired testing controls with a host computer.\n3.The HU shall be configured allow the logs collection as ADP.\n4.The HU shall not have any issues with system/any other module.	1. Peer review\n2. Unit test\n3. Integration test\n4. *SW validation\n5. System Validation
SWE1-VC-EPBMaintenanceMode-055	Sys-RA-VF665_V42_VSM-736	EPB Maintenance Mode 	The HW supplier shall provide the IPC_VEHICLE_SETUP2.EPB_Maintenance_Fdbk signal to the Android Automotive layer through the vehicle communication network and Vehicle HAL (VHAL).\n\nVHAL shall forward the feedback value to CarPropertyService, which shall update CarPropertyManager through the Android Automotive framework.\n\nCarPropertyManager shall notify the TLM application through the Android Car API.\n\nWhen the TLM receives the value 9 via signal,\n$IPC_VEHICLE_SETUP2.EPB_Maintenance_Fdbk$,\nthe TLM shall activate and display the popup indicating that the user selected Yes to exit Service Mode, but the vehicle speed is not 0 mph, as defined in the Human Machine Interface Logic & Flow document.	1.00.00	Functional Requirement	Display (including HAL)	Y	The requirement is feasable to achieve.	Y	The requirement impacts *HW supplier and *SW supplier cost,operating schedule and timeline constraints.The parameter unavailability will impact vehicle performance	Medium	The requirement is dependent on *HW supplier and *SW supplier	None	It is a new requirement to be implemented in AAOS14	High	1.The HU shall be powered up (simulate valid ignition condition as mentioned in the requirement)\n2.The HU shall be equipped with test bench power OFF,ON,Flashing and desired testing controls with a host computer.\n3.The HU shall be configured allow the logs collection as ADP.\n4.The HU shall not have any issues with system/any other module.	1. Peer review\n2. Unit test\n3. Integration test\n4. *SW validation\n5. System Validation
SWE1-VC-EPBMaintenanceMode-056	Sys-RA-VF665_V42_VSM-737	EPB Maintenance Mode 	The HW supplier shall provide the IPC_VEHICLE_SETUP2.EPB_Maintenance_Fdbk signal to the Android Automotive layer through the vehicle communication network and Vehicle HAL (VHAL).\n\nVHAL shall forward the feedback value to CarPropertyService, which shall update CarPropertyManager through the Android Automotive framework.\n\nCarPropertyManager shall notify the TLM application through the Android Car API.\n\nWhen the TLM receives the value 10 via signal,\n$IPC_VEHICLE_SETUP2.EPB_Maintenance_Fdbk$,\nthe TLM shall activate and display the popup:\n\n"Brake Service – To exit Service Mode, vehicle must not be in motion."\n\nas defined in the Human Machine Interface Logic & Flow document.	1.00.00	Functional Requirement	Display (including HAL)	Y	The requirement is feasable to achieve.	Y	The requirement impacts *HW supplier and *SW supplier cost,operating schedule and timeline constraints.The parameter unavailability will impact vehicle performance	Medium	The requirement is dependent on *HW supplier and *SW supplier	None	It is a new requirement to be implemented in AAOS14	High	1.The HU shall be powered up (simulate valid ignition condition as mentioned in the requirement)\n2.The HU shall be equipped with test bench power OFF,ON,Flashing and desired testing controls with a host computer.\n3.The HU shall be configured allow the logs collection as ADP.\n4.The HU shall not have any issues with system/any other module.	1. Peer review\n2. Unit test\n3. Integration test\n4. *SW validation\n5. System Validation
SWE1-VC-EPBMaintenanceMode-057	Sys-RA-VF665_V42_VSM-738	EPB Maintenance Mode 	The HW supplier shall provide the IPC_VEHICLE_SETUP2.EPB_Maintenance_Fdbk signal to the Android Automotive layer through the vehicle communication network and Vehicle HAL (VHAL).\n\nVHAL shall forward the feedback value to CarPropertyService, which shall update CarPropertyManager through the Android Automotive framework.\n\nCarPropertyManager shall notify the TLM application through the Android Car API.\n\nWhen the TLM receives the value 11 via signal,\n$IPC_VEHICLE_SETUP2.EPB_Maintenance_Fdbk$,\nthe TLM shall activate and display the popup indicating that the Service Mode exit process has been completed successfully, as defined in the Human Machine Interface Logic & Flow document.	1.00.00	Functional Requirement	Display (including HAL)	Y	The requirement is feasable to achieve.	Y	The requirement impacts *HW supplier and *SW supplier cost,operating schedule and timeline constraints.The parameter unavailability will impact vehicle performance	Medium	The requirement is dependent on *HW supplier and *SW supplier	None	It is a new requirement to be implemented in AAOS14	High	1.The HU shall be powered up (simulate valid ignition condition as mentioned in the requirement)\n2.The HU shall be equipped with test bench power OFF,ON,Flashing and desired testing controls with a host computer.\n3.The HU shall be configured allow the logs collection as ADP.\n4.The HU shall not have any issues with system/any other module.	1. Peer review\n2. Unit test\n3. Integration test\n4. *SW validation\n5. System Validation
SWE1-VC-EPBMaintenanceMode-058	Sys-RA-VF665_V42_VSM-739	EPB Maintenance Mode 	The HW supplier shall provide the IPC_VEHICLE_SETUP2.EPB_MaintenanceMode signal to the Android Automotive layer through the vehicle communication network and VHAL interface. \nVHAL shall forward the updated signal value to CarPropertyService, which shall update CarPropertyManager through the framework. \nCarPropertyManager shall notify the application layer to process the information.\n\nWhen the TLM receives the value [On] via signal (IPC_VEHICLE_SETUP2.EPB_MaintenanceMode), the TLM shall update and send the status to the display controller through the internal signal (EPB_MaintenanceMode_Active.Info).\n\nThe system locks the active maintenance state securely into framework memory so the user gets a protected settings screen preventing accidental configurations while brakes are being serviced.	1.00.00	Functional Requirement	Display (including HAL)	Y	The requirement is feasable to achieve.	Y	The requirement impacts *HW supplier and *SW supplier cost,operating schedule and timeline constraints.The parameter unavailability will impact vehicle performance	Medium	The requirement is dependent on *HW supplier and *SW supplier	None	It is a new requirement to be implemented in AAOS14	High	1.The HU shall be powered up (simulate valid ignition condition as mentioned in the requirement)\n2.The HU shall be equipped with test bench power OFF,ON,Flashing and desired testing controls with a host computer.\n3.The HU shall be configured allow the logs collection as ADP.\n4.The HU shall not have any issues with system/any other module.	1. Peer review\n2. Unit test\n3. Integration test\n4. *SW validation\n5. System Validation
SWE1-VC-EPBMaintenanceMode-059	Sys-RA-VF665_V42_VSM-740	EPB Maintenance Mode 	The HW supplier shall provide the STATUS_CCAN3.VehicleSpeedVSOSig and ignition status signals to the Android Automotive layer through the vehicle communication network and VHAL interface.\nVHAL shall forward the updated signal values to CarPropertyService, which shall update CarPropertyManager through the framework. \nCarPropertyManager shall notify the application layer to process the information.\n\nWhen the TLM receives a value changing from <= [V_Car_Moving] to > [V_Car_Moving], or a transition from [Ignition Off] to [Ignition On] via signals (STATUS_CCAN3.VehicleSpeedVSOSig) | (Ignition_{S}tatus), \nThen TLM shall send a layout request to the display manager through internal signal (ServiceMode_Popup_Trigger.Info).\n\nThe screen canvas immediately interrupts the current menu context, ensuring the user gets an immediate, clear on-screen pop-up alert reading: "The user selected yes to exiting service mode and the first step is to step on the brake pedal.	1.00.00	Functional Requirement	Display (including HAL)	Y	The requirement is feasable to achieve.	Y	The requirement impacts *HW supplier and *SW supplier cost,operating schedule and timeline constraints.The parameter unavailability will impact vehicle performance	Medium	The requirement is dependent on *HW supplier and *SW supplier	None	It is a new requirement to be implemented in AAOS14	High	1.The HU shall be powered up (simulate valid ignition condition as mentioned in the requirement)\n2.The HU shall be equipped with test bench power OFF,ON,Flashing and desired testing controls with a host computer.\n3.The HU shall be configured allow the logs collection as ADP.\n4.The HU shall not have any issues with system/any other module.	1. Peer review\n2. Unit test\n3. Integration test\n4. *SW validation\n5. System Validation
SWE1-VC-EPBMaintenanceMode-060	Sys-RA-VF665_V42_VSM-741	EPB Maintenance Mode 	The HW supplier shall provide the IPC_VEHICLE_SETUP2.EPB_MaintenanceMode message data to the Android Automotive layer through the vehicle communication network and VHAL interface.\nVHAL shall forward the updated properties to CarPropertyService, which shall update CarPropertyManager through the framework.\nCarPropertyManager shall notify the application layer to process the information.\n\nWhen the TLM receives the message via signal (IPC_VEHICLE_SETUP2.EPB_MaintenanceMode), \nThen TLM shall update and send the display information to the menu sub-system through the internal signal (TLM_Vehicle_Setup_Menu.Info).\n\nThe HMI application updates its workspace data engine in real-time, meaning the user gets a clear visual text and icon status update of the EPB Maintenance Mode directly on the vehicle setup menu screen.	1.00.00	Functional Requirement	Display (including HAL)	Y	The requirement is feasable to achieve.	Y	The requirement impacts *HW supplier and *SW supplier cost,operating schedule and timeline constraints.The parameter unavailability will impact vehicle performance	Medium	The requirement is dependent on *HW supplier and *SW supplier	None	It is a new requirement to be implemented in AAOS14	High	1.The HU shall be powered up (simulate valid ignition condition as mentioned in the requirement)\n2.The HU shall be equipped with test bench power OFF,ON,Flashing and desired testing controls with a host computer.\n3.The HU shall be configured allow the logs collection as ADP.\n4.The HU shall not have any issues with system/any other module.	1. Peer review\n2. Unit test\n3. Integration test\n4. *SW validation\n5. System Validation
SWE1-VC-GPSAutomaticTimeAdjustment-061	Sys-RA-VF665_V42_VSM-774	GPS Automatic Time Adjustment 	GPS Automatic Time Adjustment 	1.00.00	Heading												
SWE1-VC-GPSAutomaticTimeAdjustment-062	Sys-RA-VF665_V42_VSM-775	GPS Automatic Time Adjustment 	The HMI layer shall send a request to VehicleConfigManager to retrieve the GPS_Presence PROXI configuration status. VehicleConfigManager shall communicate with VehicleConfigService to obtain and validate the requested configuration status. The configuration response shall be returned from VehicleConfigService to VehicleConfigManager and finally provided to the HMI layer.\n\nWhen the HMI receives the value [GPS_Presence = Absent] via signal,\n$GPS_Presence$,\nThen the HMI shall not display the GPS Automatic Time Adjustment customer setting in the Vehicle Settings menu.	1.00.00	Functional Requirement	Display (including HAL)	Y	The requirement is feasable to achieve.	Y	The requirement impacts *HW supplier and *SW supplier cost,operating schedule and timeline constraints.The parameter unavailability will impact vehicle performance	Medium	The requirement is dependent on *HW supplier and *SW supplier	None	It is a new requirement to be implemented in AAOS14	High	 *setting.Set/simulate “GPS_Presence" PROXI parameter is equal to absent\n*check TLM shall not display the GPS Automatic Time Adjustment menu item and the user can not perform any setting.\n	 1. Software Validation\n2. System Validation\n3. Integration test.
SWE1-VC-GPSAutomaticTimeAdjustment-063	Sys-RA-VF665_V42_VSM-776	GPS Automatic Time Adjustment 	The HMI layer shall send a request to VehicleConfigManager to retrieve the GPS_Presence PROXI configuration status. VehicleConfigManager shall communicate with VehicleConfigService to obtain and validate the requested configuration status. The configuration response shall be returned from VehicleConfigService to VehicleConfigManager and finally provided to the HMI layer.\n\nWhen the HMI receives the value [GPS_Presence = Present] via signal,\n$GPS_Presence$,\nThen the HMI shall display the GPS Automatic Time Adjustment customer setting in the Vehicle Settings menu and allow the customer to modify the setting.	1.00.00	Functional Requirement	Display (including HAL)	Y	The requirement is feasable to achieve.	Y	The requirement impacts *HW supplier and *SW supplier cost,operating schedule and timeline constraints.The parameter unavailability will impact vehicle performance	Medium	The requirement is dependent on *HW supplier and *SW supplier	None	It is a new requirement to be implemented in AAOS14	High	 *setting.Set/simulate “GPS_Presence" PROXI parameter is equal to present\n*check TLM shall display the GPS Automatic Time Adjustment menu item and the user can perform setting.\n	 1. Software Validation\n2. System Validation\n3. Integration test.
SWE1-VC-NavTurnbyTurn-064	Sys-RA-VF665_V42_VSM-782	Nav Turn by Turn 	Nav Turn by Turn 	1.00.00	Heading												
SWE1-VC-NavTurnbyTurn-065	Sys-RA-VF665_V42_VSM-783	Nav Turn by Turn 	The HW supplier shall provide the IPC_VEHICLE_SETUP.NavRepetition signal to the Android Automotive layer through the vehicle communication network and VHAL interface. VHAL shall forward the updated Navigation Repetition signal value to CarPropertyService, which shall update CarPropertyManager through the Android Automotive framework. CarPropertyManager shall notify the application layer, and the HMI/TLM shall process the updated signal information.\n\nWhen the TLM receives the value [Present] via signal,\n$IPC_VEHICLE_SETUP.NavRepetition$,\nthe TLM shall update and send the Navigation Repetition enable information to VF176 through the internal signal $NavigationRepetition.Info$.	1.00.00	Functional Requirement	Display (including HAL)	Y	The requirement is feasable to achieve.	Y	The requirement impacts *HW supplier and *SW supplier cost,operating schedule and timeline constraints.The parameter unavailability will impact vehicle performance	Medium	The requirement is dependent on *HW supplier and *SW supplier	None	It is a new requirement to be implemented in AAOS14	High	1.The HU shall be powered up (simulate valid ignition condition as mentioned in the requirement)\n2.The HU shall be equipped with test bench power OFF,ON,Flashing and desired testing controls with a host computer.\n3.The HU shall be configured allow the logs collection as ADP.\n4.The HU shall not have any issues with system/any other module.	1. Peer review\n2. Unit test\n3. Integration test\n4. *SW validation\n5. System Validation
SWE1-VC-NavTurnbyTurn-066	Sys-RA-VF665_V42_VSM-784	Nav Turn by Turn 	The HW supplier shall provide the IPC_VEHICLE_SETUP.NavRepetition signal to the Android Automotive layer through the vehicle communication network and VHAL interface. VHAL shall forward the updated Navigation Repetition signal value to CarPropertyService, which shall update CarPropertyManager through the Android Automotive framework. CarPropertyManager shall notify the application layer, and the HMI/TLM shall process the updated signal information.\n\nWhen the TLM receives the value [Absent] via signal,\n$IPC_VEHICLE_SETUP.NavRepetition$,\nthe TLM shall update and send the Navigation Repetition disable information to VF176 through the internal signal $NavigationRepetition.Info$.	1.00.00	Functional Requirement	Display (including HAL)	Y	The requirement is feasable to achieve.	Y	The requirement impacts *HW supplier and *SW supplier cost,operating schedule and timeline constraints.The parameter unavailability will impact vehicle performance	Medium	The requirement is dependent on *HW supplier and *SW supplier	None	It is a new requirement to be implemented in AAOS14	High	1.The HU shall be powered up (simulate valid ignition condition as mentioned in the requirement)\n2.The HU shall be equipped with test bench power OFF,ON,Flashing and desired testing controls with a host computer.\n3.The HU shall be configured allow the logs collection as ADP.\n4.The HU shall not have any issues with system/any other module.	1. Peer review\n2. Unit test\n3. Integration test\n4. *SW validation\n5. System Validation
SWE1-VC-AudioRepetition-067	Sys-RA-VF665_V42_VSM-785	Audio Repetition 	Audio Repetition 	1.00.00	Heading												
SWE1-VC-AudioRepetition-068	Sys-RA-VF665_V42_VSM-786	Audio Repetition 	The HW supplier shall provide the IPC_VEHICLE_SETUP.AudioRepetition signal to the Android Automotive layer through the vehicle communication network and VHAL interface. VHAL shall forward the updated Audio Repetition signal value to CarPropertyService, which shall update CarPropertyManager through the Android Automotive framework. CarPropertyManager shall notify the application layer, and the HMI/TLM shall process the updated signal information.\n\nWhen the TLM receives the value [On] via signal,\n$IPC_VEHICLE_SETUP.AudioRepetition$,\nthe TLM shall update the Audio Repetition status as Enabled.	1.00.00	Functional Requirement	Display (including HAL)	Y	The requirement is feasable to achieve.	Y	The requirement impacts *HW supplier and *SW supplier cost,operating schedule and timeline constraints.The parameter unavailability will impact vehicle performance	Medium	The requirement is dependent on *HW supplier and *SW supplier	None	It is a new requirement to be implemented in AAOS14	High	1.The HU shall be powered up (simulate valid ignition condition as mentioned in the requirement)\n2.The HU shall be equipped with test bench power OFF,ON,Flashing and desired testing controls with a host computer.\n3.The HU shall be configured allow the logs collection as ADP.\n4.The HU shall not have any issues with system/any other module.	1. Peer review\n2. Unit test\n3. Integration test\n4. *SW validation\n5. System Validation
SWE1-VC-AudioRepetition-069	Sys-RA-VF665_V42_VSM-787	Audio Repetition 	After the TLM receives the Audio Repetition status through the Android Automotive framework (Vehicle HAL (VHAL) → CarPropertyService → CarPropertyManager), the TLM shall determine that the Audio Repetition status is Enabled. \n\nThe TLM shall publish the internal signal AudioRepetition.\nInfo with the value Enabled, and VF155 shall receive the internal signal to enable the Audio Repetition functionality.	1.00.00	Functional Requirement	Display (including HAL)	Y	The requirement is feasable to achieve.	Y	The requirement impacts *HW supplier and *SW supplier cost,operating schedule and timeline constraints.The parameter unavailability will impact vehicle performance	Medium	The requirement is dependent on *HW supplier and *SW supplier	None	It is a new requirement to be implemented in AAOS14	High	1.The HU shall be powered up (simulate valid ignition condition as mentioned in the requirement)\n2.The HU shall be equipped with test bench power OFF,ON,Flashing and desired testing controls with a host computer.\n3.The HU shall be configured allow the logs collection as ADP.\n4.The HU shall not have any issues with system/any other module.	1. Peer review\n2. Unit test\n3. Integration test\n4. *SW validation\n5. System Validation
SWE1-VC-AudioRepetition-070	Sys-RA-VF665_V42_VSM-788	Audio Repetition 	The HW supplier shall provide the IPC_VEHICLE_SETUP.AudioRepetition signal to the Android Automotive layer through the vehicle communication network and VHAL interface. VHAL shall forward the updated Audio Repetition signal value to CarPropertyService, which shall update CarPropertyManager through the Android Automotive framework. CarPropertyManager shall notify the application layer, and the HMI/TLM shall process the updated signal information.\n\nWhen the TLM receives the value [Off] via signal,\n$IPC_VEHICLE_SETUP.AudioRepetition$,\nthe TLM shall update the Audio Repetition status as Disabled and send the Audio Repetition disable information to VF155 through the internal signal $AudioRepetition.Info$.	1.00.00	Functional Requirement	Display (including HAL)	Y	The requirement is feasable to achieve.	Y	The requirement impacts *HW supplier and *SW supplier cost,operating schedule and timeline constraints.The parameter unavailability will impact vehicle performance	Medium	The requirement is dependent on *HW supplier and *SW supplier	None	It is a new requirement to be implemented in AAOS14	High	1.The HU shall be powered up (simulate valid ignition condition as mentioned in the requirement)\n2.The HU shall be equipped with test bench power OFF,ON,Flashing and desired testing controls with a host computer.\n3.The HU shall be configured allow the logs collection as ADP.\n4.The HU shall not have any issues with system/any other module.	1. Peer review\n2. Unit test\n3. Integration test\n4. *SW validation\n5. System Validation
																	
																	
																	
																	
																	
																	
																	
																	
																	
																	
																	
																	
																	
																	
																	
																	
																	
																	
																	
