batch	file	seq_from	seq_to	n
vf230_batch01	generated/vf230_batch01.json	268	317	50
vf230_batch02	generated/vf230_batch02.json	318	367	50
vf230_batch03	generated/vf230_batch03.json	368	417	50
vf230_batch04	generated/vf230_batch04.json	418	467	50
vf230_batch05	generated/vf230_batch05.json	468	517	50
vf230_batch06	generated/vf230_batch06.json	518	567	50
vf230_batch07	generated/vf230_batch07.json	568	617	50
vf230_batch08	generated/vf230_batch08.json	618	667	50
vf230_batch09	generated/vf230_batch09.json	668	702	35
vf230_pilot3	generated/vf230_pilot3.json	901	903	3
vf230_backfill	generated/vf230_backfill.json	703	721	19
