popup_id	category_raw	category_code	priority_rank	ladder_label	note
PU0001	3	3	9	Cat. 3	
PU0002	---	UNRESOLVED	UNRESOLVED	UNRESOLVED	欄 5 之值非單一矩陣類別（複合／無類別）；解析規則未定（B19）
PU0003	3	3	9	Cat. 3	
PU0004	3	3	9	Cat. 3	
PU0005	3	3	9	Cat. 3	
PU0006	3	3	9	Cat. 3	
PU0007	2	2	7	Cat. 2  and Cat. VR	
PU0008	1T	1T	5	Cat. 1	
PU0009	3	3	9	Cat. 3	
PU0010	---	UNRESOLVED	UNRESOLVED	UNRESOLVED	欄 5 之值非單一矩陣類別（複合／無類別）；解析規則未定（B19）
PU0011	---	UNRESOLVED	UNRESOLVED	UNRESOLVED	欄 5 之值非單一矩陣類別（複合／無類別）；解析規則未定（B19）
PU0012	2	2	7	Cat. 2  and Cat. VR	
PU0013	2	2	7	Cat. 2  and Cat. VR	
PU0014	3	3	9	Cat. 3	
PU0015	2	2	7	Cat. 2  and Cat. VR	
PU0016	2	2	7	Cat. 2  and Cat. VR	
PU0017	2	2	7	Cat. 2  and Cat. VR	
PU0018	2	2	7	Cat. 2  and Cat. VR	
PU0019	2	2	7	Cat. 2  and Cat. VR	
PU0020	2	2	7	Cat. 2  and Cat. VR	
PU0021	2	2	7	Cat. 2  and Cat. VR	
PU0022	2	2	7	Cat. 2  and Cat. VR	
PU0023	2	2	7	Cat. 2  and Cat. VR	
PU0024	3	3	9	Cat. 3	
PU0025	3	3	9	Cat. 3	
PU0026	---	UNRESOLVED	UNRESOLVED	UNRESOLVED	欄 5 之值非單一矩陣類別（複合／無類別）；解析規則未定（B19）
PU0027	3	3	9	Cat. 3	
PU0028	2	2	7	Cat. 2  and Cat. VR	
PU0029	2	2	7	Cat. 2  and Cat. VR	
PU0030	2	2	7	Cat. 2  and Cat. VR	
PU0031	2	2	7	Cat. 2  and Cat. VR	
PU0032	2	2	7	Cat. 2  and Cat. VR	
PU0033	2	2	7	Cat. 2  and Cat. VR	
PU0034	2	2	7	Cat. 2  and Cat. VR	
PU0035	2	2	7	Cat. 2  and Cat. VR	
PU0036	2	2	7	Cat. 2  and Cat. VR	
PU0037	2	2	7	Cat. 2  and Cat. VR	
PU0038	2	2	7	Cat. 2  and Cat. VR	
PU0039	2	2	7	Cat. 2  and Cat. VR	
PU0040	2	2	7	Cat. 2  and Cat. VR	
PU0041	3	3	9	Cat. 3	
PU0042	3	3	9	Cat. 3	
PU0043	2	2	7	Cat. 2  and Cat. VR	
PU0044	2	2	7	Cat. 2  and Cat. VR	
PU0045	1P	1P	5	Cat. 1	
PU0046	VR	VR	8	Cat. 2  and Cat. VR	
PU0047	1P	1P	5	Cat. 1	
PU0048	2	2	7	Cat. 2  and Cat. VR	
PU0049	X	X	2	Cat. X	
PU0050	2	2	7	Cat. 2  and Cat. VR	
PU0051	2	2	7	Cat. 2  and Cat. VR	
PU0052	---	UNRESOLVED	UNRESOLVED	UNRESOLVED	欄 5 之值非單一矩陣類別（複合／無類別）；解析規則未定（B19）
PU0053	2	2	7	Cat. 2  and Cat. VR	
PU0054	2	2	7	Cat. 2  and Cat. VR	
PU0055	3	3	9	Cat. 3	
PU0056	2	2	7	Cat. 2  and Cat. VR	
PU0057	2	2	7	Cat. 2  and Cat. VR	
PU0058	---	UNRESOLVED	UNRESOLVED	UNRESOLVED	欄 5 之值非單一矩陣類別（複合／無類別）；解析規則未定（B19）
PU0059	2	2	7	Cat. 2  and Cat. VR	
PU0060	2	2	7	Cat. 2  and Cat. VR	
PU0061	2	2	7	Cat. 2  and Cat. VR	
PU0062	2	2	7	Cat. 2  and Cat. VR	
PU0063	2	2	7	Cat. 2  and Cat. VR	
PU0064	2	2	7	Cat. 2  and Cat. VR	
PU0065	2	2	7	Cat. 2  and Cat. VR	
PU0066	VR	VR	8	Cat. 2  and Cat. VR	
PU0067	---	UNRESOLVED	UNRESOLVED	UNRESOLVED	欄 5 之值非單一矩陣類別（複合／無類別）；解析規則未定（B19）
PU0068	---	UNRESOLVED	UNRESOLVED	UNRESOLVED	欄 5 之值非單一矩陣類別（複合／無類別）；解析規則未定（B19）
PU0069	---	UNRESOLVED	UNRESOLVED	UNRESOLVED	欄 5 之值非單一矩陣類別（複合／無類別）；解析規則未定（B19）
PU0070	---	UNRESOLVED	UNRESOLVED	UNRESOLVED	欄 5 之值非單一矩陣類別（複合／無類別）；解析規則未定（B19）
PU0071	VR	VR	8	Cat. 2  and Cat. VR	
PU0072	VR	VR	8	Cat. 2  and Cat. VR	
PU0073	VR	VR	8	Cat. 2  and Cat. VR	
PU0074	2	2	7	Cat. 2  and Cat. VR	
PU0075	2	2	7	Cat. 2  and Cat. VR	
PU0076	---	UNRESOLVED	UNRESOLVED	UNRESOLVED	欄 5 之值非單一矩陣類別（複合／無類別）；解析規則未定（B19）
PU0077	2	2	7	Cat. 2  and Cat. VR	
PU0078	---	UNRESOLVED	UNRESOLVED	UNRESOLVED	欄 5 之值非單一矩陣類別（複合／無類別）；解析規則未定（B19）
PU0079	---	UNRESOLVED	UNRESOLVED	UNRESOLVED	欄 5 之值非單一矩陣類別（複合／無類別）；解析規則未定（B19）
PU0080	2	2	7	Cat. 2  and Cat. VR	
PU0081	2	2	7	Cat. 2  and Cat. VR	
PU0082	2	2	7	Cat. 2  and Cat. VR	
PU0083	3	3	9	Cat. 3	
PU0084	2	2	7	Cat. 2  and Cat. VR	
PU0085	2	2	7	Cat. 2  and Cat. VR	
PU0086	2	2	7	Cat. 2  and Cat. VR	
PU0087	2	2	7	Cat. 2  and Cat. VR	
PU0088	2	2	7	Cat. 2  and Cat. VR	
PU0089	2	2	7	Cat. 2  and Cat. VR	
PU0090	2	2	7	Cat. 2  and Cat. VR	
PU0091	2	2	7	Cat. 2  and Cat. VR	
PU0092	X	X	2	Cat. X	
PU0093	2	2	7	Cat. 2  and Cat. VR	
PU0094	2	2	7	Cat. 2  and Cat. VR	
PU0095	2	2	7	Cat. 2  and Cat. VR	
PU0096	2	2	7	Cat. 2  and Cat. VR	
PU0097	2	2	7	Cat. 2  and Cat. VR	
PU0098	2	2	7	Cat. 2  and Cat. VR	
PU0099	2	2	7	Cat. 2  and Cat. VR	
PU0100	2	2	7	Cat. 2  and Cat. VR	
PU0101	2	2	7	Cat. 2  and Cat. VR	
PU0102	2	2	7	Cat. 2  and Cat. VR	
PU0103	---	UNRESOLVED	UNRESOLVED	UNRESOLVED	欄 5 之值非單一矩陣類別（複合／無類別）；解析規則未定（B19）
PU0104	2	2	7	Cat. 2  and Cat. VR	
PU0105	2	2	7	Cat. 2  and Cat. VR	
PU0106	VR	VR	8	Cat. 2  and Cat. VR	
PU0107	2	2	7	Cat. 2  and Cat. VR	
PU0108	2	2	7	Cat. 2  and Cat. VR	
PU0109	2	2	7	Cat. 2  and Cat. VR	
PU0110	3	3	9	Cat. 3	
PU0111	3	3	9	Cat. 3	
PU0112	2	2	7	Cat. 2  and Cat. VR	
PU0113	2	2	7	Cat. 2  and Cat. VR	
PU0114	3	3	9	Cat. 3	
PU0115	3	3	9	Cat. 3	
PU0116	2	2	7	Cat. 2  and Cat. VR	
PU0117	2	2	7	Cat. 2  and Cat. VR	
PU0118	2	2	7	Cat. 2  and Cat. VR	
PU0119	2	2	7	Cat. 2  and Cat. VR	
PU0120	2	2	7	Cat. 2  and Cat. VR	
PU0121	2	2	7	Cat. 2  and Cat. VR	
PU0122	---	UNRESOLVED	UNRESOLVED	UNRESOLVED	欄 5 之值非單一矩陣類別（複合／無類別）；解析規則未定（B19）
PU0123	3	3	9	Cat. 3	
PU0124	---	UNRESOLVED	UNRESOLVED	UNRESOLVED	欄 5 之值非單一矩陣類別（複合／無類別）；解析規則未定（B19）
PU0125	---	UNRESOLVED	UNRESOLVED	UNRESOLVED	欄 5 之值非單一矩陣類別（複合／無類別）；解析規則未定（B19）
PU0126	---	UNRESOLVED	UNRESOLVED	UNRESOLVED	欄 5 之值非單一矩陣類別（複合／無類別）；解析規則未定（B19）
PU0127	---	UNRESOLVED	UNRESOLVED	UNRESOLVED	欄 5 之值非單一矩陣類別（複合／無類別）；解析規則未定（B19）
PU0128	---	UNRESOLVED	UNRESOLVED	UNRESOLVED	欄 5 之值非單一矩陣類別（複合／無類別）；解析規則未定（B19）
PU0129	2	2	7	Cat. 2  and Cat. VR	
PU0130	1T	1T	5	Cat. 1	
PU0131	2	2	7	Cat. 2  and Cat. VR	
PU0132	2	2	7	Cat. 2  and Cat. VR	
PU0133	2	2	7	Cat. 2  and Cat. VR	
PU0134	2	2	7	Cat. 2  and Cat. VR	
PU0135	---	UNRESOLVED	UNRESOLVED	UNRESOLVED	欄 5 之值非單一矩陣類別（複合／無類別）；解析規則未定（B19）
PU0136	2	2	7	Cat. 2  and Cat. VR	
PU0137	---	UNRESOLVED	UNRESOLVED	UNRESOLVED	欄 5 之值非單一矩陣類別（複合／無類別）；解析規則未定（B19）
PU0138	---	UNRESOLVED	UNRESOLVED	UNRESOLVED	欄 5 之值非單一矩陣類別（複合／無類別）；解析規則未定（B19）
PU0139	2	2	7	Cat. 2  and Cat. VR	
PU0140	---	UNRESOLVED	UNRESOLVED	UNRESOLVED	欄 5 之值非單一矩陣類別（複合／無類別）；解析規則未定（B19）
PU0141	2	2	7	Cat. 2  and Cat. VR	
PU0142	2	2	7	Cat. 2  and Cat. VR	
PU0143	2	2	7	Cat. 2  and Cat. VR	
PU0144	2	2	7	Cat. 2  and Cat. VR	
PU0145	2	2	7	Cat. 2  and Cat. VR	
PU0146	2	2	7	Cat. 2  and Cat. VR	
PU0147	2	2	7	Cat. 2  and Cat. VR	
PU0148	2	2	7	Cat. 2  and Cat. VR	
PU0149	3	3	9	Cat. 3	
PU0150	3	3	9	Cat. 3	
PU0151	2	2	7	Cat. 2  and Cat. VR	
PU0152	2	2	7	Cat. 2  and Cat. VR	
PU0153	2	2	7	Cat. 2  and Cat. VR	
PU0154	2	2	7	Cat. 2  and Cat. VR	
PU0155	2	2	7	Cat. 2  and Cat. VR	
PU0156	2	2	7	Cat. 2  and Cat. VR	
PU0157	2	2	7	Cat. 2  and Cat. VR	
PU0158	2	2	7	Cat. 2  and Cat. VR	
PU0159	2	2	7	Cat. 2  and Cat. VR	
PU0160	2	2	7	Cat. 2  and Cat. VR	
PU0161	2	2	7	Cat. 2  and Cat. VR	
PU0162	2	2	7	Cat. 2  and Cat. VR	
PU0163	---	UNRESOLVED	UNRESOLVED	UNRESOLVED	欄 5 之值非單一矩陣類別（複合／無類別）；解析規則未定（B19）
PU0164	---	UNRESOLVED	UNRESOLVED	UNRESOLVED	欄 5 之值非單一矩陣類別（複合／無類別）；解析規則未定（B19）
PU0165	2	2	7	Cat. 2  and Cat. VR	
PU0166	2	2	7	Cat. 2  and Cat. VR	
PU0167	3	3	9	Cat. 3	
PU0168	2	2	7	Cat. 2  and Cat. VR	
PU0169	RVC-X	UNRESOLVED	UNRESOLVED	UNRESOLVED	欄 5 之值非單一矩陣類別（複合／無類別）；解析規則未定（B19）
PU0170	RVC	RVC	1	RVC	
PU0171	2	2	7	Cat. 2  and Cat. VR	
PU0172	2	2	7	Cat. 2  and Cat. VR	
PU0173	2	2	7	Cat. 2  and Cat. VR	
PU0174	2	2	7	Cat. 2  and Cat. VR	
PU0175	2	2	7	Cat. 2  and Cat. VR	
PU0176	2	2	7	Cat. 2  and Cat. VR	
PU0177	2	2	7	Cat. 2  and Cat. VR	
PU0178	2	2	7	Cat. 2  and Cat. VR	
PU0179	2	2	7	Cat. 2  and Cat. VR	
PU0180	2	2	7	Cat. 2  and Cat. VR	
PU0181	2	2	7	Cat. 2  and Cat. VR	
PU0182	2	2	7	Cat. 2  and Cat. VR	
PU0183	2	2	7	Cat. 2  and Cat. VR	
PU0184	2	2	7	Cat. 2  and Cat. VR	
PU0185	2	2	7	Cat. 2  and Cat. VR	
PU0186	---	UNRESOLVED	UNRESOLVED	UNRESOLVED	欄 5 之值非單一矩陣類別（複合／無類別）；解析規則未定（B19）
PU0187	---	UNRESOLVED	UNRESOLVED	UNRESOLVED	欄 5 之值非單一矩陣類別（複合／無類別）；解析規則未定（B19）
PU0188	3	3	9	Cat. 3	
PU0189	2	2	7	Cat. 2  and Cat. VR	
PU0190	2	2	7	Cat. 2  and Cat. VR	
PU0191	2	2	7	Cat. 2  and Cat. VR	
PU0192	2	2	7	Cat. 2  and Cat. VR	
PU0193	2	2	7	Cat. 2  and Cat. VR	
PU0194	2	2	7	Cat. 2  and Cat. VR	
PU0195	2	2	7	Cat. 2  and Cat. VR	
PU0196	2	2	7	Cat. 2  and Cat. VR	
PU0197	2	2	7	Cat. 2  and Cat. VR	
PU0198	2	2	7	Cat. 2  and Cat. VR	
PU0199	2	2	7	Cat. 2  and Cat. VR	
PU0200	2	2	7	Cat. 2  and Cat. VR	
PU0201	2	2	7	Cat. 2  and Cat. VR	
PU0202	2	2	7	Cat. 2  and Cat. VR	
PU0203	2	2	7	Cat. 2  and Cat. VR	
PU0204	---	UNRESOLVED	UNRESOLVED	UNRESOLVED	欄 5 之值非單一矩陣類別（複合／無類別）；解析規則未定（B19）
PU0205	2	2	7	Cat. 2  and Cat. VR	
PU0206	1P	1P	5	Cat. 1	
PU0207	2	2	7	Cat. 2  and Cat. VR	
PU0208	2	2	7	Cat. 2  and Cat. VR	
PU0209	2	2	7	Cat. 2  and Cat. VR	
PU0210	2	2	7	Cat. 2  and Cat. VR	
PU0211	2	2	7	Cat. 2  and Cat. VR	
PU0212	2	2	7	Cat. 2  and Cat. VR	
PU0213	2	2	7	Cat. 2  and Cat. VR	
PU0214	2	2	7	Cat. 2  and Cat. VR	
PU0215	2	2	7	Cat. 2  and Cat. VR	
PU0216	2	2	7	Cat. 2  and Cat. VR	
PU0217	2	2	7	Cat. 2  and Cat. VR	
PU0218	2	2	7	Cat. 2  and Cat. VR	
PU0219	2	2	7	Cat. 2  and Cat. VR	
PU0220	---	UNRESOLVED	UNRESOLVED	UNRESOLVED	欄 5 之值非單一矩陣類別（複合／無類別）；解析規則未定（B19）
PU0221	2	2	7	Cat. 2  and Cat. VR	
PU0222	2	2	7	Cat. 2  and Cat. VR	
PU0223	2	2	7	Cat. 2  and Cat. VR	
PU0224
PU0126	---	UNRESOLVED	UNRESOLVED	UNRESOLVED	欄 5 之值非單一矩陣類別（複合／無類別）；解析規則未定（B19）
PU0225	---	UNRESOLVED	UNRESOLVED	UNRESOLVED	欄 5 之值非單一矩陣類別（複合／無類別）；解析規則未定（B19）
PU0226	2	2	7	Cat. 2  and Cat. VR	
PU0227	---	UNRESOLVED	UNRESOLVED	UNRESOLVED	欄 5 之值非單一矩陣類別（複合／無類別）；解析規則未定（B19）
PU0228	---	UNRESOLVED	UNRESOLVED	UNRESOLVED	欄 5 之值非單一矩陣類別（複合／無類別）；解析規則未定（B19）
PU0229	VR	VR	8	Cat. 2  and Cat. VR	
PU0230	2	2	7	Cat. 2  and Cat. VR	
PU0231	X	X	2	Cat. X	
PU0232	2	2	7	Cat. 2  and Cat. VR	
PU0233	2	2	7	Cat. 2  and Cat. VR	
PU0234
PU0040	---	UNRESOLVED	UNRESOLVED	UNRESOLVED	欄 5 之值非單一矩陣類別（複合／無類別）；解析規則未定（B19）
PU0235	---	UNRESOLVED	UNRESOLVED	UNRESOLVED	欄 5 之值非單一矩陣類別（複合／無類別）；解析規則未定（B19）
PU0236	2	2	7	Cat. 2  and Cat. VR	
PU0237	2	2	7	Cat. 2  and Cat. VR	
PU0238	2	2	7	Cat. 2  and Cat. VR	
PU0239	2	2	7	Cat. 2  and Cat. VR	
PU0240	X	X	2	Cat. X	
PU0241	---	UNRESOLVED	UNRESOLVED	UNRESOLVED	欄 5 之值非單一矩陣類別（複合／無類別）；解析規則未定（B19）
PU0242	2	2	7	Cat. 2  and Cat. VR	
PU0243	---	UNRESOLVED	UNRESOLVED	UNRESOLVED	欄 5 之值非單一矩陣類別（複合／無類別）；解析規則未定（B19）
PU0244	2	2	7	Cat. 2  and Cat. VR	
PU0245	---	UNRESOLVED	UNRESOLVED	UNRESOLVED	欄 5 之值非單一矩陣類別（複合／無類別）；解析規則未定（B19）
PU0245	---	UNRESOLVED	UNRESOLVED	UNRESOLVED	欄 5 之值非單一矩陣類別（複合／無類別）；解析規則未定（B19）
PU0246	---	UNRESOLVED	UNRESOLVED	UNRESOLVED	欄 5 之值非單一矩陣類別（複合／無類別）；解析規則未定（B19）
PU0247	2	2	7	Cat. 2  and Cat. VR	
PU0248	2	2	7	Cat. 2  and Cat. VR	
PU0249	2	2	7	Cat. 2  and Cat. VR	
PU0250	2	2	7	Cat. 2  and Cat. VR	
PU0251	2	2	7	Cat. 2  and Cat. VR	
PU0252	2	2	7	Cat. 2  and Cat. VR	
PU0253	2	2	7	Cat. 2  and Cat. VR	
PU0254	2	2	7	Cat. 2  and Cat. VR	
PU0255	2	2	7	Cat. 2  and Cat. VR	
PU0256	2	2	7	Cat. 2  and Cat. VR	
PU0257	---	UNRESOLVED	UNRESOLVED	UNRESOLVED	欄 5 之值非單一矩陣類別（複合／無類別）；解析規則未定（B19）
PU0258	2	2	7	Cat. 2  and Cat. VR	
PU0259	3	3	9	Cat. 3	
PU0260	3	3	9	Cat. 3	
PU0261	3	3	9	Cat. 3	
PU0262	---	UNRESOLVED	UNRESOLVED	UNRESOLVED	欄 5 之值非單一矩陣類別（複合／無類別）；解析規則未定（B19）
PU0263	---	UNRESOLVED	UNRESOLVED	UNRESOLVED	欄 5 之值非單一矩陣類別（複合／無類別）；解析規則未定（B19）
PU0264	2	2	7	Cat. 2  and Cat. VR	
PU0265	---	UNRESOLVED	UNRESOLVED	UNRESOLVED	欄 5 之值非單一矩陣類別（複合／無類別）；解析規則未定（B19）
PU0266	3	3	9	Cat. 3	
PU0267	3	3	9	Cat. 3	
PU0268	2	2	7	Cat. 2  and Cat. VR	
PU0269	3	3	9	Cat. 3	
PU0270	---	UNRESOLVED	UNRESOLVED	UNRESOLVED	欄 5 之值非單一矩陣類別（複合／無類別）；解析規則未定（B19）
PU0271	2	2	7	Cat. 2  and Cat. VR	
PU0272	---	UNRESOLVED	UNRESOLVED	UNRESOLVED	欄 5 之值非單一矩陣類別（複合／無類別）；解析規則未定（B19）
PU0273	2	2	7	Cat. 2  and Cat. VR	
PU0274	2	2	7	Cat. 2  and Cat. VR	
PU0275	2	2	7	Cat. 2  and Cat. VR	
PU0276	3	3	9	Cat. 3	
PU0277	2	2	7	Cat. 2  and Cat. VR	
PU0278	2	2	7	Cat. 2  and Cat. VR	
PU0279	3	3	9	Cat. 3	
PU0280	2	2	7	Cat. 2  and Cat. VR	
PU0281	3	3	9	Cat. 3	
PU0282	3	3	9	Cat. 3	
PU0283	3	3	9	Cat. 3	
PU0284	3	3	9	Cat. 3	
PU0285	3	3	9	Cat. 3	
PU0286	3	3	9	Cat. 3	
PU0287	3	3	9	Cat. 3	
PU0288	3	3	9	Cat. 3	
PU0289	3	3	9	Cat. 3	
PU0290	3	3	9	Cat. 3	
PU0291	3	3	9	Cat. 3	
PU0292	3	3	9	Cat. 3	
PU0293	3	3	9	Cat. 3	
PU0295	---	UNRESOLVED	UNRESOLVED	UNRESOLVED	欄 5 之值非單一矩陣類別（複合／無類別）；解析規則未定（B19）
PU0296	2	2	7	Cat. 2  and Cat. VR	
PU0297	X	X	2	Cat. X	
PU0298	2	2	7	Cat. 2  and Cat. VR	
PU0299	---	UNRESOLVED	UNRESOLVED	UNRESOLVED	欄 5 之值非單一矩陣類別（複合／無類別）；解析規則未定（B19）
PU0300	2	2	7	Cat. 2  and Cat. VR	
PU0301	2	2	7	Cat. 2  and Cat. VR	
PU0302	---	UNRESOLVED	UNRESOLVED	UNRESOLVED	欄 5 之值非單一矩陣類別（複合／無類別）；解析規則未定（B19）
PU0303	3	3	9	Cat. 3	
PU0304	2	2	7	Cat. 2  and Cat. VR	
PU0305	3	3	9	Cat. 3	
PU0306	3	3	9	Cat. 3	
PU0307	2	2	7	Cat. 2  and Cat. VR	
PU0308	2	2	7	Cat. 2  and Cat. VR	
PU0309	3	3	9	Cat. 3	
PU0310	3	3	9	Cat. 3	
PU0311	2	2	7	Cat. 2  and Cat. VR	
PU0312	2	2	7	Cat. 2  and Cat. VR	
PU0313	2	2	7	Cat. 2  and Cat. VR	
PU0314	2	2	7	Cat. 2  and Cat. VR	
PU0315	2	2	7	Cat. 2  and Cat. VR	
PU0316	2	2	7	Cat. 2  and Cat. VR	
PU0317	2	2	7	Cat. 2  and Cat. VR	
PU0318	2	2	7	Cat. 2  and Cat. VR	
PU0319	2	2	7	Cat. 2  and Cat. VR	
PU0320	2	2	7	Cat. 2  and Cat. VR	
PU0321	2	2	7	Cat. 2  and Cat. VR	
PU0322	2	2	7	Cat. 2  and Cat. VR	
PU0323	2	2	7	Cat. 2  and Cat. VR	
PU0324	2	2	7	Cat. 2  and Cat. VR	
PU0325	2	2	7	Cat. 2  and Cat. VR	
PU0326	2	2	7	Cat. 2  and Cat. VR	
PU0327	3	3	9	Cat. 3	
PU0328	3	3	9	Cat. 3	
PU0329	2	2	7	Cat. 2  and Cat. VR	
PU0330	3	3	9	Cat. 3	
PU0331	2	2	7	Cat. 2  and Cat. VR	
PU0332	2	2	7	Cat. 2  and Cat. VR	
PU0333	---	UNRESOLVED	UNRESOLVED	UNRESOLVED	欄 5 之值非單一矩陣類別（複合／無類別）；解析規則未定（B19）
PU0334	2	2	7	Cat. 2  and Cat. VR	
PU0335	2	2	7	Cat. 2  and Cat. VR	
PU0336	2	2	7	Cat. 2  and Cat. VR	
PU0337	2	2	7	Cat. 2  and Cat. VR	
PU0338	---	UNRESOLVED	UNRESOLVED	UNRESOLVED	欄 5 之值非單一矩陣類別（複合／無類別）；解析規則未定（B19）
PU0339	2	2	7	Cat. 2  and Cat. VR	
PU0340	2	2	7	Cat. 2  and Cat. VR	
PU0341	2	2	7	Cat. 2  and Cat. VR	
PU0342	2	2	7	Cat. 2  and Cat. VR	
PU0343	2	2	7	Cat. 2  and Cat. VR	
PU0344	2	2	7	Cat. 2  and Cat. VR	
PU0345	2	2	7	Cat. 2  and Cat. VR	
PU0346	2	2	7	Cat. 2  and Cat. VR	
PU0347	2	2	7	Cat. 2  and Cat. VR	
PU0348	2	2	7	Cat. 2  and Cat. VR	
PU0349	3	3	9	Cat. 3	
PU0350	2	2	7	Cat. 2  and Cat. VR	
PU0351	2	2	7	Cat. 2  and Cat. VR	
PU0352	2	2	7	Cat. 2  and Cat. VR	
PU0353	3	3	9	Cat. 3	
PU0354	2	2	7	Cat. 2  and Cat. VR	
PU0355	VR	VR	8	Cat. 2  and Cat. VR	
PU0356	2	2	7	Cat. 2  and Cat. VR	
PU0357	2	2	7	Cat. 2  and Cat. VR	
PU0358	2	2	7	Cat. 2  and Cat. VR	
PU0359	2	2	7	Cat. 2  and Cat. VR	
PU0360	1P	1P	5	Cat. 1	
PU0361	RVC	RVC	1	RVC	
PU0362	RVC-X	UNRESOLVED	UNRESOLVED	UNRESOLVED	欄 5 之值非單一矩陣類別（複合／無類別）；解析規則未定（B19）
PU0363	RVC-X	UNRESOLVED	UNRESOLVED	UNRESOLVED	欄 5 之值非單一矩陣類別（複合／無類別）；解析規則未定（B19）
PU0364	X	X	2	Cat. X	
PU0365	X	X	2	Cat. X	
PU0366	2	2	7	Cat. 2  and Cat. VR	
PU0367	2	2	7	Cat. 2  and Cat. VR	
PU0368	2	2	7	Cat. 2  and Cat. VR	
PU0369	2	2	7	Cat. 2  and Cat. VR	
PU0370	2	2	7	Cat. 2  and Cat. VR	
PU0371	2	2	7	Cat. 2  and Cat. VR	
PU0372	2	2	7	Cat. 2  and Cat. VR	
PU0373	2	2	7	Cat. 2  and Cat. VR	
PU0374	2	2	7	Cat. 2  and Cat. VR	
PU0375	2	2	7	Cat. 2  and Cat. VR	
PU0376	2	2	7	Cat. 2  and Cat. VR	
PU0377	2	2	7	Cat. 2  and Cat. VR	
PU0378	2	2	7	Cat. 2  and Cat. VR	
PU0379	2	2	7	Cat. 2  and Cat. VR	
PU0380	2	2	7	Cat. 2  and Cat. VR	
PU0381	2	2	7	Cat. 2  and Cat. VR	
PU0382	2	2	7	Cat. 2  and Cat. VR	
PU0383	2	2	7	Cat. 2  and Cat. VR	
PU0384	2	2	7	Cat. 2  and Cat. VR	
PU0385	2	2	7	Cat. 2  and Cat. VR	
PU0386	2	2	7	Cat. 2  and Cat. VR	
PU0387	2	2	7	Cat. 2  and Cat. VR	
PU0388	2	2	7	Cat. 2  and Cat. VR	
PU0389	2	2	7	Cat. 2  and Cat. VR	
PU0390	2	2	7	Cat. 2  and Cat. VR	
PU0391	2	2	7	Cat. 2  and Cat. VR	
PU0392	2	2	7	Cat. 2  and Cat. VR	
PU0393	2	2	7	Cat. 2  and Cat. VR	
PU0394	2	2	7	Cat. 2  and Cat. VR	
PU0395	2	2	7	Cat. 2  and Cat. VR	
PU0396	2	2	7	Cat. 2  and Cat. VR	
PU0397	2	2	7	Cat. 2  and Cat. VR	
PU0398	2	2	7	Cat. 2  and Cat. VR	
PU0399	2	2	7	Cat. 2  and Cat. VR	
PU0400	2	2	7	Cat. 2  and Cat. VR	
PU0401	2	2	7	Cat. 2  and Cat. VR	
PU0402	2	2	7	Cat. 2  and Cat. VR	
PU0403	2	2	7	Cat. 2  and Cat. VR	
PU0404	2	2	7	Cat. 2  and Cat. VR	
PU0405	2	2	7	Cat. 2  and Cat. VR	
PU0406	2	2	7	Cat. 2  and Cat. VR	
PU0407	2	2	7	Cat. 2  and Cat. VR	
PU0408	2	2	7	Cat. 2  and Cat. VR	
PU0409	RVC	RVC	1	RVC	
PU0410	2	2	7	Cat. 2  and Cat. VR	
PU0411	2	2	7	Cat. 2  and Cat. VR	
PU0412	2	2	7	Cat. 2  and Cat. VR	
PU0413	2	2	7	Cat. 2  and Cat. VR	
PU0414	2	2	7	Cat. 2  and Cat. VR	
PU0415	2	2	7	Cat. 2  and Cat. VR	
PU0416	2	2	7	Cat. 2  and Cat. VR	
PU0417	2	2	7	Cat. 2  and Cat. VR	
PU0418	2	2	7	Cat. 2  and Cat. VR	
PU0419	RVC	RVC	1	RVC	
PU0420	RVC	RVC	1	RVC	
PU0421	RVC	RVC	1	RVC	
PU0422	3	3	9	Cat. 3	
PU0423	2	2	7	Cat. 2  and Cat. VR	
PU0424	2	2	7	Cat. 2  and Cat. VR	
PU0425	3	3	9	Cat. 3	
PU0426	2	2	7	Cat. 2  and Cat. VR	
PU0427	2	2	7	Cat. 2  and Cat. VR	
PU0428	2	2	7	Cat. 2  and Cat. VR	
PU0429	3	3	9	Cat. 3	
PU0430	2	2	7	Cat. 2  and Cat. VR	
PU0431	2	2	7	Cat. 2  and Cat. VR	
PU0432	3	3	9	Cat. 3	
PU0433	2	2	7	Cat. 2  and Cat. VR	
PU0434	2	2	7	Cat. 2  and Cat. VR	
PU0435	2	2	7	Cat. 2  and Cat. VR	
PU0436	2	2	7	Cat. 2  and Cat. VR	
PU0437	2	2	7	Cat. 2  and Cat. VR	
PU0438	2	2	7	Cat. 2  and Cat. VR	
PU0439	2	2	7	Cat. 2  and Cat. VR	
PU0440	2	2	7	Cat. 2  and Cat. VR	
PU0441	2	2	7	Cat. 2  and Cat. VR	
PU0442	NA	UNRESOLVED	UNRESOLVED	UNRESOLVED	欄 5 之值非單一矩陣類別（複合／無類別）；解析規則未定（B19）
PU0443	2	2	7	Cat. 2  and Cat. VR	
PU0444	2	2	7	Cat. 2  and Cat. VR	
PU0445	RVC	RVC	1	RVC	
PU0446	RVC	RVC	1	RVC	
PU0447	RVC	RVC	1	RVC	
PU0448	RVC	RVC	1	RVC	
PU0449	RVC	RVC	1	RVC	
PU0450	2	2	7	Cat. 2  and Cat. VR	
PU0451	2	2	7	Cat. 2  and Cat. VR	
PU0452	2	2	7	Cat. 2  and Cat. VR	
PU0453	2	2	7	Cat. 2  and Cat. VR	
PU0454	2	2	7	Cat. 2  and Cat. VR	
PU0455	2	2	7	Cat. 2  and Cat. VR	
PU0456	2	2	7	Cat. 2  and Cat. VR	
PU0457	2	2	7	Cat. 2  and Cat. VR	
PU0458	2	2	7	Cat. 2  and Cat. VR	
PU0459	RVC 2	UNRESOLVED	UNRESOLVED	UNRESOLVED	欄 5 之值非單一矩陣類別（複合／無類別）；解析規則未定（B19）
PU0460	2	2	7	Cat. 2  and Cat. VR	
PU0461	2	2	7	Cat. 2  and Cat. VR	
PU0462	2	2	7	Cat. 2  and Cat. VR	
PU0463	2	2	7	Cat. 2  and Cat. VR	
PU0464	2	2	7	Cat. 2  and Cat. VR	
PU0465	2	2	7	Cat. 2  and Cat. VR	
PU0466	2	2	7	Cat. 2  and Cat. VR	
PU0467	RVC	RVC	1	RVC	
PU0468	RVC	RVC	1	RVC	
PU0469	RVC	RVC	1	RVC	
PU0470	RVC	RVC	1	RVC	
PU0471	RVC	RVC	1	RVC	
PU0472	2	2	7	Cat. 2  and Cat. VR	
PU0473	2	2	7	Cat. 2  and Cat. VR	
PU0474	2	2	7	Cat. 2  and Cat. VR	
PU0475	2	2	7	Cat. 2  and Cat. VR	
PU0476	2	2	7	Cat. 2  and Cat. VR	
PU0477	2	2	7	Cat. 2  and Cat. VR	
PU0478	2	2	7	Cat. 2  and Cat. VR	
PU0479	2	2	7	Cat. 2  and Cat. VR	
PU0480	2	2	7	Cat. 2  and Cat. VR	
PU0481	2	2	7	Cat. 2  and Cat. VR	
PU0482	2	2	7	Cat. 2  and Cat. VR	
PU0483	2	2	7	Cat. 2  and Cat. VR	
PU0484	2	2	7	Cat. 2  and Cat. VR	
PU0485	2	2	7	Cat. 2  and Cat. VR	
PU0486	2	2	7	Cat. 2  and Cat. VR	
PU0487	2	2	7	Cat. 2  and Cat. VR	
PU0488	2	2	7	Cat. 2  and Cat. VR	
PU0489	2	2	7	Cat. 2  and Cat. VR	
PU0490	2	2	7	Cat. 2  and Cat. VR	
PU0491	2	2	7	Cat. 2  and Cat. VR	
PU0492	2	2	7	Cat. 2  and Cat. VR	
PU0493	2	2	7	Cat. 2  and Cat. VR	
PU0494	2	2	7	Cat. 2  and Cat. VR	
PU0495	2	2	7	Cat. 2  and Cat. VR	
PU0496	2	2	7	Cat. 2  and Cat. VR	
PU0497	2	2	7	Cat. 2  and Cat. VR	
PU0498	2	2	7	Cat. 2  and Cat. VR	
PU0499	2	2	7	Cat. 2  and Cat. VR	
PU0500	2	2	7	Cat. 2  and Cat. VR	
PU0501	2	2	7	Cat. 2  and Cat. VR	
PU0502	2	2	7	Cat. 2  and Cat. VR	
PU0503	2	2	7	Cat. 2  and Cat. VR	
PU0505	2	2	7	Cat. 2  and Cat. VR	
PU0505	2	2	7	Cat. 2  and Cat. VR	
PU0506	2	2	7	Cat. 2  and Cat. VR	
PU0507	2	2	7	Cat. 2  and Cat. VR	
PU0508	2	2	7	Cat. 2  and Cat. VR	
PU0509	2	2	7	Cat. 2  and Cat. VR	
PU0510	2	2	7	Cat. 2  and Cat. VR	
PU0511	2	2	7	Cat. 2  and Cat. VR	
PU0512	2	2	7	Cat. 2  and Cat. VR	
PU0513	2	2	7	Cat. 2  and Cat. VR	
PU0514	2	2	7	Cat. 2  and Cat. VR	
PU0515	2	2	7	Cat. 2  and Cat. VR	
PU0516	1	1	5	Cat. 1	
PU0517	1T	1T	5	Cat. 1	
PU0518	2	2	7	Cat. 2  and Cat. VR	
PU0519	2	2	7	Cat. 2  and Cat. VR	
PU0520	2	2	7	Cat. 2  and Cat. VR	
PU0521	2	2	7	Cat. 2  and Cat. VR	
PU0522	2	2	7	Cat. 2  and Cat. VR	
PU0523	2	2	7	Cat. 2  and Cat. VR	
PU0524	NA	UNRESOLVED	UNRESOLVED	UNRESOLVED	欄 5 之值非單一矩陣類別（複合／無類別）；解析規則未定（B19）
PU0525	NA	UNRESOLVED	UNRESOLVED	UNRESOLVED	欄 5 之值非單一矩陣類別（複合／無類別）；解析規則未定（B19）
PU0526	VR	VR	8	Cat. 2  and Cat. VR	
PU0527	VR	VR	8	Cat. 2  and Cat. VR	
PU0528	VR	VR	8	Cat. 2  and Cat. VR	
PU0529	VR	VR	8	Cat. 2  and Cat. VR	
PU530	RVC	RVC	1	RVC	
PU531	RVC	RVC	1	RVC	
PU532	2	2	7	Cat. 2  and Cat. VR	
PU0533	2	2	7	Cat. 2  and Cat. VR	
PU0534	3	3	9	Cat. 3	
PU0535	2	2	7	Cat. 2  and Cat. VR	
PU0536	3	3	9	Cat. 3	
PU0537	2	2	7	Cat. 2  and Cat. VR	
PU0538	2	2	7	Cat. 2  and Cat. VR	
PU0539	VR	VR	8	Cat. 2  and Cat. VR	
PU0540	VR	VR	8	Cat. 2  and Cat. VR	
PU0541	2	2	7	Cat. 2  and Cat. VR	
PU0542	2	2	7	Cat. 2  and Cat. VR	
PU0543	2	2	7	Cat. 2  and Cat. VR	
PU0544	2	2	7	Cat. 2  and Cat. VR	
PU0545	2	2	7	Cat. 2  and Cat. VR	
PU0546	2	2	7	Cat. 2  and Cat. VR	
PU0547	2	2	7	Cat. 2  and Cat. VR	
PU0548	2	2	7	Cat. 2  and Cat. VR	
PU0549	2	2	7	Cat. 2  and Cat. VR	
PU0550	2	2	7	Cat. 2  and Cat. VR	
PU0551	2	2	7	Cat. 2  and Cat. VR	
PU0552	2	2	7	Cat. 2  and Cat. VR	
PU0553	3	3	9	Cat. 3	
PU0554	3	3	9	Cat. 3	
PU0555	3	3	9	Cat. 3	
PU0556	3	3	9	Cat. 3	
PU0557	-	UNRESOLVED	UNRESOLVED	UNRESOLVED	欄 5 之值非單一矩陣類別（複合／無類別）；解析規則未定（B19）
PU0558	SL	SL	3	Cat. SL	PENDING: DR-DM2 Cat SL precedence
PU0559	SL	SL	3	Cat. SL	PENDING: DR-DM2 Cat SL precedence
PU0560	SL	SL	3	Cat. SL	PENDING: DR-DM2 Cat SL precedence
PU0561	SL	SL	3	Cat. SL	PENDING: DR-DM2 Cat SL precedence
PU0562	SL	SL	3	Cat. SL	PENDING: DR-DM2 Cat SL precedence
PU0563	SL	SL	3	Cat. SL	PENDING: DR-DM2 Cat SL precedence
PU0564	SL	SL	3	Cat. SL	PENDING: DR-DM2 Cat SL precedence
PU0565	SL	SL	3	Cat. SL	PENDING: DR-DM2 Cat SL precedence
PU0566	SL	SL	3	Cat. SL	PENDING: DR-DM2 Cat SL precedence
PU0567	2	2	7	Cat. 2  and Cat. VR	
PU0568	2	2	7	Cat. 2  and Cat. VR	
PU0569	2	2	7	Cat. 2  and Cat. VR	
PU0570	2	2	7	Cat. 2  and Cat. VR	
PU0571	2	2	7	Cat. 2  and Cat. VR	
PU0572	2	2	7	Cat. 2  and Cat. VR	
PU0573	X	X	2	Cat. X	
PU0574	X	X	2	Cat. X	
PU0575	2	2	7	Cat. 2  and Cat. VR	
PU0576	2	2	7	Cat. 2  and Cat. VR	
PU0577	2	2	7	Cat. 2  and Cat. VR	
PU0578	2	2	7	Cat. 2  and Cat. VR	
PU0579	2	2	7	Cat. 2  and Cat. VR	
PU0580	2	2	7	Cat. 2  and Cat. VR	
PU0581	2	2	7	Cat. 2  and Cat. VR	
PU0583	2	2	7	Cat. 2  and Cat. VR	
PU0584	2	2	7	Cat. 2  and Cat. VR	
PU0585	2	2	7	Cat. 2  and Cat. VR	
PU0586	2	2	7	Cat. 2  and Cat. VR	
PU0587	2	2	7	Cat. 2  and Cat. VR	
PU0588	2	2	7	Cat. 2  and Cat. VR	
PU0589	2	2	7	Cat. 2  and Cat. VR	
PU0590	2	2	7	Cat. 2  and Cat. VR	
PU0591	2	2	7	Cat. 2  and Cat. VR	
PU0592	2	2	7	Cat. 2  and Cat. VR	
PU0593	2	2	7	Cat. 2  and Cat. VR	
PU0594	2	2	7	Cat. 2  and Cat. VR	
PU0595	2	2	7	Cat. 2  and Cat. VR	
PU0596	2	2	7	Cat. 2  and Cat. VR	
PU0597	2	2	7	Cat. 2  and Cat. VR	
PU0598	2	2	7	Cat. 2  and Cat. VR	
PU0600	2	2	7	Cat. 2  and Cat. VR	
PU0601	2	2	7	Cat. 2  and Cat. VR	
PU0602	2	2	7	Cat. 2  and Cat. VR	
PU0603	2	2	7	Cat. 2  and Cat. VR	
PU0604	2	2	7	Cat. 2  and Cat. VR	
PU0605	2	2	7	Cat. 2  and Cat. VR	
PU0606	2	2	7	Cat. 2  and Cat. VR	
PU0607	2	2	7	Cat. 2  and Cat. VR	
PU0608	2	2	7	Cat. 2  and Cat. VR	
PU0609	2	2	7	Cat. 2  and Cat. VR	
PU0611	2	2	7	Cat. 2  and Cat. VR	
PU0612	2	2	7	Cat. 2  and Cat. VR	
PU0613	2	2	7	Cat. 2  and Cat. VR	
PU0614	2	2	7	Cat. 2  and Cat. VR	
PU0615	2	2	7	Cat. 2  and Cat. VR	
PU0616	2	2	7	Cat. 2  and Cat. VR	
PU0617	2	2	7	Cat. 2  and Cat. VR	
PU0618	2	2	7	Cat. 2  and Cat. VR	
PU0619	2	2	7	Cat. 2  and Cat. VR	
PU0620	2	2	7	Cat. 2  and Cat. VR	
PU0621	2	2	7	Cat. 2  and Cat. VR	
PU0622	2	2	7	Cat. 2  and Cat. VR	
PU0623	2	2	7	Cat. 2  and Cat. VR	
PU0624	2	2	7	Cat. 2  and Cat. VR	
PU0625	2	2	7	Cat. 2  and Cat. VR	
PU0626	2	2	7	Cat. 2  and Cat. VR	
PU0627	2	2	7	Cat. 2  and Cat. VR	
PU0628	2	2	7	Cat. 2  and Cat. VR	
PU0629	2	2	7	Cat. 2  and Cat. VR	
PU0630	2	2	7	Cat. 2  and Cat. VR	
PU0631	2	2	7	Cat. 2  and Cat. VR	
PU0632	2	2	7	Cat. 2  and Cat. VR	
PU0633	2	2	7	Cat. 2  and Cat. VR	
PU0634	2	2	7	Cat. 2  and Cat. VR	
PU0635	3	3	9	Cat. 3	
PU0636	3	3	9	Cat. 3	
PU0637	3	3	9	Cat. 3	
PU0638	VR	VR	8	Cat. 2  and Cat. VR	
PU0639	2	2	7	Cat. 2  and Cat. VR	
PU0640	2	2	7	Cat. 2  and Cat. VR	
PU0641	2	2	7	Cat. 2  and Cat. VR	
PU0642	2	2	7	Cat. 2  and Cat. VR	
PU0643	2	2	7	Cat. 2  and Cat. VR	
PU0644	2	2	7	Cat. 2  and Cat. VR	
PU0645	2	2	7	Cat. 2  and Cat. VR	
PU0646	2	2	7	Cat. 2  and Cat. VR	
PU0647	2	2	7	Cat. 2  and Cat. VR	
PU0648	2	2	7	Cat. 2  and Cat. VR	
PU0649	2	2	7	Cat. 2  and Cat. VR	
PU0650	2	2	7	Cat. 2  and Cat. VR	
PU0651	2	2	7	Cat. 2  and Cat. VR	
PU0652	2	2	7	Cat. 2  and Cat. VR	
PU0653	2	2	7	Cat. 2  and Cat. VR	
PU0654	2 SL	UNRESOLVED	UNRESOLVED	UNRESOLVED	欄 5 之值非單一矩陣類別（複合／無類別）；解析規則未定（B19）
PU0655	2	2	7	Cat. 2  and Cat. VR	
PU0656	2	2	7	Cat. 2  and Cat. VR	
PU0657	2	2	7	Cat. 2  and Cat. VR	
PU0658	2	2	7	Cat. 2  and Cat. VR	
PU0659	2	2	7	Cat. 2  and Cat. VR	
PU0660	2	2	7	Cat. 2  and Cat. VR	
PU0661	2	2	7	Cat. 2  and Cat. VR	
PU0662	2	2	7	Cat. 2  and Cat. VR	
PU0663	2	2	7	Cat. 2  and Cat. VR	
PU0664	NA	UNRESOLVED	UNRESOLVED	UNRESOLVED	欄 5 之值非單一矩陣類別（複合／無類別）；解析規則未定（B19）
PU0665	2	2	7	Cat. 2  and Cat. VR	
PU0666	2	2	7	Cat. 2  and Cat. VR	
PU0667	2	2	7	Cat. 2  and Cat. VR	
PU0668	2	2	7	Cat. 2  and Cat. VR	
PU0669	3	3	9	Cat. 3	
PU0670	2	2	7	Cat. 2  and Cat. VR	
PU0671	2	2	7	Cat. 2  and Cat. VR	
PU0672	2	2	7	Cat. 2  and Cat. VR	
PU0673	2	2	7	Cat. 2  and Cat. VR	
PU0674	2	2	7	Cat. 2  and Cat. VR	
PU0675	2	2	7	Cat. 2  and Cat. VR	
PU0676	2	2	7	Cat. 2  and Cat. VR	
PU0677	2	2	7	Cat. 2  and Cat. VR	
PU0678	2	2	7	Cat. 2  and Cat. VR	
PU0679	2	2	7	Cat. 2  and Cat. VR	
PU0680	2	2	7	Cat. 2  and Cat. VR	
PU0681	2	2	7	Cat. 2  and Cat. VR	
PU0682	2	2	7	Cat. 2  and Cat. VR	
PU0683	2	2	7	Cat. 2  and Cat. VR	
PU0684	2	2	7	Cat. 2  and Cat. VR	
PU0685	2	2	7	Cat. 2  and Cat. VR	
PU0686	2	2	7	Cat. 2  and Cat. VR	
PU0687	2	2	7	Cat. 2  and Cat. VR	
PU0688	2	2	7	Cat. 2  and Cat. VR	
PU0689	2	2	7	Cat. 2  and Cat. VR	
PU0690	2	2	7	Cat. 2  and Cat. VR	
PU0691	2	2	7	Cat. 2  and Cat. VR	
PU0692	2	2	7	Cat. 2  and Cat. VR	
PU0693	2	2	7	Cat. 2  and Cat. VR	
PU0694	2	2	7	Cat. 2  and Cat. VR	
PU0695	2	2	7	Cat. 2  and Cat. VR	
PU0696	2	2	7	Cat. 2  and Cat. VR	
PU0697	2	2	7	Cat. 2  and Cat. VR	
PU0698	2	2	7	Cat. 2  and Cat. VR	
PU0699	2	2	7	Cat. 2  and Cat. VR	
PU0700	2	2	7	Cat. 2  and Cat. VR	
PU0701	2	2	7	Cat. 2  and Cat. VR	
PU0702	2	2	7	Cat. 2  and Cat. VR	
PU0703	2	2	7	Cat. 2  and Cat. VR	
PU0704	2	2	7	Cat. 2  and Cat. VR	
PU0705	2	2	7	Cat. 2  and Cat. VR	
PU0706	2	2	7	Cat. 2  and Cat. VR	
PU0707	2	2	7	Cat. 2  and Cat. VR	
PU0708	2	2	7	Cat. 2  and Cat. VR	
PU0709	2	2	7	Cat. 2  and Cat. VR	
PU0710	2	2	7	Cat. 2  and Cat. VR	
PU0711	2	2	7	Cat. 2  and Cat. VR	
PU0712	2	2	7	Cat. 2  and Cat. VR	
PU0713	2	2	7	Cat. 2  and Cat. VR	
PU0714	2	2	7	Cat. 2  and Cat. VR	
PU0715	2	2	7	Cat. 2  and Cat. VR	
PU0716	2	2	7	Cat. 2  and Cat. VR	
PU0717	2	2	7	Cat. 2  and Cat. VR	
PU0718	2	2	7	Cat. 2  and Cat. VR	
PU0719	1P	1P	5	Cat. 1	
PU0720	1P	1P	5	Cat. 1	
PU0721	2	2	7	Cat. 2  and Cat. VR	
PU0722	2	2	7	Cat. 2  and Cat. VR	
PU0723	2	2	7	Cat. 2  and Cat. VR	
PU0724	2	2	7	Cat. 2  and Cat. VR	
PU0725	2	2	7	Cat. 2  and Cat. VR	
PU0726	2	2	7	Cat. 2  and Cat. VR	
PU0727	2	2	7	Cat. 2  and Cat. VR	
PU0728	2	2	7	Cat. 2  and Cat. VR	
PU0729	2	2	7	Cat. 2  and Cat. VR	
PU0730	3	3	9	Cat. 3	
PU0731	2	2	7	Cat. 2  and Cat. VR	
PU0732	2	2	7	Cat. 2  and Cat. VR	
PU0733	2	2	7	Cat. 2  and Cat. VR	
PU0734	2	2	7	Cat. 2  and Cat. VR	
PU0735	2 SL	UNRESOLVED	UNRESOLVED	UNRESOLVED	欄 5 之值非單一矩陣類別（複合／無類別）；解析規則未定（B19）
PU0736	2 SL	UNRESOLVED	UNRESOLVED	UNRESOLVED	欄 5 之值非單一矩陣類別（複合／無類別）；解析規則未定（B19）
PU0737	2	2	7	Cat. 2  and Cat. VR	
PU0738	2	2	7	Cat. 2  and Cat. VR	
PU0739	2	2	7	Cat. 2  and Cat. VR	
PU0740	2	2	7	Cat. 2  and Cat. VR	
PU0741	2	2	7	Cat. 2  and Cat. VR	
PU0742	2	2	7	Cat. 2  and Cat. VR	
PU0743	2	2	7	Cat. 2  and Cat. VR	
PU0744	2	2	7	Cat. 2  and Cat. VR	
PU0745	2	2	7	Cat. 2  and Cat. VR	
PU0746	2	2	7	Cat. 2  and Cat. VR	
PU0747	2	2	7	Cat. 2  and Cat. VR	
PU0748	2	2	7	Cat. 2  and Cat. VR	
PU0749	2	2	7	Cat. 2  and Cat. VR	
PU0750	2	2	7	Cat. 2  and Cat. VR	
PU0751	2	2	7	Cat. 2  and Cat. VR	
PU0752	2	2	7	Cat. 2  and Cat. VR	
PU0753	2	2	7	Cat. 2  and Cat. VR	
PU0754	2	2	7	Cat. 2  and Cat. VR	
PU0755	2	2	7	Cat. 2  and Cat. VR	
PU0756	2	2	7	Cat. 2  and Cat. VR	
PU0757	2	2	7	Cat. 2  and Cat. VR	
PU0758	2	2	7	Cat. 2  and Cat. VR	
PU0759	2	2	7	Cat. 2  and Cat. VR	
PU0760	2	2	7	Cat. 2  and Cat. VR	
PU0761	2	2	7	Cat. 2  and Cat. VR	
PU0762	2	2	7	Cat. 2  and Cat. VR	
PU0763	2	2	7	Cat. 2  and Cat. VR	
PU0764	2	2	7	Cat. 2  and Cat. VR	
PU0765	2	2	7	Cat. 2  and Cat. VR	
PU0766	2	2	7	Cat. 2  and Cat. VR	
PU0767	2	2	7	Cat. 2  and Cat. VR	
PU0768	2	2	7	Cat. 2  and Cat. VR	
PU0769	2	2	7	Cat. 2  and Cat. VR	
PU0770	2	2	7	Cat. 2  and Cat. VR	
PU0771	2	2	7	Cat. 2  and Cat. VR	
PU0772	2	2	7	Cat. 2  and Cat. VR	
PU0773	2	2	7	Cat. 2  and Cat. VR	
PU0774	2	2	7	Cat. 2  and Cat. VR	
PU0775	2	2	7	Cat. 2  and Cat. VR	
PU0776	2	2	7	Cat. 2  and Cat. VR	
PU0777	2	2	7	Cat. 2  and Cat. VR	
PU0778	2	2	7	Cat. 2  and Cat. VR	
PU0779	2	2	7	Cat. 2  and Cat. VR	
PU0780	2	2	7	Cat. 2  and Cat. VR	
PU0781	2	2	7	Cat. 2  and Cat. VR	
PU0782	2	2	7	Cat. 2  and Cat. VR	
PU0783	2	2	7	Cat. 2  and Cat. VR	
PU0784	2 SL	UNRESOLVED	UNRESOLVED	UNRESOLVED	欄 5 之值非單一矩陣類別（複合／無類別）；解析規則未定（B19）
PU0785	2	2	7	Cat. 2  and Cat. VR	
PU0786	2	2	7	Cat. 2  and Cat. VR	
PU0787	2	2	7	Cat. 2  and Cat. VR	
PU0788	2	2	7	Cat. 2  and Cat. VR	
PU0789	2	2	7	Cat. 2  and Cat. VR	
PU0790	2	2	7	Cat. 2  and Cat. VR	
PU0791	2	2	7	Cat. 2  and Cat. VR	
PU0792	2	2	7	Cat. 2  and Cat. VR	
PU0793	2	2	7	Cat. 2  and Cat. VR	
PU0794	2	2	7	Cat. 2  and Cat. VR	
PU0795	2	2	7	Cat. 2  and Cat. VR	
PU0796	2	2	7	Cat. 2  and Cat. VR	
PU0797	2	2	7	Cat. 2  and Cat. VR	
PU0798	2	2	7	Cat. 2  and Cat. VR	
PU0799	2	2	7	Cat. 2  and Cat. VR	
PU0800	2	2	7	Cat. 2  and Cat. VR	
PU0801	2	2	7	Cat. 2  and Cat. VR	
PU0802	2	2	7	Cat. 2  and Cat. VR	
PU0803	2	2	7	Cat. 2  and Cat. VR	
PU0804	2	2	7	Cat. 2  and Cat. VR	
PU0805	2	2	7	Cat. 2  and Cat. VR	
PU0806	2	2	7	Cat. 2  and Cat. VR	
PU0807	2	2	7	Cat. 2  and Cat. VR	
PU0808	2	2	7	Cat. 2  and Cat. VR	
PU0809	2	2	7	Cat. 2  and Cat. VR	
PU0810	2	2	7	Cat. 2  and Cat. VR	
PU0811	2	2	7	Cat. 2  and Cat. VR	
PU0812	2	2	7	Cat. 2  and Cat. VR	
PU0813	2	2	7	Cat. 2  and Cat. VR	
PU0814	2	2	7	Cat. 2  and Cat. VR	
PU0815	2	2	7	Cat. 2  and Cat. VR	
PU0816	2	2	7	Cat. 2  and Cat. VR	
PU0817	2	2	7	Cat. 2  and Cat. VR	
PU0818	2	2	7	Cat. 2  and Cat. VR	
PU819	2	2	7	Cat. 2  and Cat. VR	
PU820	2	2	7	Cat. 2  and Cat. VR	
PU821	2	2	7	Cat. 2  and Cat. VR	
PU822	2	2	7	Cat. 2  and Cat. VR	
PU0823	2	2	7	Cat. 2  and Cat. VR	
PU0824	2	2	7	Cat. 2  and Cat. VR	
PU0825	2	2	7	Cat. 2  and Cat. VR	
PU0826	2	2	7	Cat. 2  and Cat. VR	
PU0827	2	2	7	Cat. 2  and Cat. VR	
PU0828	2	2	7	Cat. 2  and Cat. VR	
PU0829	2	2	7	Cat. 2  and Cat. VR	
PU0830	2	2	7	Cat. 2  and Cat. VR	
PU0831	2	2	7	Cat. 2  and Cat. VR	
PU0832	2	2	7	Cat. 2  and Cat. VR	
PU0833	2	2	7	Cat. 2  and Cat. VR	
PU0834	2	2	7	Cat. 2  and Cat. VR	
PU0835	2	2	7	Cat. 2  and Cat. VR	
PU0836	2	2	7	Cat. 2  and Cat. VR	
PU0837	2	2	7	Cat. 2  and Cat. VR	
PU0838	2	2	7	Cat. 2  and Cat. VR	
PU0839	2	2	7	Cat. 2  and Cat. VR	
PU0840	2	2	7	Cat. 2  and Cat. VR	
PU0841	2	2	7	Cat. 2  and Cat. VR	
PU0842	2	2	7	Cat. 2  and Cat. VR	
PU0843	2	2	7	Cat. 2  and Cat. VR	
PU0844	RVC	RVC	1	RVC	
PU0845	2	2	7	Cat. 2  and Cat. VR	
PU0846	2	2	7	Cat. 2  and Cat. VR	
PU0847	2	2	7	Cat. 2  and Cat. VR	
PU0848	2	2	7	Cat. 2  and Cat. VR	
PU0849	2	2	7	Cat. 2  and Cat. VR	
PU0850	2	2	7	Cat. 2  and Cat. VR	
PU0851	2	2	7	Cat. 2  and Cat. VR	
PU0852	2	2	7	Cat. 2  and Cat. VR	
PU0853	2	2	7	Cat. 2  and Cat. VR	
PU0854	2	2	7	Cat. 2  and Cat. VR	
PU0855	2	2	7	Cat. 2  and Cat. VR	
PU0856	2	2	7	Cat. 2  and Cat. VR	
PU0857	2	2	7	Cat. 2  and Cat. VR	
PU0858	2	2	7	Cat. 2  and Cat. VR	
PU0859	2	2	7	Cat. 2  and Cat. VR	
PU0860	2	2	7	Cat. 2  and Cat. VR	
PU0861	2	2	7	Cat. 2  and Cat. VR	
PU0862	3	3	9	Cat. 3	
PU0863	3	3	9	Cat. 3	
PU0864	2	2	7	Cat. 2  and Cat. VR	
PU0865	2	2	7	Cat. 2  and Cat. VR	
PU0866	2	2	7	Cat. 2  and Cat. VR	
PU0867	2	2	7	Cat. 2  and Cat. VR	
PU0868	2	2	7	Cat. 2  and Cat. VR	
PU0869	2	2	7	Cat. 2  and Cat. VR	
PU0870	2	2	7	Cat. 2  and Cat. VR	
PU0871	2	2	7	Cat. 2  and Cat. VR	
PU0872	2	2	7	Cat. 2  and Cat. VR	
PU0873	2	2	7	Cat. 2  and Cat. VR	
PU0874	2	2	7	Cat. 2  and Cat. VR	
PU0875	2	2	7	Cat. 2  and Cat. VR	
PU0876	2	2	7	Cat. 2  and Cat. VR	
PU0877	2	2	7	Cat. 2  and Cat. VR	
PU0878	2	2	7	Cat. 2  and Cat. VR	
PU0879	2	2	7	Cat. 2  and Cat. VR	
PU0880	2	2	7	Cat. 2  and Cat. VR	
PU0881	2	2	7	Cat. 2  and Cat. VR	
PU0882	2	2	7	Cat. 2  and Cat. VR	
PU0883	2	2	7	Cat. 2  and Cat. VR	
PU0884	2	2	7	Cat. 2  and Cat. VR	
PU0885	2	2	7	Cat. 2  and Cat. VR	
PU0886	2	2	7	Cat. 2  and Cat. VR	
PU0887	2	2	7	Cat. 2  and Cat. VR	
PU0888	2	2	7	Cat. 2  and Cat. VR	
PU0889	2	2	7	Cat. 2  and Cat. VR	
PU0890	2	2	7	Cat. 2  and Cat. VR	
PU0891	2	2	7	Cat. 2  and Cat. VR	
PU0892	2	2	7	Cat. 2  and Cat. VR	
PU0893	2	2	7	Cat. 2  and Cat. VR	
PU0894	2	2	7	Cat. 2  and Cat. VR	
PU0895	2	2	7	Cat. 2  and Cat. VR	
PU0896	2	2	7	Cat. 2  and Cat. VR	
PU0897	2	2	7	Cat. 2  and Cat. VR	
PU0898	2	2	7	Cat. 2  and Cat. VR	
PU0899	2	2	7	Cat. 2  and Cat. VR	
PU0900	2	2	7	Cat. 2  and Cat. VR	
PU0902	2	2	7	Cat. 2  and Cat. VR	
PU0903	2	2	7	Cat. 2  and Cat. VR	
PU0904	2	2	7	Cat. 2  and Cat. VR	
PU0905	2	2	7	Cat. 2  and Cat. VR	
PU0906	2	2	7	Cat. 2  and Cat. VR	
PU0907	2	2	7	Cat. 2  and Cat. VR	
PU0908	2	2	7	Cat. 2  and Cat. VR	
PU0909	2	2	7	Cat. 2  and Cat. VR	
PU0910	2	2	7	Cat. 2  and Cat. VR	
PU0911	2	2	7	Cat. 2  and Cat. VR	
PU0912	2	2	7	Cat. 2  and Cat. VR	
PU0913	2	2	7	Cat. 2  and Cat. VR	
PU0914	2	2	7	Cat. 2  and Cat. VR	
PU0915	2	2	7	Cat. 2  and Cat. VR	
PU0916	2	2	7	Cat. 2  and Cat. VR	
PU0917	2	2	7	Cat. 2  and Cat. VR	
PU0918	2	2	7	Cat. 2  and Cat. VR	
PU0919	2	2	7	Cat. 2  and Cat. VR	
PU0920	2	2	7	Cat. 2  and Cat. VR	
PU0921	2	2	7	Cat. 2  and Cat. VR	
PU0922	2	2	7	Cat. 2  and Cat. VR	
PU0923	2	2	7	Cat. 2  and Cat. VR	
PU0924	2	2	7	Cat. 2  and Cat. VR	
PU0925	2	2	7	Cat. 2  and Cat. VR	
PU0926	2	2	7	Cat. 2  and Cat. VR	
PU0927	2	2	7	Cat. 2  and Cat. VR	
PU0928	2	2	7	Cat. 2  and Cat. VR	
PU0929	2	2	7	Cat. 2  and Cat. VR	
PU0930	2	2	7	Cat. 2  and Cat. VR	
PU0931	2	2	7	Cat. 2  and Cat. VR	
PU0932	2	2	7	Cat. 2  and Cat. VR	
PU0933	2	2	7	Cat. 2  and Cat. VR	
PU0934	2	2	7	Cat. 2  and Cat. VR	
PU0935	2	2	7	Cat. 2  and Cat. VR	
PU0936	RVC	RVC	1	RVC	
PU0937	RVC	RVC	1	RVC	
PU0938	RVC	RVC	1	RVC	
PU0939	RVC	RVC	1	RVC	
PU0940	RVC	RVC	1	RVC	
PU0941	SL	SL	3	Cat. SL	PENDING: DR-DM2 Cat SL precedence
PU0942	2	2	7	Cat. 2  and Cat. VR	
PU0943	2	2	7	Cat. 2  and Cat. VR	
PU0944	2	2	7	Cat. 2  and Cat. VR	
PU0945	2	2	7	Cat. 2  and Cat. VR	
PU0946	2	2	7	Cat. 2  and Cat. VR	
PU0947	2	2	7	Cat. 2  and Cat. VR	
PU0948	2	2	7	Cat. 2  and Cat. VR	
PU0949	3	3	9	Cat. 3	
PU0950	2	2	7	Cat. 2  and Cat. VR	
PU0951	2	2	7	Cat. 2  and Cat. VR	
PU0952	2	2	7	Cat. 2  and Cat. VR	
PU0953	2	2	7	Cat. 2  and Cat. VR	
PU0954	2	2	7	Cat. 2  and Cat. VR	
PU0955	2	2	7	Cat. 2  and Cat. VR	
PU0956	2	2	7	Cat. 2  and Cat. VR	
PU0957	2	2	7	Cat. 2  and Cat. VR	
PU0958	2	2	7	Cat. 2  and Cat. VR	
PU0959	2	2	7	Cat. 2  and Cat. VR	
PU0960	2	2	7	Cat. 2  and Cat. VR	
PU0961	2	2	7	Cat. 2  and Cat. VR	
PU0962	2	2	7	Cat. 2  and Cat. VR	
PU0963	2	2	7	Cat. 2  and Cat. VR	
PU0964	2	2	7	Cat. 2  and Cat. VR	
PU0965	2	2	7	Cat. 2  and Cat. VR	
PU0966	2	2	7	Cat. 2  and Cat. VR	
PU0967	2	2	7	Cat. 2  and Cat. VR	
PU0968	2	2	7	Cat. 2  and Cat. VR	
PU0969	2	2	7	Cat. 2  and Cat. VR	
PU0970	2	2	7	Cat. 2  and Cat. VR	
PU0971	2	2	7	Cat. 2  and Cat. VR	
PU0972	RVC	RVC	1	RVC	
PU0973	2	2	7	Cat. 2  and Cat. VR	
PU0974	2	2	7	Cat. 2  and Cat. VR	
PU0975	2	2	7	Cat. 2  and Cat. VR	
PU0976	2	2	7	Cat. 2  and Cat. VR	
PU0977	2	2	7	Cat. 2  and Cat. VR	
PU0978	2	2	7	Cat. 2  and Cat. VR	
PU0979	2	2	7	Cat. 2  and Cat. VR	
PU0980	2	2	7	Cat. 2  and Cat. VR	
PU0981	2	2	7	Cat. 2  and Cat. VR	
PU0983	2	2	7	Cat. 2  and Cat. VR	
PU0984	2	2	7	Cat. 2  and Cat. VR	
PU0986	2	2	7	Cat. 2  and Cat. VR	
PU0998	2	2	7	Cat. 2  and Cat. VR	
PU1062	2	2	7	Cat. 2  and Cat. VR	
PU1089	2	2	7	Cat. 2  and Cat. VR	
PU1090	2	2	7	Cat. 2  and Cat. VR	
PU1091	2	2	7	Cat. 2  and Cat. VR	
PU1102	RVC-X	UNRESOLVED	UNRESOLVED	UNRESOLVED	欄 5 之值非單一矩陣類別（複合／無類別）；解析規則未定（B19）
PU1103	RVC-X	UNRESOLVED	UNRESOLVED	UNRESOLVED	欄 5 之值非單一矩陣類別（複合／無類別）；解析規則未定（B19）
PU1104	2	2	7	Cat. 2  and Cat. VR	
PU1113	2	2	7	Cat. 2  and Cat. VR	
PU1146	2	2	7	Cat. 2  and Cat. VR	
PU1147	2	2	7	Cat. 2  and Cat. VR	
PU1148	2	2	7	Cat. 2  and Cat. VR	
PU1149	2	2	7	Cat. 2  and Cat. VR	
PU1150	2	2	7	Cat. 2  and Cat. VR	
PU1151	2	2	7	Cat. 2  and Cat. VR	
PU1152	2	2	7	Cat. 2  and Cat. VR	
PU1153	2	2	7	Cat. 2  and Cat. VR	
PU1154	2	2	7	Cat. 2  and Cat. VR	
PU1155	2	2	7	Cat. 2  and Cat. VR	
PU1156	2	2	7	Cat. 2  and Cat. VR	
PU1157	2	2	7	Cat. 2  and Cat. VR	
PU1158	2	2	7	Cat. 2  and Cat. VR	
PU1159	2	2	7	Cat. 2  and Cat. VR	
PU1188	RVC	RVC	1	RVC	
PU1192	2	2	7	Cat. 2  and Cat. VR	
PU1195	2	2	7	Cat. 2  and Cat. VR	
PU1196	2	2	7	Cat. 2  and Cat. VR	
PU1197	2	2	7	Cat. 2  and Cat. VR	
PU1198	2	2	7	Cat. 2  and Cat. VR	
PU1199	2	2	7	Cat. 2  and Cat. VR	
PU1200	2	2	7	Cat. 2  and Cat. VR	
PU1201	2	2	7	Cat. 2  and Cat. VR	
PU1202	2	2	7	Cat. 2  and Cat. VR	
PU1203	2	2	7	Cat. 2  and Cat. VR	
PU1204	2	2	7	Cat. 2  and Cat. VR	
PU1205	2	2	7	Cat. 2  and Cat. VR	
PU1206	2	2	7	Cat. 2  and Cat. VR	
PU1207	2	2	7	Cat. 2  and Cat. VR	
PU1208	3	3	9	Cat. 3	
PU1209	SL	SL	3	Cat. SL	PENDING: DR-DM2 Cat SL precedence
PU1210	SL	SL	3	Cat. SL	PENDING: DR-DM2 Cat SL precedence
PU1211	SL	SL	3	Cat. SL	PENDING: DR-DM2 Cat SL precedence
PU1212	SL	SL	3	Cat. SL	PENDING: DR-DM2 Cat SL precedence
PU1213	SL	SL	3	Cat. SL	PENDING: DR-DM2 Cat SL precedence
PU1214	2	2	7	Cat. 2  and Cat. VR	
PU1215	2	2	7	Cat. 2  and Cat. VR	
PU1216	2	2	7	Cat. 2  and Cat. VR	
PU1217	2	2	7	Cat. 2  and Cat. VR	
PU1218	2	2	7	Cat. 2  and Cat. VR	
PU1219	2	2	7	Cat. 2  and Cat. VR	
PU1220	2	2	7	Cat. 2  and Cat. VR	
PU1221	2	2	7	Cat. 2  and Cat. VR	
PU1222	2	2	7	Cat. 2  and Cat. VR	
PU1223	2	2	7	Cat. 2  and Cat. VR	
PU1224	2	2	7	Cat. 2  and Cat. VR	
PU1225	2	2	7	Cat. 2  and Cat. VR	
PU1226	2	2	7	Cat. 2  and Cat. VR	
PU1227	2	2	7	Cat. 2  and Cat. VR	
PU1228	2	2	7	Cat. 2  and Cat. VR	
PU1229	SL	SL	3	Cat. SL	PENDING: DR-DM2 Cat SL precedence
PU1230	SL	SL	3	Cat. SL	PENDING: DR-DM2 Cat SL precedence
PU1231	SL	SL	3	Cat. SL	PENDING: DR-DM2 Cat SL precedence
PU1232	SL	SL	3	Cat. SL	PENDING: DR-DM2 Cat SL precedence
PU1233	2	2	7	Cat. 2  and Cat. VR	
PU1234	2	2	7	Cat. 2  and Cat. VR	
PU1235	2	2	7	Cat. 2  and Cat. VR	
PU1240	Custom	UNRESOLVED	UNRESOLVED	UNRESOLVED	欄 5 之值非單一矩陣類別（複合／無類別）；解析規則未定（B19）
PU1244	2	2	7	Cat. 2  and Cat. VR	
PU1246	2	2	7	Cat. 2  and Cat. VR	
PU1257	2	2	7	Cat. 2  and Cat. VR	
PU1258	2	2	7	Cat. 2  and Cat. VR	
PU1259	2	2	7	Cat. 2  and Cat. VR	
PU1264	2	2	7	Cat. 2  and Cat. VR	
PU1265	2	2	7	Cat. 2  and Cat. VR	
PU1266	2	2	7	Cat. 2  and Cat. VR	
PU1267	2	2	7	Cat. 2  and Cat. VR	
PU1268	2	2	7	Cat. 2  and Cat. VR	
PU1269	2	2	7	Cat. 2  and Cat. VR	
PU1270	Custom	UNRESOLVED	UNRESOLVED	UNRESOLVED	欄 5 之值非單一矩陣類別（複合／無類別）；解析規則未定（B19）
PU1271	RVC	RVC	1	RVC	
PU1272	RVC	RVC	1	RVC	
PU1273	RVC	RVC	1	RVC	
PU1274	2	2	7	Cat. 2  and Cat. VR	
PU1275	2	2	7	Cat. 2  and Cat. VR	
PU1276	2	2	7	Cat. 2  and Cat. VR	
PU1277	2	2	7	Cat. 2  and Cat. VR	
PU1278	2	2	7	Cat. 2  and Cat. VR	
PU1279	2	2	7	Cat. 2  and Cat. VR	
PU1280	2	2	7	Cat. 2  and Cat. VR	
PU1281	2	2	7	Cat. 2  and Cat. VR	
PU1282	2	2	7	Cat. 2  and Cat. VR	
PU1283	2	2	7	Cat. 2  and Cat. VR	
PU1284	2	2	7	Cat. 2  and Cat. VR	
PU1285	2	2	7	Cat. 2  and Cat. VR	
PU1287	2	2	7	Cat. 2  and Cat. VR	
PU1288	2	2	7	Cat. 2  and Cat. VR	
PU1289	2	2	7	Cat. 2  and Cat. VR	
PU1290	2	2	7	Cat. 2  and Cat. VR	
PU1291	2	2	7	Cat. 2  and Cat. VR	
PU1292	2	2	7	Cat. 2  and Cat. VR	
PU1293	2	2	7	Cat. 2  and Cat. VR	
PU1294	2	2	7	Cat. 2  and Cat. VR	
PU1295	2	2	7	Cat. 2  and Cat. VR	
PU1296	2	2	7	Cat. 2  and Cat. VR	
PU1297	2	2	7	Cat. 2  and Cat. VR	
PU1298	2	2	7	Cat. 2  and Cat. VR	
PU1299	2	2	7	Cat. 2  and Cat. VR	
PU1300	2	2	7	Cat. 2  and Cat. VR	
PU1301	2	2	7	Cat. 2  and Cat. VR	
PU1302	2	2	7	Cat. 2  and Cat. VR	
PU1303	2	2	7	Cat. 2  and Cat. VR	
PU1304	2	2	7	Cat. 2  and Cat. VR	
PU1307	2	2	7	Cat. 2  and Cat. VR	
PU1308	2	2	7	Cat. 2  and Cat. VR	
PU1309	2	2	7	Cat. 2  and Cat. VR	
PU1310	SL	SL	3	Cat. SL	PENDING: DR-DM2 Cat SL precedence
PU1311	2	2	7	Cat. 2  and Cat. VR	
PU1312	2	2	7	Cat. 2  and Cat. VR	
PU1313	2	2	7	Cat. 2  and Cat. VR	
PU1314	2	2	7	Cat. 2  and Cat. VR	
PU1315	2	2	7	Cat. 2  and Cat. VR	
PU1316	2	2	7	Cat. 2  and Cat. VR	
PU1317	2	2	7	Cat. 2  and Cat. VR	
PU1318	2	2	7	Cat. 2  and Cat. VR	
PU1319	2	2	7	Cat. 2  and Cat. VR	
PU1320	2	2	7	Cat. 2  and Cat. VR	
PU1321	2	2	7	Cat. 2  and Cat. VR	
PU1322	2	2	7	Cat. 2  and Cat. VR	
PU1323	2	2	7	Cat. 2  and Cat. VR	
PU1324	2	2	7	Cat. 2  and Cat. VR	
PU1325	2	2	7	Cat. 2  and Cat. VR	
PU1326	2	2	7	Cat. 2  and Cat. VR	
PU1327	2	2	7	Cat. 2  and Cat. VR	
PU1328	2	2	7	Cat. 2  and Cat. VR	
PU1329	2	2	7	Cat. 2  and Cat. VR	
PU1330	SL	SL	3	Cat. SL	PENDING: DR-DM2 Cat SL precedence
PU1331	SL	SL	3	Cat. SL	PENDING: DR-DM2 Cat SL precedence
PU1332	2	2	7	Cat. 2  and Cat. VR	
PU1338	2	2	7	Cat. 2  and Cat. VR	
PU1339	2	2	7	Cat. 2  and Cat. VR	
PU1340	2	2	7	Cat. 2  and Cat. VR	
PU1341	2	2	7	Cat. 2  and Cat. VR	
PU1342	2	2	7	Cat. 2  and Cat. VR	
PU1343	2	2	7	Cat. 2  and Cat. VR	
PU1344	2	2	7	Cat. 2  and Cat. VR	
PU1345	2	2	7	Cat. 2  and Cat. VR	
PU1346	2	2	7	Cat. 2  and Cat. VR	
PU1347	2	2	7	Cat. 2  and Cat. VR	
PU1348	2	2	7	Cat. 2  and Cat. VR	
PU1349	SL	SL	3	Cat. SL	PENDING: DR-DM2 Cat SL precedence
PU1350	2	2	7	Cat. 2  and Cat. VR	
PU1351	2	2	7	Cat. 2  and Cat. VR	
PU1352	2	2	7	Cat. 2  and Cat. VR	
PU1353	2	2	7	Cat. 2  and Cat. VR	
PU1354	2	2	7	Cat. 2  and Cat. VR	
PU1355	2	2	7	Cat. 2  and Cat. VR	
PU1356	2	2	7	Cat. 2  and Cat. VR	
PU1357	2	2	7	Cat. 2  and Cat. VR	
PU1358	2	2	7	Cat. 2  and Cat. VR	
PU1359	2	2	7	Cat. 2  and Cat. VR	
PU1360	2	2	7	Cat. 2  and Cat. VR	
PU1361	2	2	7	Cat. 2  and Cat. VR	
PU1362	2	2	7	Cat. 2  and Cat. VR	
PU1363	2	2	7	Cat. 2  and Cat. VR	
PU1364	2	2	7	Cat. 2  and Cat. VR	
PU1365	2	2	7	Cat. 2  and Cat. VR	
PU1366	2	2	7	Cat. 2  and Cat. VR	
PU1367	2	2	7	Cat. 2  and Cat. VR	
PU1368	2	2	7	Cat. 2  and Cat. VR	
PU1369	2	2	7	Cat. 2  and Cat. VR	
PU1370	2	2	7	Cat. 2  and Cat. VR	
PU1371	2	2	7	Cat. 2  and Cat. VR	
PU1372	2	2	7	Cat. 2  and Cat. VR	
PU1373	2	2	7	Cat. 2  and Cat. VR	
PU1374	2	2	7	Cat. 2  and Cat. VR	
PU1375	2	2	7	Cat. 2  and Cat. VR	
PU1376	2	2	7	Cat. 2  and Cat. VR	
PU1377	2	2	7	Cat. 2  and Cat. VR	
PU1378	2	2	7	Cat. 2  and Cat. VR	
PU1379	2	2	7	Cat. 2  and Cat. VR	
PU1380	2	2	7	Cat. 2  and Cat. VR	
PU1381	2	2	7	Cat. 2  and Cat. VR	
PU1382	2	2	7	Cat. 2  and Cat. VR	
PU1383	2	2	7	Cat. 2  and Cat. VR	
PU1384	2	2	7	Cat. 2  and Cat. VR	
PU1385	2	2	7	Cat. 2  and Cat. VR	
PU1386	2	2	7	Cat. 2  and Cat. VR	
PU1387	2	2	7	Cat. 2  and Cat. VR	
PU1388	2	2	7	Cat. 2  and Cat. VR	
PU1389	2	2	7	Cat. 2  and Cat. VR	
PU1391	2	2	7	Cat. 2  and Cat. VR	
PU1392	2	2	7	Cat. 2  and Cat. VR	
PU1393	2	2	7	Cat. 2  and Cat. VR	
PU1394	2	2	7	Cat. 2  and Cat. VR	
PU1395	2	2	7	Cat. 2  and Cat. VR	
PU1396	2	2	7	Cat. 2  and Cat. VR	
PU1397	2	2	7	Cat. 2  and Cat. VR	
PU1398	2	2	7	Cat. 2  and Cat. VR	
PU1399	2	2	7	Cat. 2  and Cat. VR	
PU1400	2	2	7	Cat. 2  and Cat. VR	
PU1401	2	2	7	Cat. 2  and Cat. VR	
PU1402	2	2	7	Cat. 2  and Cat. VR	
PU1403	2	2	7	Cat. 2  and Cat. VR	
PU1404	2	2	7	Cat. 2  and Cat. VR	
PU1405	2	2	7	Cat. 2  and Cat. VR	
PU1406	2	2	7	Cat. 2  and Cat. VR	
PU1407	2	2	7	Cat. 2  and Cat. VR	
PU1408	2	2	7	Cat. 2  and Cat. VR	
PU1409	2	2	7	Cat. 2  and Cat. VR	
PU1410	2	2	7	Cat. 2  and Cat. VR	
PU1411	2	2	7	Cat. 2  and Cat. VR	
PU1412	2	2	7	Cat. 2  and Cat. VR	
PU1413	2	2	7	Cat. 2  and Cat. VR	
PU1414	2	2	7	Cat. 2  and Cat. VR	
PU1415	2	2	7	Cat. 2  and Cat. VR	
PU1416	2	2	7	Cat. 2  and Cat. VR	
PU1417	2	2	7	Cat. 2  and Cat. VR	
PU1418	2	2	7	Cat. 2  and Cat. VR	
PU1419	2	2	7	Cat. 2  and Cat. VR	
PU1420	2	2	7	Cat. 2  and Cat. VR	
PU1421	2	2	7	Cat. 2  and Cat. VR	
PU1422	2	2	7	Cat. 2  and Cat. VR	
PU1423	2	2	7	Cat. 2  and Cat. VR	
PU1424	2	2	7	Cat. 2  and Cat. VR	
PU1425	2	2	7	Cat. 2  and Cat. VR	
PU1426	2	2	7	Cat. 2  and Cat. VR	
PU1427	2	2	7	Cat. 2  and Cat. VR	
PU1428	2	2	7	Cat. 2  and Cat. VR	
PU1429	2	2	7	Cat. 2  and Cat. VR	
PU1430	2	2	7	Cat. 2  and Cat. VR	
PU1431	2	2	7	Cat. 2  and Cat. VR	
PU1432	2	2	7	Cat. 2  and Cat. VR	
PU1433	2	2	7	Cat. 2  and Cat. VR	
PU1434	2	2	7	Cat. 2  and Cat. VR	
PU1435	2	2	7	Cat. 2  and Cat. VR	
PU1436	2	2	7	Cat. 2  and Cat. VR	
PU1437	2	2	7	Cat. 2  and Cat. VR	
PU1438	2	2	7	Cat. 2  and Cat. VR	
PU1439	2	2	7	Cat. 2  and Cat. VR	
PU1440	2	2	7	Cat. 2  and Cat. VR	
PU1441	2	2	7	Cat. 2  and Cat. VR	
PU1442	2	2	7	Cat. 2  and Cat. VR	
PU1443	2	2	7	Cat. 2  and Cat. VR	
PU1444	2	2	7	Cat. 2  and Cat. VR	
PU1445	2	2	7	Cat. 2  and Cat. VR	
PU1446	2	2	7	Cat. 2  and Cat. VR	
PU1447	2	2	7	Cat. 2  and Cat. VR	
PU1448	2	2	7	Cat. 2  and Cat. VR	
PU1449	2	2	7	Cat. 2  and Cat. VR	
PU1450	2	2	7	Cat. 2  and Cat. VR	
PU1451	2	2	7	Cat. 2  and Cat. VR	
PU1452	2	2	7	Cat. 2  and Cat. VR	
PU1453	2	2	7	Cat. 2  and Cat. VR	
PU1454	2	2	7	Cat. 2  and Cat. VR	
PU1455	2	2	7	Cat. 2  and Cat. VR	
PU1456	2	2	7	Cat. 2  and Cat. VR	
PU1457	2	2	7	Cat. 2  and Cat. VR	
PU1458	2	2	7	Cat. 2  and Cat. VR	
PU1459	2	2	7	Cat. 2  and Cat. VR	
PU1460	2	2	7	Cat. 2  and Cat. VR	
PU1461	2	2	7	Cat. 2  and Cat. VR	
PU1462	2	2	7	Cat. 2  and Cat. VR	
PU1463	2	2	7	Cat. 2  and Cat. VR	
PU1464	2	2	7	Cat. 2  and Cat. VR	
PU1465	2	2	7	Cat. 2  and Cat. VR	
PU1466	2	2	7	Cat. 2  and Cat. VR	
PU1467	2	2	7	Cat. 2  and Cat. VR	
PU1468	2	2	7	Cat. 2  and Cat. VR	
PU1469	2	2	7	Cat. 2  and Cat. VR	
PU1470	2	2	7	Cat. 2  and Cat. VR	
PU1471	2	2	7	Cat. 2  and Cat. VR	
PU1472	2	2	7	Cat. 2  and Cat. VR	
PU1473	2	2	7	Cat. 2  and Cat. VR	
PU1474	2	2	7	Cat. 2  and Cat. VR	
PU1475	2	2	7	Cat. 2  and Cat. VR	
PU1476	2	2	7	Cat. 2  and Cat. VR	
PU1477	2	2	7	Cat. 2  and Cat. VR	
PU1478	2	2	7	Cat. 2  and Cat. VR	
PU1479	2	2	7	Cat. 2  and Cat. VR	
PU1480	2	2	7	Cat. 2  and Cat. VR	
PU1481	2	2	7	Cat. 2  and Cat. VR	
PU1482	2	2	7	Cat. 2  and Cat. VR	
PU1483	2	2	7	Cat. 2  and Cat. VR	
PU1484	2	2	7	Cat. 2  and Cat. VR	
PU1485	2	2	7	Cat. 2  and Cat. VR	
PU1486	2	2	7	Cat. 2  and Cat. VR	
PU1487	2	2	7	Cat. 2  and Cat. VR	
PU1488	2	2	7	Cat. 2  and Cat. VR	
PU1489	2	2	7	Cat. 2  and Cat. VR	
PU1490	2	2	7	Cat. 2  and Cat. VR	
PU1491	2	2	7	Cat. 2  and Cat. VR	
PU1492	2	2	7	Cat. 2  and Cat. VR	
PU1493	2	2	7	Cat. 2  and Cat. VR	
PU1494	2	2	7	Cat. 2  and Cat. VR	
PU1495	SL	SL	3	Cat. SL	PENDING: DR-DM2 Cat SL precedence
PU1496	SL	SL	3	Cat. SL	PENDING: DR-DM2 Cat SL precedence
PU1497	2	2	7	Cat. 2  and Cat. VR	
PU1498	2	2	7	Cat. 2  and Cat. VR	
PU1499	2	2	7	Cat. 2  and Cat. VR	
PU1500	2	2	7	Cat. 2  and Cat. VR	
PU1501	2	2	7	Cat. 2  and Cat. VR	
PU1502	2	2	7	Cat. 2  and Cat. VR	
PU1503	2	2	7	Cat. 2  and Cat. VR	
PU1504	2	2	7	Cat. 2  and Cat. VR	
PU1505	2	2	7	Cat. 2  and Cat. VR	
PU1506	2	2	7	Cat. 2  and Cat. VR	
PU1507	2	2	7	Cat. 2  and Cat. VR	
PU1508	2	2	7	Cat. 2  and Cat. VR	
PU1509	2	2	7	Cat. 2  and Cat. VR	
PU1510	2	2	7	Cat. 2  and Cat. VR	
PU1511	2	2	7	Cat. 2  and Cat. VR	
PU1512	2	2	7	Cat. 2  and Cat. VR	
PU1513	2	2	7	Cat. 2  and Cat. VR	
PU1514	2	2	7	Cat. 2  and Cat. VR	
PU1515	2	2	7	Cat. 2  and Cat. VR	
PU1516	2	2	7	Cat. 2  and Cat. VR	
PU1517	2	2	7	Cat. 2  and Cat. VR	
PU1518	2	2	7	Cat. 2  and Cat. VR	
PU1519	2	2	7	Cat. 2  and Cat. VR	
PU1520	2	2	7	Cat. 2  and Cat. VR	
PU1521	2	2	7	Cat. 2  and Cat. VR	
PU1522	2	2	7	Cat. 2  and Cat. VR	
PU1523	2	2	7	Cat. 2  and Cat. VR	
PU1524	2	2	7	Cat. 2  and Cat. VR	
PU1525	2	2	7	Cat. 2  and Cat. VR	
PU1526	2	2	7	Cat. 2  and Cat. VR	
PU1527	2	2	7	Cat. 2  and Cat. VR	
PU1528	2	2	7	Cat. 2  and Cat. VR	
PU1529	2	2	7	Cat. 2  and Cat. VR	
PU1530	2	2	7	Cat. 2  and Cat. VR	
PU1548	2	2	7	Cat. 2  and Cat. VR	
PU1549	2	2	7	Cat. 2  and Cat. VR	
PU1550	2	2	7	Cat. 2  and Cat. VR	
PU1551	2	2	7	Cat. 2  and Cat. VR	
PU1552	2	2	7	Cat. 2  and Cat. VR	
PU1553	2	2	7	Cat. 2  and Cat. VR	
PU1554	2	2	7	Cat. 2  and Cat. VR	
PU1555	2	2	7	Cat. 2  and Cat. VR	
PU1556	2	2	7	Cat. 2  and Cat. VR	
PU1557	2	2	7	Cat. 2  and Cat. VR	
PU1558	2	2	7	Cat. 2  and Cat. VR	
PU1559	2	2	7	Cat. 2  and Cat. VR	
PU1560	2	2	7	Cat. 2  and Cat. VR	
PU1561	2	2	7	Cat. 2  and Cat. VR	
PU1562	2	2	7	Cat. 2  and Cat. VR	
PU1563	2	2	7	Cat. 2  and Cat. VR	
PU1564	2	2	7	Cat. 2  and Cat. VR	
PU1565	2	2	7	Cat. 2  and Cat. VR	
PU1566	2	2	7	Cat. 2  and Cat. VR	
PU1567	2	2	7	Cat. 2  and Cat. VR	
PU1568	2	2	7	Cat. 2  and Cat. VR	
PU1569	2	2	7	Cat. 2  and Cat. VR	
PU1570	2	2	7	Cat. 2  and Cat. VR	
PU1571	2	2	7	Cat. 2  and Cat. VR	
PU1572	2	2	7	Cat. 2  and Cat. VR	
PU1573	2	2	7	Cat. 2  and Cat. VR	
PUf1575	2	2	7	Cat. 2  and Cat. VR	
PU1576	2	2	7	Cat. 2  and Cat. VR	
PU1577	2	2	7	Cat. 2  and Cat. VR	
PU1578	2	2	7	Cat. 2  and Cat. VR	
PU1579	SL	SL	3	Cat. SL	PENDING: DR-DM2 Cat SL precedence
