lid_row	logical_identifier	function	atlantis_signal_name	lookup_key	proxi_row	proxi_values	related_leaf	anchor_kind	note	keyword_note
4	ACN_Hardwired		ACN_Hardwire	Atlantis Signal Name=ACN_Hardwire	728	0 = Absent 1 = Present		proxi_param	無 leaf 片語逐字命中；PROXI Format 定義於 r728（Parameter Group: Telematic_Configuration_1；查詢鍵 Atlantis Signal Name=ACN_Hardwire）	
5	ADASIS_Mini_Full		ADASIS_Mini_Full	Atlantis Signal Name=ADASIS_Mini_Full ¦ Logical Identifier=ADASIS_Mini_Full	884	0 = Absent 1 = ADASIS_Mini 2 = ADASIS_Full		proxi_param	無 leaf 片語逐字命中；PROXI Format 定義於 r884（Parameter Group: （空）；查詢鍵 Atlantis Signal Name=ADASIS_Mini_Full ¦ Logical Identifier=ADASIS_Mini_Full）	
6	ADCAM_Present	Feature present	CAN node 28 (ADCAM)	Atlantis Signal Name=CAN node 28 (ADCAM)	34	0 = Absent 1 = Present		proxi_param	無 leaf 片語逐字命中；PROXI Format 定義於 r34（Parameter Group: （空）；查詢鍵 Atlantis Signal Name=CAN node 28 (ADCAM)）	
7	Advanced_Effect_Modes_Present		Advanced_Effect_Modes_Present					none	無 leaf 片語逐字命中；PROXI Format `Parameter Name` 逐字查無；已試之鍵 ['Advanced_Effect_Modes_Present', 'Advanced_Effect_Modes_Present']	
8	AM_FM1_Antenna_Type	Antenna type (primary only)	AM_FM1_Antenna_Type	Atlantis Signal Name=AM_FM1_Antenna_Type ¦ Logical Identifier=AM_FM1_Antenna_Type	539	0 = Passive 1 = Active		proxi_param	無 leaf 片語逐字命中；PROXI Format 定義於 r539（Parameter Group: Antenna_Configuration；查詢鍵 Atlantis Signal Name=AM_FM1_Antenna_Type ¦ Logical Identifier=AM_FM1_Antenna_Type）	
9	AM_Presence	Feature present	AM_Presence	Atlantis Signal Name=AM_Presence ¦ Logical Identifier=AM_Presence	726	0 = Present 1 = Absent		proxi_param	無 leaf 片語逐字命中；PROXI Format 定義於 r726（Parameter Group: （空）；查詢鍵 Atlantis Signal Name=AM_Presence ¦ Logical Identifier=AM_Presence）	
10	Ambient_Lighting_Present		CAN node 90 (ALM)	Atlantis Signal Name=CAN node 90 (ALM)	96	0 = Absent 1 = Present		proxi_param	無 leaf 片語逐字命中；PROXI Format 定義於 r96（Parameter Group: （空）；查詢鍵 Atlantis Signal Name=CAN node 90 (ALM)）	
11	AMPPresent	Amplifier Module (1=present)	CAN node 46 (AMP)	Atlantis Signal Name=CAN node 46 (AMP)	52	0 = Absent 1 = Present		proxi_param	無 leaf 片語逐字命中；PROXI Format 定義於 r52（Parameter Group: （空）；查詢鍵 Atlantis Signal Name=CAN node 46 (AMP)）	
12	ANC_Cal_Param		ANC_Calibration_Parameter_Dataset	Atlantis Signal Name=ANC_Calibration_Parameter_Dataset	655			proxi_param	無 leaf 片語逐字命中；PROXI Format 定義於 r655（Parameter Group: Infotainment_Configuration_21；查詢鍵 Atlantis Signal Name=ANC_Calibration_Parameter_Dataset）	
13	ANT_TYP	Antenna type (primary & secondary)	Main_Ant_Supply_Cfg	Atlantis Signal Name=Main_Ant_Supply_Cfg	503	0 = Absent 1 = First Active 2 = Second Active 3 = Both Active		proxi_param	無 leaf 片語逐字命中；PROXI Format 定義於 r503（Parameter Group: （空）；查詢鍵 Atlantis Signal Name=Main_Ant_Supply_Cfg）	
14	APP_Audio_Config		APP_Audio_Config					none	無 leaf 片語逐字命中；PROXI Format `Parameter Name` 逐字查無；已試之鍵 ['APP_Audio_Config', 'APP_Audio_Config']	
15	Assist_Call_Button_Config		Assist_Call_Button_Config	Atlantis Signal Name=Assist_Call_Button_Config ¦ Logical Identifier=Assist_Call_Button_Config	729	0 = Absent 1 = Hard-wired – TBM direct handling 2 = Hard-wired – HU selection 3 = Remote – TBM direct handing 4 = Remote – HU selection		proxi_param	無 leaf 片語逐字命中；PROXI Format 定義於 r729（Parameter Group: （空）；查詢鍵 Atlantis Signal Name=Assist_Call_Button_Config ¦ Logical Identifier=Assist_Call_Button_Config）	
16	Audio Steering Wheel Controls on the IPC		Audio_Steering_Wheel_Controls_on_IPC	Atlantis Signal Name=Audio_Steering_Wheel_Controls_on_IPC	700	0 = Absent 1 = Present		proxi_param	無 leaf 片語逐字命中；PROXI Format 定義於 r700（Parameter Group: （空）；查詢鍵 Atlantis Signal Name=Audio_Steering_Wheel_Controls_on_IPC）	
17	AUDIO_ENGINESOUNDSYNTHESIS_SETTING	Proxi to determine if the EV Sound Generator settings will be available to the customer.	Sound_Generator_setting	Atlantis Signal Name=Sound_Generator_setting	873	0 = Absent 1 = Present		proxi_param	無 leaf 片語逐字命中；PROXI Format 定義於 r873（Parameter Group: （空）；查詢鍵 Atlantis Signal Name=Sound_Generator_setting）	
18	AUDIO_EQUALIZER_SETTING		AUDIO_EQUALIZER_SETTING					none	無 leaf 片語逐字命中；PROXI Format `Parameter Name` 逐字查無；已試之鍵 ['AUDIO_EQUALIZER_SETTING', 'AUDIO_EQUALIZER_SETTING']	
19	AUDIO_MEDIA_EXPANDER_SETTING		AUDIO_MEDIA_EXPANDER_SETTING					none	無 leaf 片語逐字命中；PROXI Format `Parameter Name` 逐字查無；已試之鍵 ['AUDIO_MEDIA_EXPANDER_SETTING', 'AUDIO_MEDIA_EXPANDER_SETTING']	
20	AUDIO_SURROUND_SETTING		AUDIO_SURROUND_SETTING					none	無 leaf 片語逐字命中；PROXI Format `Parameter Name` 逐字查無；已試之鍵 ['AUDIO_SURROUND_SETTING', 'AUDIO_SURROUND_SETTING']	
21	AUDIO_TUNINGMODE_SETTING		AUDIO_TUNINGMODE_SETTING					none	無 leaf 片語逐字命中；PROXI Format `Parameter Name` 逐字查無；已試之鍵 ['AUDIO_TUNINGMODE_SETTING', 'AUDIO_TUNINGMODE_SETTING']	
22	AUDIO_VIRTUALCONCERTHALLS_SETTING		AUDIO_VIRTUALCONCERTHALLS_SETTING					none	無 leaf 片語逐字命中；PROXI Format `Parameter Name` 逐字查無；已試之鍵 ['AUDIO_VIRTUALCONCERTHALLS_SETTING', 'AUDIO_VIRTUALCONCERTHALLS_SETTING']	
23	AudioCarLayout	Audio System Layout Type	Audio_Car_Lay_Out	Atlantis Signal Name=Audio_Car_Lay_Out	529	0 = Invalid 1 = Not Used 2 = Not Used 3 = Not Used 4 = Not Used 5 = Front Full Range 6 = Front Tweeter and Midwoofer 7 = Front Full Range, Rear Full Range 8 = Front Tweeter and Midwoofer/Full Range, Rear Full Range 9 = Front Tweeter and Midwoofer/Full Range, Rear Tweeter and Midwoofer/Full Range 10 = Front Tweeter and Midwoofer, Rear Tweeter and Midwoofer, SubWoofer 11 = Front Tweeter and Midwoofer, Rear Tweeter and Midwoofer, Centerfill, SubWoofer 12 = Front Tweeter MidRange and Midwoofer, Rear Tweeter and Midwoofer, Centerfill, SubWoofer 13 = Front Tweeter MidRange and Midwoofer, Rear Tweeter MidRange and Midwoofer, Centerfill, SubWoofer 14 = Front Tweeter and Midwoofer, Rear Full Range, SubWoofer 15 = Front Tweeter and Midwoofer, Rear Full Range, Centerfill, SubWoofer		proxi_param	無 leaf 片語逐字命中；PROXI Format 定義於 r529（Parameter Group: （空）；查詢鍵 Atlantis Signal Name=Audio_Car_Lay_Out）	
24	AudioSystemType	Audio System Type Configuration	Audio_System_Type	Atlantis Signal Name=Audio_System_Type	495	0 = Base 1 = Fiat Booster 2 = Premium CAN 3 = Beats		proxi_param	無 leaf 片語逐字命中；PROXI Format 定義於 r495（Parameter Group: （空）；查詢鍵 Atlantis Signal Name=Audio_System_Type）	
25	AUTO_STOP_START	Stop/Start radio button presence	Stop_Start_Menu	Atlantis Signal Name=Stop_Start_Menu	339	0 = Absent 1 = Present		proxi_param	無 leaf 片語逐字命中；PROXI Format 定義於 r339（Parameter Group: （空）；查詢鍵 Atlantis Signal Name=Stop_Start_Menu）	
26	Automatic_Recirculation		Automatic_Recirculation	Atlantis Signal Name=Automatic_Recirculation ¦ Logical Identifier=Automatic_Recirculation	345	0 = Absent 1 = Present		proxi_param	無 leaf 片語逐字命中；PROXI Format 定義於 r345（Parameter Group: （空）；查詢鍵 Atlantis Signal Name=Automatic_Recirculation ¦ Logical Identifier=Automatic_Recirculation）	
27	Autonomy_Level		Autonomy_Level	Atlantis Signal Name=Autonomy_Level ¦ Logical Identifier=Autonomy_Level	763	0 = None/Level 1 1 = Level 2 2 = Level 2 Plus		proxi_param	無 leaf 片語逐字命中；PROXI Format 定義於 r763（Parameter Group: （空）；查詢鍵 Atlantis Signal Name=Autonomy_Level ¦ Logical Identifier=Autonomy_Level）	
28	AUX_Presence		AUX_Presence	Atlantis Signal Name=AUX_Presence ¦ Logical Identifier=AUX_Presence	636	0 = Absent 1 = Present		proxi_param	無 leaf 片語逐字命中；PROXI Format 定義於 r636（Parameter Group: Infotainment_Configuration_20；查詢鍵 Atlantis Signal Name=AUX_Presence ¦ Logical Identifier=AUX_Presence）	
29	Battery_Type_II	Battery Type II	Battery_Type_II	Atlantis Signal Name=Battery_Type_II ¦ Logical Identifier=Battery_Type_II	635	0 = None 1 = Battery 1 2 = Battery 2		proxi_param	無 leaf 片語逐字命中；PROXI Format 定義於 r635（Parameter Group: Car_Configuration_28；查詢鍵 Atlantis Signal Name=Battery_Type_II ¦ Logical Identifier=Battery_Type_II）	
30	BDL_PRSNT	Bed Lowering Present						none	無 leaf 片語逐字命中；PROXI Format `Parameter Name` 逐字查無；已試之鍵 ['EC_AudTel3B <BDL_PRSNT>', 'BDL_PRSNT']	
31	BSSPresent	Blind-Spot Module (1=present)	<CAN node 51 (LBSS)> <CAN node 52 (RBSS)> Blind_Spot_Monitoring (only used for 332BEV project)					none	無 leaf 片語逐字命中；PROXI Format `Parameter Name` 逐字查無；已試之鍵 ['<CAN node 51 (LBSS)>', '<CAN node 52 (RBSS)>', 'Blind_Spot_Monitoring (only used for 332BEV project)', 'Proxi_CAN_ nod_ent)', 'BSSPresent']	
32	CabinEQ	Cabin EQ	<Acustic_Configuration>					none	無 leaf 片語逐字命中；PROXI Format `Parameter Name` 逐字查無；已試之鍵 ['<Acustic_Configuration>', 'Proxi_<Acustic_Configuration>', 'CabinEQ']	
33	Car_Shape_Configuration	PROXI parameter that defines Car Body Shapes	Car_Configuration_10.Car_Shape_Configuration	Logical Identifier=Car_Shape_Configuration	305	0 = Invalid 1 = Sedan 2 = Station Wagon 3 = Cargo 4 = Combi 5 = Panorama 6 = Cabrio 7 = Hatch 8 = SUV 9 = CUV 10 = Truck		proxi_param	無 leaf 片語逐字命中；PROXI Format 定義於 r305（Parameter Group: Car_Configuration_10；查詢鍵 Logical Identifier=Car_Shape_Configuration）	
34	CARB_Regulation_Type	Configuration Parameter for CARB	PROXI: CARB_Regulation_Type	Logical Identifier=CARB_Regulation_Type	1052	0 = Not requested 1 = CARB_Regulation_Type_1		proxi_param	無 leaf 片語逐字命中；PROXI Format 定義於 r1052（Parameter Group: （空）；查詢鍵 Logical Identifier=CARB_Regulation_Type）	
35	CCDMF_Present	CCDMF Presence	CAN node 94 (CCDMF)	Atlantis Signal Name=CAN node 94 (CCDMF)	100	0 = Absent 1 = Present		proxi_param	無 leaf 片語逐字命中；PROXI Format 定義於 r100（Parameter Group: （空）；查詢鍵 Atlantis Signal Name=CAN node 94 (CCDMF)）	
36	Cell_Presence		Cell_Presence	Atlantis Signal Name=Cell_Presence ¦ Logical Identifier=Cell_Presence	544	0 = Absent 1 = Present		proxi_param	無 leaf 片語逐字命中；PROXI Format 定義於 r544（Parameter Group: （空）；查詢鍵 Atlantis Signal Name=Cell_Presence ¦ Logical Identifier=Cell_Presence）	
37	Clima_Zone		Clima_Zone	Atlantis Signal Name=Clima_Zone ¦ Logical Identifier=Clima_Zone	515	0 = Mono Zone 1 = 2 Zone 2 = 3 Zone 3 = 4 Zone		proxi_param	無 leaf 片語逐字命中；PROXI Format 定義於 r515（Parameter Group: （空）；查詢鍵 Atlantis Signal Name=Clima_Zone ¦ Logical Identifier=Clima_Zone）	
38	Climate_Type	HVAC Configuration	Climate_Type	Atlantis Signal Name=Climate_Type ¦ Logical Identifier=Climate_Type	343	0 = Absent 1 = Manual 2 = Automatic		proxi_param	無 leaf 片語逐字命中；PROXI Format 定義於 r343（Parameter Group: Climate_configuration_1；查詢鍵 Atlantis Signal Name=Climate_Type ¦ Logical Identifier=Climate_Type）	
39	Cluster_Display_Type	Cluster Display Type	Cluster_Display_Type	Atlantis Signal Name=Cluster_Display_Type ¦ Logical Identifier=Cluster_Display_Type	489	0 = Absent 1 = Base Display (3.5 inch) 2 = Medium Display (7 inch) 3 = High Display (12 inch) 4 = TFT B/W Display 5 = TFT Color display		proxi_param	無 leaf 片語逐字命中；PROXI Format 定義於 r489（Parameter Group: （空）；查詢鍵 Atlantis Signal Name=Cluster_Display_Type ¦ Logical Identifier=Cluster_Display_Type）	僅揭露，非錨：Disp
40	Configuration_Families	Configuration Families	Configuration_Families	Atlantis Signal Name=Configuration_Families ¦ Logical Identifier=Configuration_Families	419	0 = Invalid 1 = Type 1 2 = Type 2		proxi_param	無 leaf 片語逐字命中；PROXI Format 定義於 r419（Parameter Group: Chassis_Configuration_4；查詢鍵 Atlantis Signal Name=Configuration_Families ¦ Logical Identifier=Configuration_Families）	
41	Connected_Services_Presence		Connected_Services_Presence	Atlantis Signal Name=Connected_Services_Presence ¦ Logical Identifier=Connected_Services_Presence	609	0 = Absent 1 = Present		proxi_param	無 leaf 片語逐字命中；PROXI Format 定義於 r609（Parameter Group: （空）；查詢鍵 Atlantis Signal Name=Connected_Services_Presence ¦ Logical Identifier=Connected_Services_Presence）	
42	Cooled_Seats	Cooled Seat Presence	Cooled_Seats	Atlantis Signal Name=Cooled_Seats ¦ Logical Identifier=Cooled_Seats	330	0 = Absent 1 = Front Seats 2 = Front And Rear Seats 3 = Not Used		proxi_param	無 leaf 片語逐字命中；PROXI Format 定義於 r330（Parameter Group: （空）；查詢鍵 Atlantis Signal Name=Cooled_Seats ¦ Logical Identifier=Cooled_Seats）	
43	Country_Code	Country Code	Car_Configuration_16.Country_Code	Logical Identifier=Country_Code	468	0 = World 2 = United States of America 4 = Canada 14 = Mexico 16 = China Mainland 18 = Bahrain 97 = Iraq 104 = Jordan 108 = Kuwait 112 = Lebanon 149 = Oman 160 = Qatar 165 = Saudi Arabia 204 = United Arab Emirates 215 = Yemen		proxi_param	無 leaf 片語逐字命中；PROXI Format 定義於 r468（Parameter Group: Car_Configuration_16；查詢鍵 Logical Identifier=Country_Code）	
44	CPD	ANC Calibration Parameter Dataset	<ANC Calibration Parameter Dataset>					none	無 leaf 片語逐字命中；PROXI Format `Parameter Name` 逐字查無；已試之鍵 ['<ANC Calibration Parameter Dataset>', 'Proxi_CAN_ Cal_aset', 'CPD']	
45	Creep_Present	PROXI Parameter defining presence of xEV Creep setting	Creeping_Feature	Atlantis Signal Name=Creeping_Feature	816	0 = Absent 1 = Present		proxi_param	無 leaf 片語逐字命中；PROXI Format 定義於 r816（Parameter Group: Powertrain_Configuration_6；查詢鍵 Atlantis Signal Name=Creeping_Feature）	
46	DAB_Presence	DAB/DMB present	DAB_Presence	Atlantis Signal Name=DAB_Presence ¦ Logical Identifier=DAB_Presence	541	0 = Absent 1 = Present		proxi_param	無 leaf 片語逐字命中；PROXI Format 定義於 r541（Parameter Group: （空）；查詢鍵 Atlantis Signal Name=DAB_Presence ¦ Logical Identifier=DAB_Presence）	
47	DCM_DPresent	Door Control Module Driver (1=present)	PROXI					none	無 leaf 片語逐字命中；PROXI Format `Parameter Name` 逐字查無；已試之鍵 ['PROXI', 'NetCfg_DCM_DR', 'DCM_DPresent']	
48	DCM_PPresent	DCM Pass Present	CAN node 17 (PDM)	Atlantis Signal Name=CAN node 17 (PDM)	23	0 = Absent 1 = Present		proxi_param	無 leaf 片語逐字命中；PROXI Format 定義於 r23（Parameter Group: （空）；查詢鍵 Atlantis Signal Name=CAN node 17 (PDM)）	
49	DCM_RLPresent	DCM RL Present						none	無 leaf 片語逐字命中；PROXI Format `Parameter Name` 逐字查無；已試之鍵 ['NetCfg_DCM_RL', 'DCM_RLPresent']	
50	DCM_RRPresent	DCM RR Present						none	無 leaf 片語逐字命中；PROXI Format `Parameter Name` 逐字查無；已試之鍵 ['NetCfg_DCM_RR', 'DCM_RRPresent']	
51	DCSD_cfg	DCSD Present	CAN node 31 (DCSD)	Atlantis Signal Name=CAN node 31 (DCSD)	37	0 = Absent 1 = Present		proxi_param	無 leaf 片語逐字命中；PROXI Format 定義於 r37（Parameter Group: （空）；查詢鍵 Atlantis Signal Name=CAN node 31 (DCSD)）	僅揭露，非錨：DCSD
52	DEFROST_Cfg		DEFROST_Cfg					none	無 leaf 片語逐字命中；PROXI Format `Parameter Name` 逐字查無；已試之鍵 ['DEFROST_Cfg', 'DEFROST_Cfg']	
53	DEFROST_MODE_PRSNT_cfg	Rear Heated Window and/or Heated Mirror present						none	無 leaf 片語逐字命中；PROXI Format `Parameter Name` 逐字查無；已試之鍵 ['EC_AudTel3B-<DEFROST_MODE_PRSNT>', 'DEFROST_MODE_PRSNT_cfg']	
54	Digital_Key_Present	Feature present	Digital_Key_Present					none	無 leaf 片語逐字命中；PROXI Format `Parameter Name` 逐字查無；已試之鍵 ['Digital_Key_Present', 'Digital_Key_Present']	
55	Displacement		Engine_Type	Atlantis Signal Name=Engine_Type	303	0 = Invalid 1 = Type1 (ESL - 6.4L V8 HEMI Upgrade HD ENGINE)) 2 = Type2 (ETM - 6.7L I6 CUMMINS HO TURBO DIESEL ENGINE) 3 = Type3 (ESD - 6.2L SUPERCHARGED HEMI V8 SRT ENGINE) 4 = Type4 (ETN - 6.7L I6 CUMMINS TURBO DIESEL ENGINE) 5 = Type5 (EFH - 3.0L I6 TWIN TURBO ENGINE W/ESS) 6 = Type6 (EZH - 5.7L V8 HEMI MDS ENGINE) 7 = Type 7 (EL3 - 800V HT700 FR/RR w/3.0L Poseidon Aux)) 8 = Type8 (ERG - 3.6L V6 24V VVT ETorque) 9 = Type9 (ESG - 6.4L V8 SRT Hemi MDS) 10 = Type10 (EZL - 5.7L V8 Hemi MDS VVT BSG) 11 = Type11 (EFC - 3.0L I6 HURRICANE HO Twin Turbo W/ESS) 12 = Type12 (EL5 - 800V HT350 RR w/3.0L Poseidon Aux)) 13 = Type13 (EL2 – 400V G2500 FR/RR W/3.6L AUX PWR) 14 = Type 14 (ELD - 400V G2500 FR/RR ELEC DRIVE) 15 = Type 15 (EFE - 3.0L I6 Hurricane SO / T/Turbo w/o ESS)		proxi_param	無 leaf 片語逐字命中；PROXI Format 定義於 r303（Parameter Group: （空）；查詢鍵 Atlantis Signal Name=Engine_Type）	僅揭露，非錨：Disp
56	Driver_Power_Seat_Variants	Power Seat Variant	Driver_Power_Seat_Variants	Atlantis Signal Name=Driver_Power_Seat_Variants ¦ Logical Identifier=Driver_Power_Seat_Variants	792	0 = Absent 1 = cushion, height, and backrest adjustment 2 = cushion, height, and tilt adjustment 3 = cushion, height, tilt, and backrest adjustment 4 = cushion, height, tilt, backrest, cushion ext., and back bolsters adjustment 5 = cushion, height, tilt, backrest, cushion ext., cushion bolsters, and horizontal and vertical headrest adjustment 6 = cushion, height, tilt, backrest, cushion ext., cushion and back bolsters, horizontal and vertical headrest adjustment		proxi_param	無 leaf 片語逐字命中；PROXI Format 定義於 r792（Parameter Group: Car_Configuration_42；查詢鍵 Atlantis Signal Name=Driver_Power_Seat_Variants ¦ Logical Identifier=Driver_Power_Seat_Variants）	
57	DriverSide	Left/right hand drive configuration	Car_Configuration_1.Driver_Side					none	無 leaf 片語逐字命中；PROXI Format `Parameter Name` 逐字查無；已試之鍵 ['Car_Configuration_1.Driver_Side', 'D_fxe_LhandrigLeft', 'DriverSide']	
58	DriveStyleSelector_presence		Drive_Style_Selector	Atlantis Signal Name=Drive_Style_Selector	414	0 = Absent 1 = Drive Selector 2 = Terrain Selector		proxi_param	無 leaf 片語逐字命中；PROXI Format 定義於 r414（Parameter Group: （空）；查詢鍵 Atlantis Signal Name=Drive_Style_Selector）	
59	DrowsyDriverAlert_presence		Driver_Drowsy_Alert	Atlantis Signal Name=Driver_Drowsy_Alert	707	0 = Absent 1 = Present on VP 2 = Present on IPC 3 = Present on IPC and VP		proxi_param	無 leaf 片語逐字命中；PROXI Format 定義於 r707（Parameter Group: Adas_Configuration_3；查詢鍵 Atlantis Signal Name=Driver_Drowsy_Alert）	
60	DSBL_CD_EJCT	disable disc eject	n/a					none	無 leaf 片語逐字命中；PROXI Format `Parameter Name` 逐字查無；已試之鍵 ['n/a', 'EC_AudTel2-<DSBL_CD_EJCT >', 'DSBL_CD_EJCT']	
61	Dsbl_Nav_Lkout	Disable Navigation lockout	n/a					none	無 leaf 片語逐字命中；PROXI Format `Parameter Name` 逐字查無；已試之鍵 ['n/a', 'kosxo_Digatle Disa', 'Dsbl_Nav_Lkout']	
62	DSM_Presence		CAN node 18					none	無 leaf 片語逐字命中；PROXI Format `Parameter Name` 逐字查無；已試之鍵 ['CAN node 18', 'DSM_Presence']	
63	DSP_SK_PRSNT		Display_OFF_SoftKey_Prsnt					none	無 leaf 片語逐字命中；PROXI Format `Parameter Name` 逐字查無；已試之鍵 ['Display_OFF_SoftKey_Prsnt', 'EC_AudTel2-<DSP_SK_PRSNT>', 'DSP_SK_PRSNT']	
64	DSP_SK_PRSNT	Display off soft key present	Display_OFF_SoftKey	Atlantis Signal Name=Display_OFF_SoftKey	692	0 = Absent 1 = Present		proxi_param	無 leaf 片語逐字命中；PROXI Format 定義於 r692（Parameter Group: （空）；查詢鍵 Atlantis Signal Name=Display_OFF_SoftKey）	僅揭露，非錨：Disp
65	DTV_FrntCam_PRSNT	DTV Front Camera Present	DTV_Front_Cam_Presence	Atlantis Signal Name=DTV_Front_Cam_Presence	464	0 = Absent 1 = Present		proxi_param	無 leaf 片語逐字命中；PROXI Format 定義於 r464（Parameter Group: （空）；查詢鍵 Atlantis Signal Name=DTV_Front_Cam_Presence）	僅揭露，非錨：Camera
66	DTV_PRSNT_NC	Non-CAN DTV module present	Digital_Television_Feature	Atlantis Signal Name=Digital_Television_Feature	312	0 = Disabled 1 = Enabled		proxi_param	無 leaf 片語逐字命中；PROXI Format 定義於 r312（Parameter Group: （空）；查詢鍵 Atlantis Signal Name=Digital_Television_Feature）	
67	DTV_SideCam_PRSNT	DTV Side Camera Present	DTV_Side_Cam_Presence	Atlantis Signal Name=DTV_Side_Cam_Presence	465	0 = Absent 1 = Present		proxi_param	無 leaf 片語逐字命中；PROXI Format 定義於 r465（Parameter Group: （空）；查詢鍵 Atlantis Signal Name=DTV_Side_Cam_Presence）	僅揭露，非錨：Camera
68	E_Coasting_Adjustable_Levels	PROXI Parameter defining number of e-Coasting Levels (if set to none, feature is not present) 2-5 Levels possible	E_Coasting_Adjustable_Levels					none	無 leaf 片語逐字命中；PROXI Format `Parameter Name` 逐字查無；已試之鍵 ['E_Coasting_Adjustable_Levels', 'E_Coasting_Adjustable_Levels']	
69	EC_AudTel1A	Audio and telematics ecu configuration 1A	N/A					none	無 leaf 片語逐字命中；PROXI Format `Parameter Name` 逐字查無；已試之鍵 ['N/A', 'EC_AudTel1A', 'EC_AudTel1A']	
70	EC_AudTel1B	Audio and telematics ecu configuration 1B	Not Applicable					none	無 leaf 片語逐字命中；PROXI Format `Parameter Name` 逐字查無；已試之鍵 ['Not Applicable', 'Tedx _Aelem anAudi', 'EC_AudTel1B']	
71	EC_AudTel2	Audio and telematics ecu configuration 2	Not Applicable					none	無 leaf 片語逐字命中；PROXI Format `Parameter Name` 逐字查無；已試之鍵 ['Not Applicable', 'dTdx_Aelem anAudi', 'EC_AudTel2']	
72	EC_Cluster1A	Cluster configuration	Not Applicable					none	無 leaf 片語逐字命中；PROXI Format `Parameter Name` 逐字查無；已試之鍵 ['Not Applicable', 'EC_Cluster1A', 'EC_Cluster1A']	
73	EC_ECUCfg16_Stat	ECU16 config status	Not Applicable					none	無 leaf 片語逐字命中；PROXI Format `Parameter Name` 逐字查無；已試之鍵 ['Not Applicable', 'EC_ECUCfg16_Stat', 'EC_ECUCfg16_Stat']	
74	EC_ECUCfg3_Stat	ECU Configuration messages status 3	Not Applicable					none	無 leaf 片語逐字命中；PROXI Format `Parameter Name` 逐字查無；已試之鍵 ['Not Applicable', 'EC_ECUCfg3_Stat', 'EC_ECUCfg3_Stat']	
75	EC_Mirror_HK_Prsnt	EC Mirror Hard Key present	EC_Mirror_Hard_Button_Present	Atlantis Signal Name=EC_Mirror_Hard_Button_Present	630	0 = Absent 1 = Present		proxi_param	無 leaf 片語逐字命中；PROXI Format 定義於 r630（Parameter Group: Car_Configuration_29；查詢鍵 Atlantis Signal Name=EC_Mirror_Hard_Button_Present）	
76	Ecall_Button_Config		Ecall_Button_Config	Atlantis Signal Name=Ecall_Button_Config ¦ Logical Identifier=Ecall_Button_Config	730	0 = Absent 1 = Hardwired 2 = Virtual (CAN/LIN) 3 = Hardwire - only TBM call		proxi_param	無 leaf 片語逐字命中；PROXI Format 定義於 r730（Parameter Group: （空）；查詢鍵 Atlantis Signal Name=Ecall_Button_Config ¦ Logical Identifier=Ecall_Button_Config）	
77	Ecall_Button_Variant	SOS/Help Text swap	Ecall_Button_Variant	Atlantis Signal Name=Ecall_Button_Variant ¦ Logical Identifier=Ecall_Button_Variant	871	0 = SOS Button 1 = HELP Button		proxi_param	無 leaf 片語逐字命中；PROXI Format 定義於 r871（Parameter Group: telematic_Configuration_4；查詢鍵 Atlantis Signal Name=Ecall_Button_Variant ¦ Logical Identifier=Ecall_Button_Variant）	
78	Emission_Regulation_Type	Configuration Parameter for Euro7	PROXI: Emission_Regulation_Type	Logical Identifier=Emission_Regulation_Type	1044	0 = Not requested 1 = Emission Regulation Type_1		proxi_param	無 leaf 片語逐字命中；PROXI Format 定義於 r1044（Parameter Group: （空）；查詢鍵 Logical Identifier=Emission_Regulation_Type）	
79	Engine_Torque_MAX	See proxi file	Engine_Torque_Parameter_MAX	Atlantis Signal Name=Engine_Torque_Parameter_MAX	606			proxi_param	無 leaf 片語逐字命中；PROXI Format 定義於 r606（Parameter Group: Infotainment_Configuration_18；查詢鍵 Atlantis Signal Name=Engine_Torque_Parameter_MAX）	
80	EngineAspiration		Engine_Type	Atlantis Signal Name=Engine_Type	303	0 = Invalid 1 = Type1 (ESL - 6.4L V8 HEMI Upgrade HD ENGINE)) 2 = Type2 (ETM - 6.7L I6 CUMMINS HO TURBO DIESEL ENGINE) 3 = Type3 (ESD - 6.2L SUPERCHARGED HEMI V8 SRT ENGINE) 4 = Type4 (ETN - 6.7L I6 CUMMINS TURBO DIESEL ENGINE) 5 = Type5 (EFH - 3.0L I6 TWIN TURBO ENGINE W/ESS) 6 = Type6 (EZH - 5.7L V8 HEMI MDS ENGINE) 7 = Type 7 (EL3 - 800V HT700 FR/RR w/3.0L Poseidon Aux)) 8 = Type8 (ERG - 3.6L V6 24V VVT ETorque) 9 = Type9 (ESG - 6.4L V8 SRT Hemi MDS) 10 = Type10 (EZL - 5.7L V8 Hemi MDS VVT BSG) 11 = Type11 (EFC - 3.0L I6 HURRICANE HO Twin Turbo W/ESS) 12 = Type12 (EL5 - 800V HT350 RR w/3.0L Poseidon Aux)) 13 = Type13 (EL2 – 400V G2500 FR/RR W/3.6L AUX PWR) 14 = Type 14 (ELD - 400V G2500 FR/RR ELEC DRIVE) 15 = Type 15 (EFE - 3.0L I6 Hurricane SO / T/Turbo w/o ESS)		proxi_param	無 leaf 片語逐字命中；PROXI Format 定義於 r303（Parameter Group: （空）；查詢鍵 Atlantis Signal Name=Engine_Type）	
81	ETCM_Present		CAN node 95 (ITBM/ITCM)	Atlantis Signal Name=CAN node 95 (ITBM/ITCM)	101	0 = Absent 1 = Present		proxi_param	無 leaf 片語逐字命中；PROXI Format 定義於 r101（Parameter Group: （空）；查詢鍵 Atlantis Signal Name=CAN node 95 (ITBM/ITCM)）	
82	External_LTE_Diversity_Antenna		External_LTE_Diversity_Antenna	Atlantis Signal Name=External_LTE_Diversity_Antenna ¦ Logical Identifier=External_LTE_Diversity_Antenna	731	0 = Absent 1 = Present		proxi_param	無 leaf 片語逐字命中；PROXI Format 定義於 r731（Parameter Group: （空）；查詢鍵 Atlantis Signal Name=External_LTE_Diversity_Antenna ¦ Logical Identifier=External_LTE_Diversity_Antenna）	
83	External_Port_Type	External Port Type	External_Port_Type	Atlantis Signal Name=External_Port_Type ¦ Logical Identifier=External_Port_Type	505	0 = Absent 1 = AUX only 2 = AUX + USB 3 = AUX + USB + SD 4 = AUX + USB + extra USB 5 = AUX + USB + SD + extra USB 6 = AUX + USB + extra USB + extra USB 7 = USB Only		proxi_param	無 leaf 片語逐字命中；PROXI Format 定義於 r505（Parameter Group: Infotainment_Configuration_5；查詢鍵 Atlantis Signal Name=External_Port_Type ¦ Logical Identifier=External_Port_Type）	
84	External_Speaker_Presence		External_Speaker_Presence	Atlantis Signal Name=External_Speaker_Presence ¦ Logical Identifier=External_Speaker_Presence	732	0 = Absent 1 = Present		proxi_param	無 leaf 片語逐字命中；PROXI Format 定義於 r732（Parameter Group: （空）；查詢鍵 Atlantis Signal Name=External_Speaker_Presence ¦ Logical Identifier=External_Speaker_Presence）	
85	FM2_Presence	Antenna type (secondary only)	FM2_Presence	Atlantis Signal Name=FM2_Presence ¦ Logical Identifier=FM2_Presence	540	0 = Absent 1 = Present		proxi_param	無 leaf 片語逐字命中；PROXI Format 定義於 r540（Parameter Group: （空）；查詢鍵 Atlantis Signal Name=FM2_Presence ¦ Logical Identifier=FM2_Presence）	
86	FPDM_Present	FPDM Present	CAN node 91 (FPDM)	Atlantis Signal Name=CAN node 91 (FPDM)	97	0 = Absent 1 = Present		proxi_param	無 leaf 片語逐字命中；PROXI Format 定義於 r97（Parameter Group: （空）；查詢鍵 Atlantis Signal Name=CAN node 91 (FPDM)）	
87	Fuel_Cell_Presence	Feature present	Fuel_Cell_Presence	Atlantis Signal Name=Fuel_Cell_Presence ¦ Logical Identifier=Fuel_Cell_Presence	879	0 = Fuel_Cell_Absent 1 = Fuel_Cell_Present		proxi_param	無 leaf 片語逐字命中；PROXI Format 定義於 r879（Parameter Group: （空）；查詢鍵 Atlantis Signal Name=Fuel_Cell_Presence ¦ Logical Identifier=Fuel_Cell_Presence）	
88	FuelCapacity	Fuel capacity	PROXI					none	無 leaf 片語逐字命中；PROXI Format `Parameter Name` 逐字查無；已試之鍵 ['PROXI', 'VC_FUEL_CAP', 'FuelCapacity']	
89	FuelType	Fuel type	Fuel_Type	Atlantis Signal Name=Fuel_Type	284	0 = Invalid 1 = Gasoline 2 = Diesel 3 = CNG 4 = GPL 5 = Electric 6 = Hybrid 7 = Flex		proxi_param	無 leaf 片語逐字命中；PROXI Format 定義於 r284（Parameter Group: Car_Configuration_4；查詢鍵 Atlantis Signal Name=Fuel_Type）	
90	Full_Automatic_Parking_System	ParkAssist - Full Automatic Parking System	Semi_Automatic_Parking_System	Atlantis Signal Name=Semi_Automatic_Parking_System ¦ Logical Identifier=Full_Automatic_Parking_System	462,764	0 = Absent 1 = Present ¦ 0 = Absent 1 = Present		proxi_param	無 leaf 片語逐字命中；PROXI Format 定義於 r462,764（Parameter Group: （空）；查詢鍵 Atlantis Signal Name=Semi_Automatic_Parking_System ¦ Logical Identifier=Full_Automatic_Parking_System）	
91	Geolocalization_Menu_Presence		Geolocation_Menu	Atlantis Signal Name=Geolocation_Menu	734	0 = Absent 1 = Present		proxi_param	無 leaf 片語逐字命中；PROXI Format 定義於 r734（Parameter Group: （空）；查詢鍵 Atlantis Signal Name=Geolocation_Menu）	
92	GLOVEBOX_SK_PRSNT		Glove_Box_Lock	Atlantis Signal Name=Glove_Box_Lock	716	0 = Absent 1 = Present		proxi_param	無 leaf 片語逐字命中；PROXI Format 定義於 r716（Parameter Group: （空）；查詢鍵 Atlantis Signal Name=Glove_Box_Lock）	
93	GPS_Presence	GPS Antenna Present	GPS_Presence	Atlantis Signal Name=GPS_Presence ¦ Logical Identifier=GPS_Presence	543	0 = Absent 1 = Present		proxi_param	無 leaf 片語逐字命中；PROXI Format 定義於 r543（Parameter Group: （空）；查詢鍵 Atlantis Signal Name=GPS_Presence ¦ Logical Identifier=GPS_Presence）	
94	HALFPresent	HALF Module Present	EOL node 30 (HALF)	Atlantis Signal Name=EOL node 30 (HALF)	164	0 = Hasn't EOL 1 = Has EOL		proxi_param	無 leaf 片語逐字命中；PROXI Format 定義於 r164（Parameter Group: （空）；查詢鍵 Atlantis Signal Name=EOL node 30 (HALF)）	
95	Head_Unit_Screen_Size		Radio_Display_Type	Atlantis Signal Name=Radio_Display_Type	800	0 = Absent 1 = 7" 1280x768 2 = 8.4" 1024x768 3 = 10.1" 1920x1200 4 = 10.1" 1200x1920 5 = 10.25" 1920x720 6 = 12" 1920x1200 7 = 12" 1200x1920 8 = 12.3" 1920x720 9 = 14.5" 1024x1920		cfts_usage	無 leaf 片語逐字命中；Primary CFTS Usage 逐字含 CFTS020（CFTS020）；PROXI Format 定義於 r800（Parameter Group: Infotainment_Configuration_28；查詢鍵 Atlantis Signal Name=Radio_Display_Type）	僅揭露，非錨：Screen
96	Heated_Mirror_cfg	Heated_Mirror present	Car_Configuration_2.Heated_Mirror					none	無 leaf 片語逐字命中；PROXI Format `Parameter Name` 逐字查無；已試之鍵 ['Car_Configuration_2.Heated_Mirror', 'Proxi_Heated_Mirror', 'Heated_Mirror_cfg']	
97	Heated_Seat_Levels	Heated Seat Levels	Heated_Seat_Levels	Atlantis Signal Name=Heated_Seat_Levels ¦ Logical Identifier=Heated_Seat_Levels	760	0 = 1 Level 1 = 2 Levels 2 = 3 Levels		proxi_param	無 leaf 片語逐字命中；PROXI Format 定義於 r760（Parameter Group: （空）；查詢鍵 Atlantis Signal Name=Heated_Seat_Levels ¦ Logical Identifier=Heated_Seat_Levels）	
98	Heated_Seats	Heated Seat Presence	Heated_Seats	Atlantis Signal Name=Heated_Seats ¦ Logical Identifier=Heated_Seats	290	0 = Absent 1 = Front Seats 2 = Front And Rear Seats 3 = Not Used		proxi_param	無 leaf 片語逐字命中；PROXI Format 定義於 r290（Parameter Group: Car_Configuration_5；查詢鍵 Atlantis Signal Name=Heated_Seats ¦ Logical Identifier=Heated_Seats）	
99	Heated_Steering_Levels		Heated_Steering_Wheel_Levels	Atlantis Signal Name=Heated_Steering_Wheel_Levels	775	0 = 1 Level 1 = 2 Levels 2 = 3 Levels		proxi_param	無 leaf 片語逐字命中；PROXI Format 定義於 r775（Parameter Group: （空）；查詢鍵 Atlantis Signal Name=Heated_Steering_Wheel_Levels）	
100	Heated_Steering_Levels		Heated_Steering_Wheel_Levels	Atlantis Signal Name=Heated_Steering_Wheel_Levels	775	0 = 1 Level 1 = 2 Levels 2 = 3 Levels		proxi_param	無 leaf 片語逐字命中；PROXI Format 定義於 r775（Parameter Group: （空）；查詢鍵 Atlantis Signal Name=Heated_Steering_Wheel_Levels）	
101	Heated_Steering_Wheel	Heated Steering Wheel Presence	Heated_Steering_Wheel	Atlantis Signal Name=Heated_Steering_Wheel ¦ Logical Identifier=Heated_Steering_Wheel	550	0 = Absent 1 = Present		proxi_param	無 leaf 片語逐字命中；PROXI Format 定義於 r550（Parameter Group: （空）；查詢鍵 Atlantis Signal Name=Heated_Steering_Wheel ¦ Logical Identifier=Heated_Steering_Wheel）	
102	HillDescent	Hills Descent Present	Hill_Descendent_Control	Atlantis Signal Name=Hill_Descendent_Control	408	0 = Absent 1 = Present		proxi_param	無 leaf 片語逐字命中；PROXI Format 定義於 r408（Parameter Group: （空）；查詢鍵 Atlantis Signal Name=Hill_Descendent_Control）	
103	HV_Battery_Pack	See proxi file	HV_Battery_Pack	Atlantis Signal Name=HV_Battery_Pack ¦ Logical Identifier=HV_Battery_Pack	827	0 = None 1 = 400V 2 = 800V		proxi_param	無 leaf 片語逐字命中；PROXI Format 定義於 r827（Parameter Group: Electric_Configuration_1；查詢鍵 Atlantis Signal Name=HV_Battery_Pack ¦ Logical Identifier=HV_Battery_Pack）	
104	HVAC_AUTO_ECO_Mode	Feature present	HVAC_AUTO_ECO_Mode	Atlantis Signal Name=HVAC_AUTO_ECO_Mode ¦ Logical Identifier=HVAC_AUTO_ECO_Mode	973	0 = Absent 1 = Present		proxi_param	無 leaf 片語逐字命中；PROXI Format 定義於 r973（Parameter Group: （空）；查詢鍵 Atlantis Signal Name=HVAC_AUTO_ECO_Mode ¦ Logical Identifier=HVAC_AUTO_ECO_Mode）	
105	Hybrid_Type	Type of hybrid vehicle	Hybrid_Type	Atlantis Signal Name=Hybrid_Type ¦ Logical Identifier=Hybrid_Type	613	0 = Not Applicable 1 = Battery Electric Vehicle (BEV) 2 = Hybrid Electric Vehicle 3 = Plugin Hybrid Electric Vehicle 4 = 48V Belt Start Generator (BSG) 5 = 12V Belt Start Generator (BSG) 6 = Range Electric Paradigm Breaker (REPB) 7 = Fuel Cell Electric Vehicle (FCEV)		proxi_param	無 leaf 片語逐字命中；PROXI Format 定義於 r613（Parameter Group: Car_Configuration_26；查詢鍵 Atlantis Signal Name=Hybrid_Type ¦ Logical Identifier=Hybrid_Type）	
106	ICSPresent	Integrated Center Stack Module (1=present)	Can Configuration.CAN node 50 (ICS)					none	無 leaf 片語逐字命中；PROXI Format `Parameter Name` 逐字查無；已試之鍵 ['Can Configuration.CAN node 50 (ICS)', 'Proxi_CAN_Conf_ent)', 'ICSPresent']	
107	Independent_Rear_Fan	Independent Rear Blower presence	Rear_Blower Indipendent_Rear_Fan	Atlantis Signal Name=Indipendent_Rear_Fan	704	0 = Absent 1 = Present		proxi_param	無 leaf 片語逐字命中；PROXI Format 定義於 r704（Parameter Group: （空）；查詢鍵 Atlantis Signal Name=Indipendent_Rear_Fan）	
108	Int_CAM_PRSNT		Interior_Monitoring_Camera	Atlantis Signal Name=Interior_Monitoring_Camera	777	0 = Absent 1 = Present		proxi_param	無 leaf 片語逐字命中；PROXI Format 定義於 r777（Parameter Group: （空）；查詢鍵 Atlantis Signal Name=Interior_Monitoring_Camera）	僅揭露，非錨：Camera
109	INTERCOM_PRESENT							none	無 leaf 片語逐字命中；PROXI Format `Parameter Name` 逐字查無；已試之鍵 ['INTERCOM_PRESENT']	
110	Intersection_Collision_Assist	Intersection Collision Assist	Intersection_Collision_Assist	Atlantis Signal Name=Intersection_Collision_Assist ¦ Logical Identifier=Intersection_Collision_Assist	743	0 = Absent 1 = Present		proxi_param	無 leaf 片語逐字命中；PROXI Format 定義於 r743（Parameter Group: （空）；查詢鍵 Atlantis Signal Name=Intersection_Collision_Assist ¦ Logical Identifier=Intersection_Collision_Assist）	
111	ITBMPresence	ITBM present	CAN node 95					none	無 leaf 片語逐字命中；PROXI Format `Parameter Name` 逐字查無；已試之鍵 ['CAN node 95', 'ITBMPresence']	
112	IVW_presence		Wizard_Feature	Atlantis Signal Name=Wizard_Feature	778	0 = Off 1 = Present on TLM 2 = Present on IPC 3 = Present on IPC and TLM		proxi_param	無 leaf 片語逐字命中；PROXI Format 定義於 r778（Parameter Group: （空）；查詢鍵 Atlantis Signal Name=Wizard_Feature）	
113	Lane_Assist	Active Lane Management	Lane_Assist	Atlantis Signal Name=Lane_Assist ¦ Logical Identifier=Lane_Assist	710	0 = Not Present 1 = Lane Departure Warning 2 = Lane Departure Warning + Lane Keep Assist 3 = Active Lane Management		proxi_param	無 leaf 片語逐字命中；PROXI Format 定義於 r710（Parameter Group: （空）；查詢鍵 Atlantis Signal Name=Lane_Assist ¦ Logical Identifier=Lane_Assist）	
114	Market_Area		Market_Area	Atlantis Signal Name=Market_Area ¦ Logical Identifier=Market_Area	678	0 = NAFTA 1 = EMEA 2 = LATAM 3 = APAC		proxi_param	無 leaf 片語逐字命中；PROXI Format 定義於 r678（Parameter Group: Car_Configuration_33；查詢鍵 Atlantis Signal Name=Market_Area ¦ Logical Identifier=Market_Area）	
115	Memory_Seat_Feature_Presence	Feature present						none	無 leaf 片語逐字命中；PROXI Format `Parameter Name` 逐字查無；已試之鍵 ['Memory_Seat_Feature_Presence']	
116	Memory_Seat_Positions	Proxi parameter to define the number of Memory Seat Positions	Memory_Seat_Positions	Atlantis Signal Name=Memory_Seat_Positions ¦ Logical Identifier=Memory_Seat_Positions	935	0 = Two memory seat positions 1 = Three memory seat positions 2 = Four memory seat positions 3 = Five memory seat positions		proxi_param	無 leaf 片語逐字命中；PROXI Format 定義於 r935（Parameter Group: （空）；查詢鍵 Atlantis Signal Name=Memory_Seat_Positions ¦ Logical Identifier=Memory_Seat_Positions）	
117	Memory_Seat_Presence		Memory_System	Atlantis Signal Name=Memory_System	534	0 = Absent 1 = Present		proxi_param	無 leaf 片語逐字命中；PROXI Format 定義於 r534（Parameter Group: （空）；查詢鍵 Atlantis Signal Name=Memory_System）	
118	MicrophoneAcousticCharacteristics	Defines acoustic characterstics of the Microphone.	PROXI: Infotainment_Configuration_8.Microphone_Type					none	無 leaf 片語逐字命中；PROXI Format `Parameter Name` 逐字查無；已試之鍵 ['PROXI', 'Tyfxracterstic_Dusties Defi', 'MicrophoneAcousticCharacteristics']	
119	MicrophoneQuantity	Defines how many Microphones are present.	PROXI: Infotainment_Configuration_7.Microphone_Configuration					none	無 leaf 片語逐字命中；PROXI Format `Parameter Name` 逐字查無；已試之鍵 ['PROXI', 'tifxr_D manes Defi', 'MicrophoneQuantity']	
120	MicrophoneTuningSet	Defines which set of Microphone Tuning data is to be used.	PROXI: Infotainment_Configuration_5.Microphone_Tuning_Parameter					none	無 leaf 片語逐字命中；PROXI Format `Parameter Name` 逐字查無；已試之鍵 ['PROXI', 'etfx Microphone Tuning_Dch ses Defi', 'MicrophoneTuningSet']	
121	MIM_PRESENCE	Feature present	EOL node MIM					none	無 leaf 片語逐字命中；PROXI Format `Parameter Name` 逐字查無；已試之鍵 ['EOL node MIM', 'MIM_PRESENCE']	
122	Model_Equipement		Model_Equipement	Atlantis Signal Name=Model_Equipement ¦ Logical Identifier=Model_Equipement	622	0 = non - Rebel 1 = Rebel		proxi_param	無 leaf 片語逐字命中；PROXI Format 定義於 r622（Parameter Group: （空）；查詢鍵 Atlantis Signal Name=Model_Equipement ¦ Logical Identifier=Model_Equipement）	
123	NAV_Presence		NAV_Presence	Atlantis Signal Name=NAV_Presence ¦ Logical Identifier=NAV_Presence	528	0 = Absent 1 = Present		proxi_param	無 leaf 片語逐字命中；PROXI Format 定義於 r528（Parameter Group: （空）；查詢鍵 Atlantis Signal Name=NAV_Presence ¦ Logical Identifier=NAV_Presence）	
124	NET_CFG_INT	NET_CFG_INT	PROXI					none	無 leaf 片語逐字命中；PROXI Format `Parameter Name` 逐字查無；已試之鍵 ['PROXI', 'NET_CFG_INT', 'NET_CFG_INT']	
125	NET_CFG_PT	NET_CFG_PT	PROXI					none	無 leaf 片語逐字命中；PROXI Format `Parameter Name` 逐字查無；已試之鍵 ['PROXI', 'NET_CFG_PT', 'NET_CFG_PT']	
126	NET_CFG_STAT_INT	Network configuration status	Not Applicable					none	無 leaf 片語逐字命中；PROXI Format `Parameter Name` 逐字查無；已試之鍵 ['Not Applicable', 'NET_CFG_STAT_INT', 'NET_CFG_STAT_INT']	
127	NET_CFG_STAT_PT	Network configuration status for powertrain bus	Not Applicable					none	無 leaf 片語逐字命中；PROXI Format `Parameter Name` 逐字查無；已試之鍵 ['Not Applicable', 'NET_CFG_STAT_PT', 'NET_CFG_STAT_PT']	
128	NetCfg_ADCM	Active Dampening Control Present	CANnode37(DCM/ADCM)					none	無 leaf 片語逐字命中；PROXI Format `Parameter Name` 逐字查無；已試之鍵 ['CANnode37(DCM/ADCM)', 'NetCfg_ADCM', 'NetCfg_ADCM']	
129	NetCfg_ASBS	Network Config for ASBS	CAN node 54 (ASBS)	Atlantis Signal Name=CAN node 54 (ASBS)	60	0 = Absent 1 = Present		proxi_param	無 leaf 片語逐字命中；PROXI Format 定義於 r60（Parameter Group: （空）；查詢鍵 Atlantis Signal Name=CAN node 54 (ASBS)）	
130	NetCfg_ASCM	Network Config for ASCM	CAN node 27 (ASM/ASCM)	Atlantis Signal Name=CAN node 27 (ASM/ASCM)	33	0 = Absent 1 = Present		proxi_param	無 leaf 片語逐字命中；PROXI Format 定義於 r33（Parameter Group: （空）；查詢鍵 Atlantis Signal Name=CAN node 27 (ASM/ASCM)）	
131	NetCfg_DCSD							none	無 leaf 片語逐字命中；PROXI Format `Parameter Name` 逐字查無；已試之鍵 ['NetCfg_DCSD', 'NetCfg_DCSD']	僅揭露，非錨：DCSD
132	NetCfg_DTCM	Network Config for DTCM	CAN node 67 (DTCM)	Atlantis Signal Name=CAN node 67 (DTCM)	73	0 = Absent 1 = Present		proxi_param	無 leaf 片語逐字命中；PROXI Format 定義於 r73（Parameter Group: （空）；查詢鍵 Atlantis Signal Name=CAN node 67 (DTCM)）	
133	NetCfg_DVD_CDM	In-dash DVD player Module (1=present)	PROXI					none	無 leaf 片語逐字命中；PROXI Format `Parameter Name` 逐字查無；已試之鍵 ['PROXI', 'NetCfg_DVD_CDM', 'NetCfg_DVD_CDM']	
134	NetCfg_ELSD	Network Config for ELSD	CAN node 105 (ELSDM)	Atlantis Signal Name=CAN node 105 (ELSDM)	111	0 = Absent 1 = Present		proxi_param	無 leaf 片語逐字命中；PROXI Format 定義於 r111（Parameter Group: （空）；查詢鍵 Atlantis Signal Name=CAN node 105 (ELSDM)）	
135	NetCfg_EPS	EPS Present	CAN node 2 (EPS)	Atlantis Signal Name=CAN node 2 (EPS)	8	0 = Absent 1 = Present		proxi_param	無 leaf 片語逐字命中；PROXI Format 定義於 r8（Parameter Group: （空）；查詢鍵 Atlantis Signal Name=CAN node 2 (EPS)）	
136	NetCfg_HCP	vehicle is PHEV						none	無 leaf 片語逐字命中；PROXI Format `Parameter Name` 逐字查無；已試之鍵 ['NetCfg_HCP', 'NetCfg_HCP']	
137	NetCfg_PPIM	Feature present	CAN Node 71 (PPIM)					none	無 leaf 片語逐字命中；PROXI Format `Parameter Name` 逐字查無；已試之鍵 ['CAN Node 71 (PPIM)', 'NetCfg_PPIM']	
138	NetCfg_PTCM							none	無 leaf 片語逐字命中；PROXI Format `Parameter Name` 逐字查無；已試之鍵 ['NetCfg_PTCM', 'NetCfg_PTCM']	
139	NetCfg_TCM	Automatic Transmission Controller (1=present)	CAN node 11 (MTA/TCM/DCTM)	Atlantis Signal Name=CAN node 11 (MTA/TCM/DCTM)	17	0 = Absent 1 = Present		proxi_param	無 leaf 片語逐字命中；PROXI Format 定義於 r17（Parameter Group: （空）；查詢鍵 Atlantis Signal Name=CAN node 11 (MTA/TCM/DCTM)）	
140	NetCfg_VES2_I	Video Entertainment System Screen 2 Module (1=present)	PROXI					none	無 leaf 片語逐字命中；PROXI Format `Parameter Name` 逐字查無；已試之鍵 ['PROXI', 'NetCfg_VES2_I', 'NetCfg_VES2_I']	僅揭露，非錨：Screen
141	NetCfg_VES3_I	Video Entertainment System Screen 1 Module (1=present)	PROXI					none	無 leaf 片語逐字命中；PROXI Format `Parameter Name` 逐字查無；已試之鍵 ['PROXI', 'NetCfg_VES3_I', 'NetCfg_VES3_I']	僅揭露，非錨：Screen
142	NetCfg_VRM	Video Routimg Module Present	CAN node 127 (VRM)	Atlantis Signal Name=CAN node 127 (VRM)	133	0 = Absent 1 = Present		proxi_param	無 leaf 片語逐字命中；PROXI Format 定義於 r133（Parameter Group: （空）；查詢鍵 Atlantis Signal Name=CAN node 127 (VRM)）	
143	NetCfg_VSIM	Vehicle System Interface Module (1=present)	PROXI					none	無 leaf 片語逐字命中；PROXI Format `Parameter Name` 逐字查無；已試之鍵 ['PROXI', 'NetCfg_VSIM', 'NetCfg_VSIM']	
144	Number_Of_Doors	PROXI parameter that defines Number of Doors on the vehicle	Car_Configuration_11.Number_Of_Doors	Logical Identifier=Number_Of_Doors	309	0 = No doors (Special Version) 1 = 2 Doors (Regular Cab) 2 = 3 Doors 3 = 4 Doors (Mega Cab or Crew Cab)		proxi_param	無 leaf 片語逐字命中；PROXI Format 定義於 r309（Parameter Group: Car_Configuration_11；查詢鍵 Logical Identifier=Number_Of_Doors）	
145	NumberOfVoiceRecognitionButtons	Defines how many Steering Wheel buttons can be used to activate / deactivate Voice Recognition.	PROXI: Infotainment_Configuration_8.Voice_Recognition_Activation					none	無 leaf 片語逐字命中；PROXI Format `Parameter Name` 逐字查無；已試之鍵 ['PROXI', 'NumberOfVoiceRecognitionButtons']	
146	OC_Dsbl	Open Circuit Disable for ANC	<Speaker>_Open_Circuit_Disable - RF/RR/LF/LR					none	無 leaf 片語逐字命中；PROXI Format `Parameter Name` 逐字查無；已試之鍵 ['<Speaker>_Open_Circuit_Disable - RF/RR/LF/LR', 'Proxi_CAN_n Ci_ ANC', 'OC_Dsbl']	
147	OCM_Present	Occupant Classification Module present	CAN node 78 (OCM)	Atlantis Signal Name=CAN node 78 (OCM)	84	0 = Absent 1 = Present		proxi_param	無 leaf 片語逐字命中；PROXI Format 定義於 r84（Parameter Group: （空）；查詢鍵 Atlantis Signal Name=CAN node 78 (OCM)）	
148	OFFroad_Camera	Off Road camera present	Forward_Facing_Camera	Atlantis Signal Name=Forward_Facing_Camera	762	0 = Absent 1 = Present		proxi_param	無 leaf 片語逐字命中；PROXI Format 定義於 r762（Parameter Group: （空）；查詢鍵 Atlantis Signal Name=Forward_Facing_Camera）	僅揭露，非錨：Camera,camera
149	OFFRoadModePrsnt	Off Road Plus mode present	Not Applicable					none	無 leaf 片語逐字命中；PROXI Format `Parameter Name` 逐字查無；已試之鍵 ['Not Applicable', 'VC_OFFRoadModePrsnt', 'OFFRoadModePrsnt']	
150	PAMConfiguration	PAM Configuration on vehicle	PAM_Configuration	Atlantis Signal Name=PAM_Configuration	516	0 = Rear 1 = Front And Rear		proxi_param	無 leaf 片語逐字命中；PROXI Format 定義於 r516（Parameter Group: （空）；查詢鍵 Atlantis Signal Name=PAM_Configuration）	
151	PANIC		PANIC					none	無 leaf 片語逐字命中；PROXI Format `Parameter Name` 逐字查無；已試之鍵 ['PANIC', 'PANIC']	
152	Park_Assist_Volume_Strategy		Park_Assist_Volume_Strategy	Atlantis Signal Name=Park_Assist_Volume_Strategy ¦ Logical Identifier=Park_Assist_Volume_Strategy	745	0 = Customer Selectable Setting 1 = Gear Position Based		proxi_param	無 leaf 片語逐字命中；PROXI Format 定義於 r745（Parameter Group: （空）；查詢鍵 Atlantis Signal Name=Park_Assist_Volume_Strategy ¦ Logical Identifier=Park_Assist_Volume_Strategy）	
153	Park_With_Stop	ParkSense	Park_With_Stop	Atlantis Signal Name=Park_With_Stop ¦ Logical Identifier=Park_With_Stop	405	0 = Absent 1 = Present		proxi_param	無 leaf 片語逐字命中；PROXI Format 定義於 r405（Parameter Group: （空）；查詢鍵 Atlantis Signal Name=Park_With_Stop ¦ Logical Identifier=Park_With_Stop）	
154	Phone_As_A_Key	Feature present	Phone_As_A_Key	Atlantis Signal Name=Phone_As_A_Key ¦ Logical Identifier=Phone_As_A_Key	896	0 = Absent 1 = Present		proxi_param	無 leaf 片語逐字命中；PROXI Format 定義於 r896（Parameter Group: （空）；查詢鍵 Atlantis Signal Name=Phone_As_A_Key ¦ Logical Identifier=Phone_As_A_Key）	
155	Police_cfg	LD Pursuit present						none	無 leaf 片語逐字命中；PROXI Format `Parameter Name` 逐字查無；已試之鍵 ['VC_POLICE', 'Police_cfg']	
156	Proxi_External_Temperature_Sensor	Display outside temperature present	PROXI					none	無 leaf 片語逐字命中；PROXI Format `Parameter Name` 逐字查無；已試之鍵 ['PROXI', 'VC_TEMP_DISP', 'Proxi_External_Temperature_Sensor']	僅揭露，非錨：DISP,Disp
157	Proxi_Rain_Sensor	Rain sensor present	PROXI					none	無 leaf 片語逐字命中；PROXI Format `Parameter Name` 逐字查無；已試之鍵 ['PROXI', 'VC_RainSnsPrsnt', 'Proxi_Rain_Sensor']	
158	PTCM_Present		CAN node 101 (PTCM)	Atlantis Signal Name=CAN node 101 (PTCM)	107	0 = Absent 1 = Present		proxi_param	無 leaf 片語逐字命中；PROXI Format 定義於 r107（Parameter Group: （空）；查詢鍵 Atlantis Signal Name=CAN node 101 (PTCM)）	
159	PWR_INV_PRSNT		Power_Inverter_Presence	Atlantis Signal Name=Power_Inverter_Presence ¦ Object Text=Power_Inverter_Presence	853	0 = Absent 1 = Present		proxi_param	無 leaf 片語逐字命中；PROXI Format 定義於 r853（Parameter Group: （空）；查詢鍵 Atlantis Signal Name=Power_Inverter_Presence ¦ Object Text=Power_Inverter_Presence）	
160	QVPM_Configuration	Signal for determining Quiet Vehicle Pedestrian module setup	QVPM_Configuration	Atlantis Signal Name=QVPM_Configuration ¦ Logical Identifier=QVPM_Configuration	751	0 = Absent 1 = Present Front 2 = Present Rear 3 = Present Front And Rear		proxi_param	無 leaf 片語逐字命中；PROXI Format 定義於 r751（Parameter Group: （空）；查詢鍵 Atlantis Signal Name=QVPM_Configuration ¦ Logical Identifier=QVPM_Configuration）	
161	Rear_Heated_Window_cfg	Rear Heated Window present	Car_Configuration_5.Rear_Heated_Window					none	無 leaf 片語逐字命中；PROXI Format `Parameter Name` 逐字查無；已試之鍵 ['Car_Configuration_5.Rear_Heated_Window', 'Rear_Heated_Window_cfg']	
162	Rear_HVAC_cfg	Rear HVAC Present	CAN node 120 (ECC_Rear) Rear_Climate	Atlantis Signal Name=CAN node 120 (ECC_Rear) ¦ Atlantis Signal Name=Rear_Climate	126,351	0 = Absent 1 = Present ¦ 0 = Absent 1 = Present		proxi_param	無 leaf 片語逐字命中；PROXI Format 定義於 r126,351（Parameter Group: （空）；查詢鍵 Atlantis Signal Name=CAN node 120 (ECC_Rear) ¦ Atlantis Signal Name=Rear_Climate）	
163	Rear_ICS_cfg	Rear ICS Present						none	無 leaf 片語逐字命中；PROXI Format `Parameter Name` 逐字查無；已試之鍵 ['NetCfg_ICS_R', 'Rear_ICS_cfg']	
164	Rear_Screens_Present	Rear Seat Entertainment Present/Absent	Rear_Screens_Present	Atlantis Signal Name=Rear_Screens_Present ¦ Logical Identifier=Rear_Screens_Present	804	0 = Absent 1 = Present		proxi_param	無 leaf 片語逐字命中；PROXI Format 定義於 r804（Parameter Group: （空）；查詢鍵 Atlantis Signal Name=Rear_Screens_Present ¦ Logical Identifier=Rear_Screens_Present）	僅揭露，非錨：Screen
165	Regulation_Type	Identifies GSR markets/countries (and future types).	Regulation_Type	Atlantis Signal Name=Regulation_Type ¦ Logical Identifier=Regulation_Type	956	0 = Absent 1 = GSR Variant 2 = China Variant 3 = Korea Variant		proxi_param	無 leaf 片語逐字命中；PROXI Format 定義於 r956（Parameter Group: （空）；查詢鍵 Atlantis Signal Name=Regulation_Type ¦ Logical Identifier=Regulation_Type）	
166	Remote_Headlights Feature							none	無 leaf 片語逐字命中；PROXI Format `Parameter Name` 逐字查無；已試之鍵 ['EC_AudTel4B: <Remote Headlights Feature>', 'Remote_Headlights Feature']	
167	Remote_Start_cfg	Remote Start Configuration (1=present)	Car_Configuration_17.Remote_start					none	無 leaf 片語逐字命中；PROXI Format `Parameter Name` 逐字查無；已試之鍵 ['Car_Configuration_17.Remote_start', 'Remote_Start_cfg']	
168	Remote_USB_Port_Present		Remote_USB_Port_Present					none	無 leaf 片語逐字命中；PROXI Format `Parameter Name` 逐字查無；已試之鍵 ['Remote_USB_Port_Present', 'EC_AudTel3A-<Remote_USB_Port_Present>', 'Remote_USB_Port_Present']	
169	Reverse_Mute_Enable		Reverse_Mute_Enable	Atlantis Signal Name=Reverse_Mute_Enable ¦ Logical Identifier=Reverse_Mute_Enable	802	0 = Disable 1 = Enable		proxi_param	無 leaf 片語逐字命中；PROXI Format 定義於 r802（Parameter Group: （空）；查詢鍵 Atlantis Signal Name=Reverse_Mute_Enable ¦ Logical Identifier=Reverse_Mute_Enable）	
170	RVC_SK_PRSNT	Rear Camera soft key present	Rear_View_Camera Rear_View_Camera_Soft_Button	Atlantis Signal Name=Rear_View_Camera ¦ Atlantis Signal Name=Rear_View_Camera_Soft_Button	401,494	0 = Absent 1 = Present ¦ 0 = Absent 1 = Present		proxi_param	無 leaf 片語逐字命中；PROXI Format 定義於 r401,494（Parameter Group: Adas_Configuration_1；查詢鍵 Atlantis Signal Name=Rear_View_Camera ¦ Atlantis Signal Name=Rear_View_Camera_Soft_Button）	僅揭露，非錨：Camera,RVC
171	SD_Presence		SD_Presence	Atlantis Signal Name=SD_Presence ¦ Logical Identifier=SD_Presence	637	0 = Absent 1 = Present		proxi_param	無 leaf 片語逐字命中；PROXI Format 定義於 r637（Parameter Group: （空）；查詢鍵 Atlantis Signal Name=SD_Presence ¦ Logical Identifier=SD_Presence）	
172	SDARS_Presence	SDARS present	SDARS_Presence					none	無 leaf 片語逐字命中；PROXI Format `Parameter Name` 逐字查無；已試之鍵 ['SDARS_Presence', 'Proxi_SDARS_Presence', 'SDARS_Presence']	
173	SDWConfiguration	SDW Present	Side_Distance_Warning	Atlantis Signal Name=Side_Distance_Warning	406	0 = Absent 1 = Present		proxi_param	無 leaf 片語逐字命中；PROXI Format 定義於 r406（Parameter Group: （空）；查詢鍵 Atlantis Signal Name=Side_Distance_Warning）	
174	SelectSpeedControl	Select Speed Control present	Selec_Speed_Control_Feature	Atlantis Signal Name=Selec_Speed_Control_Feature	446	0 = Absent 1 = Present		proxi_param	無 leaf 片語逐字命中；PROXI Format 定義於 r446（Parameter Group: （空）；查詢鍵 Atlantis Signal Name=Selec_Speed_Control_Feature）	
175	Semi_Automatic_Parking_System	ParkAssist - Semi Automatic Parking System	Semi_Automatic_Parking_System	Atlantis Signal Name=Semi_Automatic_Parking_System ¦ Logical Identifier=Semi_Automatic_Parking_System	462	0 = Absent 1 = Present		proxi_param	無 leaf 片語逐字命中；PROXI Format 定義於 r462（Parameter Group: （空）；查詢鍵 Atlantis Signal Name=Semi_Automatic_Parking_System ¦ Logical Identifier=Semi_Automatic_Parking_System）	
176	Side_Distance_Warning	ParkSense	Side_Distance_Warning	Atlantis Signal Name=Side_Distance_Warning ¦ Logical Identifier=Side_Distance_Warning	406	0 = Absent 1 = Present		proxi_param	無 leaf 片語逐字命中；PROXI Format 定義於 r406（Parameter Group: （空）；查詢鍵 Atlantis Signal Name=Side_Distance_Warning ¦ Logical Identifier=Side_Distance_Warning）	
177	SMMD_Present		CAN node 83 (SMMD)	Atlantis Signal Name=CAN node 83 (SMMD)	89	0 = Absent 1 = Present		proxi_param	無 leaf 片語逐字命中；PROXI Format 定義於 r89（Parameter Group: （空）；查詢鍵 Atlantis Signal Name=CAN node 83 (SMMD)）	
178	Sound_Generator_Profile		Sound_Generator_Profile	Atlantis Signal Name=Sound_Generator_Profile ¦ Logical Identifier=Sound_Generator_Profile	864	0 = Not Present 1 = Default 16 = LB 2 Door BEV 400V 340kW Premium 17 = LB 2 Door BEV 400V 340kW High Premium 18 = LB 2 Door BEV 400V 440kW Premium 19 = LB 2 Door BEV 400V 440kW High Premium 20 = LB 2 Door BEV 800V 600kW Premium 21 = LB 2 Door BEV 800V 600kW High Premium 22 = LB 4 Door BEV 400V 340kW Premium 23 = LB 4 Door BEV 400V 340kW High Premium 24 = LB 4 Door BEV 400V 440kW Premium 25 = LB 4 Door BEV 400V 440kW High Premium 26 = LB 4 Door BEV 800V 600kW Premium 27 = LB 4 Door BEV 800V 600kW High Premium 32 = LB 2 Door T6 HO Premium 33 = LB 2 Door T6 HO High Premium 34 = LB 2 Door T6 SO Premium 35 = LB 2 Door T6 SO High Premium 36 = LB 4 Door T6 HO Premium 37 = LB 4 Door T6 HO High Premium 38 = LB 4 Door T6 SO Premium 39 = LB 4 Door T6 SO High Premium 48 = WL74 T4 EVO Premium 49 = WL74 T4 EVO High Premium 50 = WL75 T4 EVO Premium 51 = WL75 T4 EVO High Premium 52 = WL74 I4 PHEV Premium 53 = WL74 I4 PHEV High Premium 54 = WL75 I4 PHEV Premium 55 = WL75 I4 PHEV High Premium 64 = C6X 400V 300kW Premium 65 = C6X 400V 300kW High Premium 66 = C6X 800V 400kW Premium 67 = C6X 800V 400kW High Premium 208 = M182 Base L4 209 = M182 Base V6 210 = M182 Premium L4 211 = M182 Premium V6 212 = M182 Premium BEV 213 = M182 High Premium L4 214 = M182 High Premium V6 215 = M182 High Premium BEV 216 = M189 Coupè Premium V6 217 = M189 Coupè Premium BEV 218 = M189 Coupè High Premium V6 219 = M189 Coupè High Premium BEV 220 = M189 Cabrio Premium V6 221 = M189 Cabrio Premium BEV 222 = M189 Cabrio High Premium V6 223 = M189 Cabrio High Premium BEV 224 = M240 V6 Premium 225 = M240 BEV Premium 226 = M240 RHT V6 Premium 227 = M240 BEV RHT Premium 228 = M240 BEV Base 229 = M240 RHT BEV Base 230 = M240 V6 Base 231 = M240 RHT V6 Base 232 = M183 BEV 2MOT Premium (Alpine 17ch) NA 233 = M183 BEV 2MOT Premium (Alpine 17ch) 234 = M183 BEV 2MOT High Premium (Alpine 24ch) NA 235 = M183 BEV 2MOT High Premium (Alpine 24ch) 236 = M183 BEV 3MOT Premium (Alpine 17ch) NA 237 = M183 BEV 3MOT Premium (Alpine 17ch) 238 = M183 BEV 3MOT High Premium (Alpine 24ch) NA 239 = M183 BEV 3MOT High Premium (Alpine 24ch) 241 = M182 Premium BEV NA 242 = M182 High Premium BEV NA 243 = M189 Coupè Premium BEV NA 244 = M189 Coupè High Premium BEV NA 245 = M189 Cabrio Premium BEV NA 246 = M189 Cabrio High Premium BEV NA		proxi_param	無 leaf 片語逐字命中；PROXI Format 定義於 r864（Parameter Group: Car_Configuration_49；查詢鍵 Atlantis Signal Name=Sound_Generator_Profile ¦ Logical Identifier=Sound_Generator_Profile）	
179	Sound_Zone_Present							none	無 leaf 片語逐字命中；PROXI Format `Parameter Name` 逐字查無；已試之鍵 ['EC_AudTel4B: <Sound_Zone_Presence>', 'Sound_Zone_Present']	
180	Special_Brand_Configuration		Special_Brand_Configuration	Atlantis Signal Name=Special_Brand_Configuration ¦ Logical Identifier=Special_Brand_Configuration	472	0 = None 1 = POS - Point of Service 2 = ePTO - Elect Power Takeoff 3 = POS and ePTO		proxi_param	無 leaf 片語逐字命中；PROXI Format 定義於 r472（Parameter Group: （空）；查詢鍵 Atlantis Signal Name=Special_Brand_Configuration ¦ Logical Identifier=Special_Brand_Configuration）	
181	Speedometer_Range	Feature present	Speedometer_Range	Atlantis Signal Name=Speedometer_Range ¦ Logical Identifier=Speedometer_Range	776			proxi_param	無 leaf 片語逐字命中；PROXI Format 定義於 r776（Parameter Group: Infotainment_Configuration_27；查詢鍵 Atlantis Signal Name=Speedometer_Range ¦ Logical Identifier=Speedometer_Range）	
182	Splashscreen_Type	Splashscreen Type	Audio_Brand	Atlantis Signal Name=Audio_Brand	597	0 = No Audio Brand 1 = Beats 2 = Alpine 3 = Harman 4 = McIntosh		proxi_param	無 leaf 片語逐字命中；PROXI Format 定義於 r597（Parameter Group: Infotainment_Configuration_15；查詢鍵 Atlantis Signal Name=Audio_Brand）	僅揭露，非錨：screen
183	SRRP_Presence	Inform the HU if the BSIS feature is enabled in the vehicle.	CAN node 25 (SRRP)					none	無 leaf 片語逐字命中；PROXI Format `Parameter Name` 逐字查無；已試之鍵 ['CAN node 25 (SRRP)', 'SRRP_Presence']	
184	SRRP2_Presence	Inform the HU if the BSIS feature is enabled in the vehicle.	CAN node 33 (SRRP2)					none	無 leaf 片語逐字命中；PROXI Format `Parameter Name` 逐字查無；已試之鍵 ['CAN node 33 (SRRP2)', 'SRRP2_Presence']	
185	SteeringWheelButtonGroups	Identifies the steering wheel commands configuration (position, number of switches, etc...).	Infotainment_Configuration_7.RRM_VPx_Steering_Wheel_Command_Type					none	無 leaf 片語逐字命中；PROXI Format `Parameter Name` 逐字查無；已試之鍵 ['Infotainment_Configuration_7.RRM_VPx_Steering_Wheel_Command_Type', 'Proxi_RRM_VPx_Steering_Wheel_Command_Type', 'SteeringWheelButtonGroups']	
186	SteeringWheelType	Defines whether the Brand Focus versus Core Steering Wheel is installed.						none	無 leaf 片語逐字命中；PROXI Format `Parameter Name` 逐字查無；已試之鍵 ['EC_AudTel2-<VC_AUD_SWS_CF>', 'SteeringWheelType']	
187	SteeringWheelType	Defines whether the Brand Focus versus Core Steering Wheel is installed.						none	無 leaf 片語逐字命中；PROXI Format `Parameter Name` 逐字查無；已試之鍵 ['EC_AudTel2-<VC_AUD_SWS_CF>', 'SteeringWheelType']	
188	Stop_And_Start_cfg	Stop And Start Configuration (1=present)	Car_Configuration_1.Stop_And_Start					none	無 leaf 片語逐字命中；PROXI Format `Parameter Name` 逐字查無；已試之鍵 ['Car_Configuration_1.Stop_And_Start', 'Proxi_StartAndStop', 'Stop_And_Start_cfg']	
189	SuperTrackPack							none	無 leaf 片語逐字命中；PROXI Format `Parameter Name` 逐字查無；已試之鍵 ['VC_STP_PRSNT', 'SuperTrackPack']	
190	Surround	Surround Sound Present	<Surround>	Logical Identifier=Surround	500	0 = Absent 1 = Present		proxi_param	無 leaf 片語逐字命中；PROXI Format 定義於 r500（Parameter Group: （空）；查詢鍵 Logical Identifier=Surround）	
191	SVC_SK_PRSNT		Surround_View_Camera	Atlantis Signal Name=Surround_View_Camera	761	0 = Absent 1 = Present		proxi_param	無 leaf 片語逐字命中；PROXI Format 定義於 r761（Parameter Group: Adas_Configuration_5；查詢鍵 Atlantis Signal Name=Surround_View_Camera）	
192	TBM_Audio_Config		TBM_Audio_Config	Atlantis Signal Name=TBM_Audio_Config ¦ Logical Identifier=TBM_Audio_Config	738	0 = Type 1 1 = Type 2		proxi_param	無 leaf 片語逐字命中；PROXI Format 定義於 r738（Parameter Group: Telematic_Configuration_3；查詢鍵 Atlantis Signal Name=TBM_Audio_Config ¦ Logical Identifier=TBM_Audio_Config）	
193	TBM_Default_DRM_Level			Logical Identifier=TBM_Default_DRM_Level	928	0 = Level 0 - TBM SR21 and earlier 1 = Level 1 - TBM SR22 and beyond		proxi_param	無 leaf 片語逐字命中；PROXI Format 定義於 r928（Parameter Group: Telematic_Configuration_6；查詢鍵 Logical Identifier=TBM_Default_DRM_Level）	
194	TBM_Present	If TBM is present or not	CAN node 35 (TBM) CAN node 35 (TBM/FTM)	Atlantis Signal Name=CAN node 35 (TBM/FTM)	41	0 = Absent 1 = Present		proxi_param	無 leaf 片語逐字命中；PROXI Format 定義於 r41（Parameter Group: （空）；查詢鍵 Atlantis Signal Name=CAN node 35 (TBM/FTM)）	
195	TBM_Second_Generation							none	無 leaf 片語逐字命中；PROXI Format `Parameter Name` 逐字查無；已試之鍵 ['EC_AudTel4B: <TBM Second Generation>', 'TBM_Second_Generation']	
196	Temp_Display_Resolution	Temperature Display Resolution in 0.5 degree or 1 degree C steps	Temp_Display_Resolution	Atlantis Signal Name=Temp_Display_Resolution ¦ Logical Identifier=Temp_Display_Resolution	344	0 = 0.5 degree C 1 = 1 degree C		proxi_param	無 leaf 片語逐字命中；PROXI Format 定義於 r344（Parameter Group: （空）；查詢鍵 Atlantis Signal Name=Temp_Display_Resolution ¦ Logical Identifier=Temp_Display_Resolution）	僅揭露，非錨：Disp
197	Themed_Sounds		Themed_Sounds	Atlantis Signal Name=Themed_Sounds ¦ Logical Identifier=Themed_Sounds	856	0 = Not present 1 = Default Synthesized 2 = Default Wave 3 = 332 BEV 4 = Follow Brand_Configuration_2 5 = Fiat LATAM		proxi_param	無 leaf 片語逐字命中；PROXI Format 定義於 r856（Parameter Group: （空）；查詢鍵 Atlantis Signal Name=Themed_Sounds ¦ Logical Identifier=Themed_Sounds）	
198	Tow_Specific_Navigation	Tow Specific Navigation						none	無 leaf 片語逐字命中；PROXI Format `Parameter Name` 逐字查無；已試之鍵 ['EC_AudTel3B <Tow_Specific_Navigation>', 'Tow_Specific_Navigation']	
199	Traffic_Sign_Connected_Service	Feature present	Traffic_Sign_Connected_Service	Atlantis Signal Name=Traffic_Sign_Connected_Service ¦ Logical Identifier=Traffic_Sign_Connected_Service	953	0 = Absent 1 = Present		proxi_param	無 leaf 片語逐字命中；PROXI Format 定義於 r953（Parameter Group: （空）；查詢鍵 Atlantis Signal Name=Traffic_Sign_Connected_Service ¦ Logical Identifier=Traffic_Sign_Connected_Service）	
200	Traffic_Sign_Recognition	Traffic Sign Information Feature	Traffic_Sign_Recognition	Atlantis Signal Name=Traffic_Sign_Recognition ¦ Logical Identifier=Traffic_Sign_Recognition	676	0 = Absent 1 = Present		proxi_param	無 leaf 片語逐字命中；PROXI Format 定義於 r676（Parameter Group: （空）；查詢鍵 Atlantis Signal Name=Traffic_Sign_Recognition ¦ Logical Identifier=Traffic_Sign_Recognition）	
201	TriMode_cfg		HVAC_Mode_Type	Atlantis Signal Name=HVAC_Mode_Type	880	0 = No Trimode 1 = Trimode_5 modes 2 = Trimode_7 modes		proxi_param	無 leaf 片語逐字命中；PROXI Format 定義於 r880（Parameter Group: infotainment_Configuration_30；查詢鍵 Atlantis Signal Name=HVAC_Mode_Type）	
202	TRSCPresence	Trailer reverse steering control Present	Trailer_Reverse_Steering_Presence	Atlantis Signal Name=Trailer_Reverse_Steering_Presence	927	0 = Absent 1 = Present		proxi_param	無 leaf 片語逐字命中；PROXI Format 定義於 r927（Parameter Group: （空）；查詢鍵 Atlantis Signal Name=Trailer_Reverse_Steering_Presence）	
203	Unique_CoreSteeringWheel							none	無 leaf 片語逐字命中；PROXI Format `Parameter Name` 逐字查無；已試之鍵 ['Unique_CoreSteeringWheel']	
204	USB_Connection_Present		USB_Connection_Present	Atlantis Signal Name=USB_Connection_Present ¦ Logical Identifier=USB_Connection_Present	733	0 = Absent 1 = Present		proxi_param	無 leaf 片語逐字命中；PROXI Format 定義於 r733（Parameter Group: Telematic_Configuration_2；查詢鍵 Atlantis Signal Name=USB_Connection_Present ¦ Logical Identifier=USB_Connection_Present）	
205	USB_Presence		USB_Presence	Atlantis Signal Name=USB_Presence ¦ Logical Identifier=USB_Presence	638	0 = Absent 1 = 1 USB 2 = 2 USB 3 = 3 USB 4 = 4 USB 5 = 5 USB 6 = 6 USB 7 = 7 USB		proxi_param	無 leaf 片語逐字命中；PROXI Format 定義於 r638（Parameter Group: （空）；查詢鍵 Atlantis Signal Name=USB_Presence ¦ Logical Identifier=USB_Presence）	
206	V2H_Present	Feature present	V2H_Present	Atlantis Signal Name=V2H_Present ¦ Logical Identifier=V2H_Present	1030	0 = Absent 1 = Present		proxi_param	無 leaf 片語逐字命中；PROXI Format 定義於 r1030（Parameter Group: （空）；查詢鍵 Atlantis Signal Name=V2H_Present ¦ Logical Identifier=V2H_Present）	
207	V2L_Present	Feature present	V2L_Present	Atlantis Signal Name=V2L_Present ¦ Logical Identifier=V2L_Present	1031	0 = Absent 1 = Present		proxi_param	無 leaf 片語逐字命中；PROXI Format 定義於 r1031（Parameter Group: （空）；查詢鍵 Atlantis Signal Name=V2L_Present ¦ Logical Identifier=V2L_Present）	
208	V2V_Present	Feature present	V2V_Present	Atlantis Signal Name=V2V_Present ¦ Logical Identifier=V2V_Present	1029	0 = Absent 1 = Present		proxi_param	無 leaf 片語逐字命中；PROXI Format 定義於 r1029（Parameter Group: （空）；查詢鍵 Atlantis Signal Name=V2V_Present ¦ Logical Identifier=V2V_Present）	
209	VC_ABSM							none	無 leaf 片語逐字命中；PROXI Format `Parameter Name` 逐字查無；已試之鍵 ['VC_ABSM', 'VC_ABSM']	
210	VC_AC_Prsnt							none	無 leaf 片語逐字命中；PROXI Format `Parameter Name` 逐字查無；已試之鍵 ['VC_AC_Prsnt', 'VC_AC_Prsnt']	
211	VC_ACC_DLY_CSO							none	無 leaf 片語逐字命中；PROXI Format `Parameter Name` 逐字查無；已試之鍵 ['VC_ACC_DLY_CSO', 'VC_ACC_DLY_CSO']	
212	VC_ACC_Type	Adaptive Cruise Control	Adaptive_Cruise_Control	Atlantis Signal Name=Adaptive_Cruise_Control	402	0 = Absent 1 = ACC 2 = ACC with Stop 3 = ACC with Stop/Go		proxi_param	無 leaf 片語逐字命中；PROXI Format 定義於 r402（Parameter Group: （空）；查詢鍵 Atlantis Signal Name=Adaptive_Cruise_Control）	
213	VC_ADJ_PDL_PRSNT							none	無 leaf 片語逐字命中；PROXI Format `Parameter Name` 逐字查無；已試之鍵 ['VC_ADJ_PDL_PRSNT', 'VC_ADJ_PDL_PRSNT']	
214	VC_ADR_PRSNT	ADR Present						none	無 leaf 片語逐字命中；PROXI Format `Parameter Name` 逐字查無；已試之鍵 ['VC_ADR_PRSNT', 'VC_ADR_PRSNT']	
215	VC_AFLS_CSO							none	無 leaf 片語逐字命中；PROXI Format `Parameter Name` 逐字查無；已試之鍵 ['VC_AFLS_CSO', 'VC_AFLS_CSO']	
216	VC_AMB_DMR_CSO							none	無 leaf 片語逐字命中；PROXI Format `Parameter Name` 逐字查無；已試之鍵 ['VC_AMB_DMR_CSO', 'VC_AMB_DMR_CSO']	
217	VC_AmbLtgPrsnt							none	無 leaf 片語逐字命中；PROXI Format `Parameter Name` 逐字查無；已試之鍵 ['VC_AmbLtgPrsnt', 'VC_AmbLtgPrsnt']	
218	VC_AmbTempLct							none	無 leaf 片語逐字命中；PROXI Format `Parameter Name` 逐字查無；已試之鍵 ['VC_AmbTempLct', 'VC_AmbTempLct']	
219	VC_AnlgDrSnsr							none	無 leaf 片語逐字命中；PROXI Format `Parameter Name` 逐字查無；已試之鍵 ['VC_AnlgDrSnsr', 'VC_AnlgDrSnsr']	
220	VC_AQS_Prsnt							none	無 leaf 片語逐字命中；PROXI Format `Parameter Name` 逐字查無；已試之鍵 ['VC_AQS_Prsnt', 'VC_AQS_Prsnt']	
221	VC_ARC_PRSNT	Race Cooldown Present	After_Run_Cooling_Presence	Atlantis Signal Name=After_Run_Cooling_Presence	933	0 = Absent 1 = Present		proxi_param	無 leaf 片語逐字命中；PROXI Format 定義於 r933（Parameter Group: Infotainment_Configuration_32；查詢鍵 Atlantis Signal Name=After_Run_Cooling_Presence）	
222	VC_AS_ERS		ERS_Autostick_Presence					none	無 leaf 片語逐字命中；PROXI Format `Parameter Name` 逐字查無；已試之鍵 ['ERS_Autostick_Presence', 'VC_AS_ERS', 'VC_AS_ERS']	
223	VC_ASCM_TJ_CSO							none	無 leaf 片語逐字命中；PROXI Format `Parameter Name` 逐字查無；已試之鍵 ['VC_ASCM_TJ_CSO', 'VC_ASCM_TJ_CSO']	
224	VC_ASCM_WRN_CSO							none	無 leaf 片語逐字命中；PROXI Format `Parameter Name` 逐字查無；已試之鍵 ['VC_ASCM_WRN_CSO', 'VC_ASCM_WRN_CSO']	
225	VC_AUTO_AERO_CSO							none	無 leaf 片語逐字命中；PROXI Format `Parameter Name` 逐字查無；已試之鍵 ['VC_AUTO_AERO_CSO', 'VC_AUTO_AERO_CSO']	
226	VC_AUTO_HB_CSO							none	無 leaf 片語逐字命中；PROXI Format `Parameter Name` 逐字查無；已試之鍵 ['VC_AUTO_HB_CSO', 'VC_AUTO_HB_CSO']	
227	VC_AUTO_HL							none	無 leaf 片語逐字命中；PROXI Format `Parameter Name` 逐字查無；已試之鍵 ['VC_AUTO_HL', 'VC_AUTO_HL']	
228	VC_AUTO_HL	Auto headlamp feature present	PROXI					none	無 leaf 片語逐字命中；PROXI Format `Parameter Name` 逐字查無；已試之鍵 ['PROXI', 'VC_AUTO_HL', 'VC_AUTO_HL']	
229	VC_AUTO_PRK_CSO							none	無 leaf 片語逐字命中；PROXI Format `Parameter Name` 逐字查無；已試之鍵 ['VC_AUTO_PRK_CSO', 'VC_AUTO_PRK_CSO']	
230	VC_AUTO_SS_CSO	Automatic side step customer settings menu	CAN node 97 (PSSM)	Atlantis Signal Name=CAN node 97 (PSSM)	103	0 = Absent 1 = Present		proxi_param	無 leaf 片語逐字命中；PROXI Format 定義於 r103（Parameter Group: （空）；查詢鍵 Atlantis Signal Name=CAN node 97 (PSSM)）	
231	VC_AutoParkPrsnt							none	無 leaf 片語逐字命中；PROXI Format `Parameter Name` 逐字查無；已試之鍵 ['VC_AutoParkPrsnt', 'VC_AutoParkPrsnt']	
232	VC_AxleLockerPrsnt	Axle Locker Present	Drive_Type_Variant	Atlantis Signal Name=Drive_Type_Variant	423	0 = FWD 1 = RWD 2 = Single Speed AWD 3 = 2 Speed 4WD 4 = 2 Speed 4WD with ELSD		proxi_param	無 leaf 片語逐字命中；PROXI Format 定義於 r423（Parameter Group: （空）；查詢鍵 Atlantis Signal Name=Drive_Type_Variant）	
233	VC_Base_TPM							none	無 leaf 片語逐字命中；PROXI Format `Parameter Name` 逐字查無；已試之鍵 ['VC_Base_TPM', 'VC_Base_TPM']	
234	VC_BLIND_SPOT_CSO							none	無 leaf 片語逐字命中；PROXI Format `Parameter Name` 逐字查無；已試之鍵 ['VC_BLIND_SPOT_CSO', 'VC_BLIND_SPOT_CSO']	
235	VC_BODY_STYLE	Body style	Car_Shape_Configuration and Number_Of_Doors	Atlantis Signal Name=Number_Of_Doors	309	0 = No doors (Special Version) 1 = 2 Doors (Regular Cab) 2 = 3 Doors 3 = 4 Doors (Mega Cab or Crew Cab)		proxi_param	無 leaf 片語逐字命中；PROXI Format 定義於 r309（Parameter Group: Car_Configuration_11；查詢鍵 Atlantis Signal Name=Number_Of_Doors）	
236	VC_BrkTyp							none	無 leaf 片語逐字命中；PROXI Format `Parameter Name` 逐字查無；已試之鍵 ['VC_BrkTyp', 'VC_BrkTyp']	
237	VC_CAPACITY_CSO							none	無 leaf 片語逐字命中；PROXI Format `Parameter Name` 逐字查無；已試之鍵 ['VC_CAPACITY_CSO', 'VC_CAPACITY_CSO']	
238	VC_ChassisType							none	無 leaf 片語逐字命中；PROXI Format `Parameter Name` 逐字查無；已試之鍵 ['VC_ChassisType', 'VC_ChassisType']	
239	VC_ChildDisp_Prsnt							none	無 leaf 片語逐字命中；PROXI Format `Parameter Name` 逐字查無；已試之鍵 ['VC_ChildDisp_Prsnt', 'VC_ChildDisp_Prsnt']	僅揭露，非錨：Disp
240	VC_CHILLER_PRSNT	Chiller Present						none	無 leaf 片語逐字命中；PROXI Format `Parameter Name` 逐字查無；已試之鍵 ['VC_CHILLER_PRSNT', 'VC_CHILLER_PRSNT']	
241	VC_CHMCM_Prsnt							none	無 leaf 片語逐字命中；PROXI Format `Parameter Name` 逐字查無；已試之鍵 ['VC_CHMCM_Prsnt', 'VC_CHMCM_Prsnt']	
242	VC_CHMSL_LINE_CSO							none	無 leaf 片語逐字命中；PROXI Format `Parameter Name` 逐字查無；已試之鍵 ['VC_CHMSL_LINE_CSO', 'VC_CHMSL_LINE_CSO']	
243	VC_CLK_DSP_CSO							none	無 leaf 片語逐字命中；PROXI Format `Parameter Name` 逐字查無；已試之鍵 ['VC_CLK_DSP_CSO', 'VC_CLK_DSP_CSO']	
244	VC_CMP_CAL_CSO							none	無 leaf 片語逐字命中；PROXI Format `Parameter Name` 逐字查無；已試之鍵 ['VC_CMP_CAL_CSO', 'VC_CMP_CAL_CSO']	
245	VC_CMP_DISP	Display compass heading present	PROXI					none	無 leaf 片語逐字命中；PROXI Format `Parameter Name` 逐字查無；已試之鍵 ['PROXI', 'VC_CMP_DISP', 'VC_CMP_DISP']	僅揭露，非錨：DISP,Disp
246	VC_CMP_VAR_CSO							none	無 leaf 片語逐字命中；PROXI Format `Parameter Name` 逐字查無；已試之鍵 ['VC_CMP_VAR_CSO', 'VC_CMP_VAR_CSO']	
247	VC_CMRA_GRDLNS_CSO							none	無 leaf 片語逐字命中；PROXI Format `Parameter Name` 逐字查無；已試之鍵 ['VC_CMRA_GRDLNS_CSO', 'VC_CMRA_GRDLNS_CSO']	
248	VC_CMS							none	無 leaf 片語逐字命中；PROXI Format `Parameter Name` 逐字查無；已試之鍵 ['VC_CMS', 'VC_CMS']	
249	VC_CONS_CSO							none	無 leaf 片語逐字命中；PROXI Format `Parameter Name` 逐字查無；已試之鍵 ['VC_CONS_CSO', 'VC_CONS_CSO']	
250	VC_COUNTRY	Vehicle Configuration by Destination Country (this has a different set of values than is in the PNet Local Signal ECUCfg3.EC_AudTel1b-<DEST> or PROXI Car_Configuration_16.Country_Code parameter.	Country_Code	Atlantis Signal Name=Country_Code	468	0 = World 2 = United States of America 4 = Canada 14 = Mexico 16 = China Mainland 18 = Bahrain 97 = Iraq 104 = Jordan 108 = Kuwait 112 = Lebanon 149 = Oman 160 = Qatar 165 = Saudi Arabia 204 = United Arab Emirates 215 = Yemen		proxi_param	無 leaf 片語逐字命中；PROXI Format 定義於 r468（Parameter Group: Car_Configuration_16；查詢鍵 Atlantis Signal Name=Country_Code）	
251	VC_CRUISE_PRSNT							none	無 leaf 片語逐字命中；PROXI Format `Parameter Name` 逐字查無；已試之鍵 ['VC_CRUISE_PRSNT', 'VC_CRUISE_PRSNT']	
252	VC_DampingPrsnt							none	無 leaf 片語逐字命中；PROXI Format `Parameter Name` 逐字查無；已試之鍵 ['VC_DampingPrsnt', 'VC_DampingPrsnt']	
253	VC_Dgtl_CHMSL_Cam_Prsnt							none	無 leaf 片語逐字命中；PROXI Format `Parameter Name` 逐字查無；已試之鍵 ['VC_Dgtl_CHMSL_Cam_Prsnt']	
254	VC_DISTANCE_CSO							none	無 leaf 片語逐字命中；PROXI Format `Parameter Name` 逐字查無；已試之鍵 ['VC_DISTANCE_CSO', 'VC_DISTANCE_CSO']	
255	VC_DNTMD_PRSNT		Donut_Mode	Atlantis Signal Name=Donut_Mode	984	0 = Absent 1 = Present		proxi_param	無 leaf 片語逐字命中；PROXI Format 定義於 r984（Parameter Group: Infotainment_Configuration_34；查詢鍵 Atlantis Signal Name=Donut_Mode）	
256	VC_DR_LK_CSO							none	無 leaf 片語逐字命中；PROXI Format `Parameter Name` 逐字查無；已試之鍵 ['VC_DR_LK_CSO', 'VC_DR_LK_CSO']	
257	VC_DR_UNLK_CSO							none	無 leaf 片語逐字命中；PROXI Format `Parameter Name` 逐字查無；已試之鍵 ['VC_DR_UNLK_CSO', 'VC_DR_UNLK_CSO']	
258	VC_DRAG_PRESENT	Drag Mode Present						none	無 leaf 片語逐字命中；PROXI Format `Parameter Name` 逐字查無；已試之鍵 ['VC_DRAG_PRESENT', 'VC_DRAG_PRESENT']	
259	VC_DrAlrPrsnt	Door alert feature present	PROXI					none	無 leaf 片語逐字命中；PROXI Format `Parameter Name` 逐字查無；已試之鍵 ['PROXI', 'VC_DrAlrPrsnt', 'VC_DrAlrPrsnt']	
260	VC_DRFTMD_PRSNT		Drift_Mode	Atlantis Signal Name=Drift_Mode	985	0 = Absent 1 = Present		proxi_param	無 leaf 片語逐字命中；PROXI Format 定義於 r985（Parameter Group: （空）；查詢鍵 Atlantis Signal Name=Drift_Mode）	
261	VC_DRIVEMODE_AUTO		Auto_Mode	Atlantis Signal Name=Auto_Mode	976	0 = Absent 1 = Present		proxi_param	無 leaf 片語逐字命中；PROXI Format 定義於 r976（Parameter Group: Infotainment_Configuration_33；查詢鍵 Atlantis Signal Name=Auto_Mode）	
262	VC_DRIVEMODE_BAJA		Baja_Mode	Atlantis Signal Name=Baja_Mode	982	0 = Absent 1 = Present		proxi_param	無 leaf 片語逐字命中；PROXI Format 定義於 r982（Parameter Group: （空）；查詢鍵 Atlantis Signal Name=Baja_Mode）	
263	VC_DRIVEMODE_CUSTOM		Custom_Mode	Atlantis Signal Name=Custom_Mode	979	0 = Absent 1 = Present		proxi_param	無 leaf 片語逐字命中；PROXI Format 定義於 r979（Parameter Group: （空）；查詢鍵 Atlantis Signal Name=Custom_Mode）	
264	VC_DRIVEMODE_DRAG		Drag_Mode	Atlantis Signal Name=Drag_Mode	937	0 = Absent 1 = Present		proxi_param	無 leaf 片語逐字命中；PROXI Format 定義於 r937（Parameter Group: （空）；查詢鍵 Atlantis Signal Name=Drag_Mode）	
265	VC_DRIVEMODE_MUDSAND		Mud_Sand_Mode	Atlantis Signal Name=Mud_Sand_Mode	981	0 = Absent 1 = Present		proxi_param	無 leaf 片語逐字命中；PROXI Format 定義於 r981（Parameter Group: （空）；查詢鍵 Atlantis Signal Name=Mud_Sand_Mode）	
266	VC_DRIVEMODE_ROCK		Rock_Mode	Atlantis Signal Name=Rock_Mode	983	0 = Absent 1 = Present		proxi_param	無 leaf 片語逐字命中；PROXI Format 定義於 r983（Parameter Group: （空）；查詢鍵 Atlantis Signal Name=Rock_Mode）	
267	VC_DRIVEMODE_SNOW		Snow_Mode	Atlantis Signal Name=Snow_Mode	980	0 = Absent 1 = Present		proxi_param	無 leaf 片語逐字命中；PROXI Format 定義於 r980（Parameter Group: （空）；查詢鍵 Atlantis Signal Name=Snow_Mode）	
268	VC_DRIVEMODE_SPORT		Sport_Mode	Atlantis Signal Name=Sport_Mode	939	0 = Absent 1 = Present		proxi_param	無 leaf 片語逐字命中；PROXI Format 定義於 r939（Parameter Group: （空）；查詢鍵 Atlantis Signal Name=Sport_Mode）	
269	VC_DRIVEMODE_TOW		Tow_Mode	Atlantis Signal Name=Tow_Mode	978	0 = Absent 1 = Present		proxi_param	無 leaf 片語逐字命中；PROXI Format 定義於 r978（Parameter Group: （空）；查詢鍵 Atlantis Signal Name=Tow_Mode）	
270	VC_DRIVEMODE_TRACK		Track_Mode	Atlantis Signal Name=Track_Mode	938	0 = Absent 1 = Present		proxi_param	無 leaf 片語逐字命中；PROXI Format 定義於 r938（Parameter Group: （空）；查詢鍵 Atlantis Signal Name=Track_Mode）	
271	VC_DRIVEMODE_WETSNOW		Wet_Snow_Mode	Atlantis Signal Name=Wet_Snow_Mode	977	0 = Absent 1 = Present		proxi_param	無 leaf 片語逐字命中；PROXI Format 定義於 r977（Parameter Group: （空）；查詢鍵 Atlantis Signal Name=Wet_Snow_Mode）	
272	VC_DRL_CSO							none	無 leaf 片語逐字命中；PROXI Format `Parameter Name` 逐字查無；已試之鍵 ['VC_DRL_CSO', 'VC_DRL_CSO']	
273	VC_DRVMD_Prsnt		Drive_Modes	Atlantis Signal Name=Drive_Modes	749	0 = Absent 1 = Present		proxi_param	無 leaf 片語逐字命中；PROXI Format 定義於 r749（Parameter Group: （空）；查詢鍵 Atlantis Signal Name=Drive_Modes）	
274	VC_DSBL_CLK_DISP	Disable display of radio clock	Digital_Clock	Atlantis Signal Name=Digital_Clock	492	0 = Absent 1 = Present		proxi_param	無 leaf 片語逐字命中；PROXI Format 定義於 r492（Parameter Group: （空）；查詢鍵 Atlantis Signal Name=Digital_Clock）	僅揭露，非錨：DISP,disp
275	VC_DST_Present							none	無 leaf 片語逐字命中；PROXI Format `Parameter Name` 逐字查無；已試之鍵 ['VC_DST_Present', 'VC_DST_Present']	
276	VC_DualFuelSens							none	無 leaf 片語逐字命中；PROXI Format `Parameter Name` 逐字查無；已試之鍵 ['VC_DualFuelSens', 'VC_DualFuelSens']	
277	VC_ECO_Indicator		ECO_Mode_Presence	Atlantis Signal Name=ECO_Mode_Presence	593	0 = Absent 1 = Present		proxi_param	無 leaf 片語逐字命中；PROXI Format 定義於 r593（Parameter Group: （空）；查詢鍵 Atlantis Signal Name=ECO_Mode_Presence）	
278	VC_EmodePrsnt	Emode feature present	Proxy.Advanced_Driver_Program_Kind_Button					none	無 leaf 片語逐字命中；PROXI Format `Parameter Name` 逐字查無；已試之鍵 ['Proxy.Advanced_Driver_Program_Kind_Button', 'VC_EmodePrsnt', 'VC_EmodePrsnt']	
279	VC_EngPowerDrvMd_Prsnt		ESC_Drive_Mode_Presence	Atlantis Signal Name=ESC_Drive_Mode_Presence	930	0 = Absent 1 = Present		proxi_param	無 leaf 片語逐字命中；PROXI Format 定義於 r930（Parameter Group: （空）；查詢鍵 Atlantis Signal Name=ESC_Drive_Mode_Presence）	
280	VC_ENTRY_EXIT_CSO							none	無 leaf 片語逐字命中；PROXI Format `Parameter Name` 逐字查無；已試之鍵 ['VC_ENTRY_EXIT_CSO', 'VC_ENTRY_EXIT_CSO']	
281	VC_EPB_SERV_CSO							none	無 leaf 片語逐字命中；PROXI Format `Parameter Name` 逐字查無；已試之鍵 ['VC_EPB_SERV_CSO', 'VC_EPB_SERV_CSO']	
282	VC_EPS_CSO							none	無 leaf 片語逐字命中；PROXI Format `Parameter Name` 逐字查無；已試之鍵 ['VC_EPS_CSO', 'VC_EPS_CSO']	
283	VC_ESAVE_CSO	See proxi file	eSave_Menu	Atlantis Signal Name=eSave_Menu	736	0 = Absent 1 = Without Target 2 = With Target		proxi_param	無 leaf 片語逐字命中；PROXI Format 定義於 r736（Parameter Group: （空）；查詢鍵 Atlantis Signal Name=eSave_Menu）	
284	VC_ESCDrvMd_Prsnt		ESC_Drive_Mode_Presence	Atlantis Signal Name=ESC_Drive_Mode_Presence	930	0 = Absent 1 = Present		proxi_param	無 leaf 片語逐字命中；PROXI Format 定義於 r930（Parameter Group: （空）；查詢鍵 Atlantis Signal Name=ESC_Drive_Mode_Presence）	
285	VC_FCW	Forward collision warning present	Forward_Collision_Mitigation	Atlantis Signal Name=Forward_Collision_Mitigation	403	0 = Absent 1 = Full Speed FCW with Pedestrian/Cyclist Emergency Braking 2 = Full Speed FCW with Pedestrian Emergency Braking 3 = Full Speed Forward Collision Warning with Mitigation		proxi_param	無 leaf 片語逐字命中；PROXI Format 定義於 r403（Parameter Group: （空）；查詢鍵 Atlantis Signal Name=Forward_Collision_Mitigation）	
286	VC_FCW_BRK_CSO							none	無 leaf 片語逐字命中；PROXI Format `Parameter Name` 逐字查無；已試之鍵 ['VC_FCW_BRK_CSO', 'VC_FCW_BRK_CSO']	
287	VC_FG_PRSNT							none	無 leaf 片語逐字命中；PROXI Format `Parameter Name` 逐字查無；已試之鍵 ['VC_FG_PRSNT', 'VC_FG_PRSNT']	
288	VC_FLSH_LMP_LK_CSO							none	無 leaf 片語逐字命中；PROXI Format `Parameter Name` 逐字查無；已試之鍵 ['VC_FLSH_LMP_LK_CSO', 'VC_FLSH_LMP_LK_CSO']	
289	VC_FUEL_SAV_CSO							none	無 leaf 片語逐字命中；PROXI Format `Parameter Name` 逐字查無；已試之鍵 ['VC_FUEL_SAV_CSO', 'VC_FUEL_SAV_CSO']	
290	VC_FULL_SPARE							none	無 leaf 片語逐字命中；PROXI Format `Parameter Name` 逐字查無；已試之鍵 ['VC_FULL_SPARE', 'VC_FULL_SPARE']	
291	VC_FullSpeedRange_FCW							none	無 leaf 片語逐字命中；PROXI Format `Parameter Name` 逐字查無；已試之鍵 ['VC_FullSpeedRange_FCW', 'VC_FullSpeedRange_FCW']	
292	VC_HANDS_FREE_LFT_CSO							none	無 leaf 片語逐字命中；PROXI Format `Parameter Name` 逐字查無；已試之鍵 ['VC_HANDS_FREE_LFT_CSO', 'VC_HANDS_FREE_LFT_CSO']	
293	VC_HANDS_FREE_SLDR_CSO							none	無 leaf 片語逐字命中；PROXI Format `Parameter Name` 逐字查無；已試之鍵 ['VC_HANDS_FREE_SLDR_CSO', 'VC_HANDS_FREE_SLDR_CSO']	
294	VC_HdRstPrsnt		Headrest_Dump_Present	Atlantis Signal Name=Headrest_Dump_Present	780	0 = Absent 1 = Present		proxi_param	無 leaf 片語逐字命中；PROXI Format 定義於 r780（Parameter Group: （空）；查詢鍵 Atlantis Signal Name=Headrest_Dump_Present）	
295	VC_HighOctane_PRSNT	High Octane Present						none	無 leaf 片語逐字命中；PROXI Format `Parameter Name` 逐字查無；已試之鍵 ['VC_HighOctane_PRSNT', 'VC_HighOctane_PRSNT']	
296	VC_HL_DRP_CSO							none	無 leaf 片語逐字命中；PROXI Format `Parameter Name` 逐字查無；已試之鍵 ['VC_HL_DRP_CSO', 'VC_HL_DRP_CSO']	
297	VC_HL_OFF_DLY_CSO							none	無 leaf 片語逐字命中；PROXI Format `Parameter Name` 逐字查無；已試之鍵 ['VC_HL_OFF_DLY_CSO', 'VC_HL_OFF_DLY_CSO']	
298	VC_HL_WPR_CSO							none	無 leaf 片語逐字命中；PROXI Format `Parameter Name` 逐字查無；已試之鍵 ['VC_HL_WPR_CSO', 'VC_HL_WPR_CSO']	
299	VC_HOLD_N_GO_CSO							none	無 leaf 片語逐字命中；PROXI Format `Parameter Name` 逐字查無；已試之鍵 ['VC_HOLD_N_GO_CSO', 'VC_HOLD_N_GO_CSO']	
300	VC_HRN_RMT_LWR_CSO							none	無 leaf 片語逐字命中；PROXI Format `Parameter Name` 逐字查無；已試之鍵 ['VC_HRN_RMT_LWR_CSO', 'VC_HRN_RMT_LWR_CSO']	
301	VC_IntEC_MIRR	EC Mirror Present	EC_Mirror	Atlantis Signal Name=EC_Mirror	327	0 = Absent 1 = Present		proxi_param	無 leaf 片語逐字命中；PROXI Format 定義於 r327（Parameter Group: （空）；查詢鍵 Atlantis Signal Name=EC_Mirror）	
302	VC_KG_Prsnt							none	無 leaf 片語逐字命中；PROXI Format `Parameter Name` 逐字查無；已試之鍵 ['VC_KG_Prsnt', 'VC_KG_Prsnt']	
303	VC_Launch_Control_PRSNT		Launch_Control	Atlantis Signal Name=Launch_Control	817	0 = Absent 1 = Present		proxi_param	無 leaf 片語逐字命中；PROXI Format 定義於 r817（Parameter Group: （空）；查詢鍵 Atlantis Signal Name=Launch_Control）	
304	VC_Launch_Control_PRSNT		Launch_Control_PRSNT					none	無 leaf 片語逐字命中；PROXI Format `Parameter Name` 逐字查無；已試之鍵 ['Launch_Control_PRSNT', 'VC_Launch_Control_PRSNT']	
305	VC_LDW							none	無 leaf 片語逐字命中；PROXI Format `Parameter Name` 逐字查無；已試之鍵 ['VC_LDW', 'VC_LDW']	
306	VC_LDW_TRQ_CSO							none	無 leaf 片語逐字命中；PROXI Format `Parameter Name` 逐字查無；已試之鍵 ['VC_LDW_TRQ_CSO', 'VC_LDW_TRQ_CSO']	
307	VC_LDW_WRN_CSO							none	無 leaf 片語逐字命中；PROXI Format `Parameter Name` 逐字查無；已試之鍵 ['VC_LDW_WRN_CSO', 'VC_LDW_WRN_CSO']	
308	VC_LGHT_RMT_LWR_CSO							none	無 leaf 片語逐字命中；PROXI Format `Parameter Name` 逐字查無；已試之鍵 ['VC_LGHT_RMT_LWR_CSO', 'VC_LGHT_RMT_LWR_CSO']	
309	VC_LgtLdPressFtTr	Light Load Inflation Pressure Front Tire	PROXI					none	無 leaf 片語逐字命中；PROXI Format `Parameter Name` 逐字查無；已試之鍵 ['PROXI', 'VC_LgtLdPressFtTr', 'VC_LgtLdPressFtTr']	
310	VC_LgtLdPressRrTr	Light Load Inflation Pressure Rear Tire	PROXI					none	無 leaf 片語逐字命中；PROXI Format `Parameter Name` 逐字查無；已試之鍵 ['PROXI', 'VC_LgtLdPressRrTr', 'VC_LgtLdPressRrTr']	
311	VC_LHD_RHD							none	無 leaf 片語逐字命中；PROXI Format `Parameter Name` 逐字查無；已試之鍵 ['VC_LHD_RHD', 'VC_LHD_RHD']	
312	VC_Liftgate_Trunk							none	無 leaf 片語逐字命中；PROXI Format `Parameter Name` 逐字查無；已試之鍵 ['VC_Liftgate_Trunk', 'VC_Liftgate_Trunk']	
313	VC_LineLock_PRSNT	Line Lock Present						none	無 leaf 片語逐字命中；PROXI Format `Parameter Name` 逐字查無；已試之鍵 ['VC_LineLock_PRSNT', 'VC_LineLock_PRSNT']	
314	VC_LUCI_PRSNT							none	無 leaf 片語逐字命中；PROXI Format `Parameter Name` 逐字查無；已試之鍵 ['VC_LUCI_PRSNT', 'VC_LUCI_PRSNT']	
315	VC_MaseratiMd							none	無 leaf 片語逐字命中；PROXI Format `Parameter Name` 逐字查無；已試之鍵 ['VC_MaseratiMd', 'VC_MaseratiMd']	
316	VC_MaxLdPressFtTr	Max Load Inflation Pressure Front Tire	PROXI					none	無 leaf 片語逐字命中；PROXI Format `Parameter Name` 逐字查無；已試之鍵 ['PROXI', 'VC_MaxLdPressFtTr', 'VC_MaxLdPressFtTr']	
317	VC_MaxLdPressRrTr	Max Load Inflation Pressure Rear Tire	PROXI					none	無 leaf 片語逐字命中；PROXI Format `Parameter Name` 逐字查無；已試之鍵 ['PROXI', 'VC_MaxLdPressRrTr', 'VC_MaxLdPressRrTr']	
318	VC_MemoryDRVMD_Prsnt		MemoryDRVMD_Prsnt					none	無 leaf 片語逐字命中；PROXI Format `Parameter Name` 逐字查無；已試之鍵 ['MemoryDRVMD_Prsnt', 'VC_MemoryDRVMD_Prsnt']	
319	VC_MODEL_TYPE		MODEL_TYPE					none	無 leaf 片語逐字命中；PROXI Format `Parameter Name` 逐字查無；已試之鍵 ['MODEL_TYPE', 'VC_MODEL_TYPE']	
320	VC_MODEL_YEAR		Car_Configuration_21.Model_Year					none	無 leaf 片語逐字命中；PROXI Format `Parameter Name` 逐字查無；已試之鍵 ['Car_Configuration_21.Model_Year', 'Proxi_Model_Year', 'VC_MODEL_YEAR']	
321	VC_NAV_TRN_CSO							none	無 leaf 片語逐字命中；PROXI Format `Parameter Name` 逐字查無；已試之鍵 ['VC_NAV_TRN_CSO', 'VC_NAV_TRN_CSO']	
322	VC_NonReg_TPIS							none	無 leaf 片語逐字命中；PROXI Format `Parameter Name` 逐字查無；已試之鍵 ['VC_NonReg_TPIS', 'VC_NonReg_TPIS']	
323	VC_OffRoad							none	無 leaf 片語逐字命中；PROXI Format `Parameter Name` 逐字查無；已試之鍵 ['VC_OffRoad', 'VC_OffRoad']	
324	VC_OFFroad_Camera	Off Road Camera Present						none	無 leaf 片語逐字命中；PROXI Format `Parameter Name` 逐字查無；已試之鍵 ['VC_OFFroad_Camera', 'VC_OFFroad_Camera']	僅揭露，非錨：Camera
325	VC_OffRoadPg	Off Road Pages Present	Off_Road_Pages	Atlantis Signal Name=Off_Road_Pages	567	0 = Absent 1 = Present		proxi_param	無 leaf 片語逐字命中；PROXI Format 定義於 r567（Parameter Group: （空）；查詢鍵 Atlantis Signal Name=Off_Road_Pages）	
326	VC_PADS_Prsnt							none	無 leaf 片語逐字命中；PROXI Format `Parameter Name` 逐字查無；已試之鍵 ['VC_PADS_Prsnt', 'VC_PADS_Prsnt']	
327	VC_PBTyp							none	無 leaf 片語逐字命中；PROXI Format `Parameter Name` 逐字查無；已試之鍵 ['VC_PBTyp', 'VC_PBTyp']	
328	VC_PDDL_PRSNT							none	無 leaf 片語逐字命中；PROXI Format `Parameter Name` 逐字查無；已試之鍵 ['VC_PDDL_PRSNT', 'VC_PDDL_PRSNT']	
329	VC_PdlsMdPrsnt		Paddle_Shifter_Menu	Atlantis Signal Name=Paddle_Shifter_Menu	863	0 = Absent 1 = Present		proxi_param	無 leaf 片語逐字命中；PROXI Format 定義於 r863（Parameter Group: （空）；查詢鍵 Atlantis Signal Name=Paddle_Shifter_Menu）	
330	VC_PE_Prsnt							none	無 leaf 片語逐字命中；PROXI Format `Parameter Name` 逐字查無；已試之鍵 ['VC_PE_Prsnt', 'VC_PE_Prsnt']	
331	VC_PerfShftInd_Prsnt		Performance_Shift_Indicator	Atlantis Signal Name=Performance_Shift_Indicator	918	0 = Absent 1 = Present		proxi_param	無 leaf 片語逐字命中；PROXI Format 定義於 r918（Parameter Group: （空）；查詢鍵 Atlantis Signal Name=Performance_Shift_Indicator）	
332	VC_PLG_CHM_CSO							none	無 leaf 片語逐字命中；PROXI Format `Parameter Name` 逐字查無；已試之鍵 ['VC_PLG_CHM_CSO', 'VC_PLG_CHM_CSO']	
333	VC_POWER_CSO							none	無 leaf 片語逐字命中；PROXI Format `Parameter Name` 逐字查無；已試之鍵 ['VC_POWER_CSO', 'VC_POWER_CSO']	
334	VC_PP_Prsnt	Performance Pages Present (1=present)	Performance_Pages	Atlantis Signal Name=Performance_Pages	691	0 = Absent 1 = Present on VP 2 = Present on IPC 3 = Present on IPC and VP		proxi_param	無 leaf 片語逐字命中；PROXI Format 定義於 r691（Parameter Group: （空）；查詢鍵 Atlantis Signal Name=Performance_Pages）	
335	VC_Prem_TPM							none	無 leaf 片語逐字命中；PROXI Format `Parameter Name` 逐字查無；已試之鍵 ['VC_Prem_TPM', 'VC_Prem_TPM']	
336	VC_PRESSURE_CSO							none	無 leaf 片語逐字命中；PROXI Format `Parameter Name` 逐字查無；已試之鍵 ['VC_PRESSURE_CSO', 'VC_PRESSURE_CSO']	
337	VC_PRK_AST_BRK_CSO							none	無 leaf 片語逐字命中；PROXI Format `Parameter Name` 逐字查無；已試之鍵 ['VC_PRK_AST_BRK_CSO', 'VC_PRK_AST_BRK_CSO']	
338	VC_PRK_AST_CSO							none	無 leaf 片語逐字命中；PROXI Format `Parameter Name` 逐字查無；已試之鍵 ['VC_PRK_AST_CSO', 'VC_PRK_AST_CSO']	
339	VC_PRK_FT_VOL_CSO							none	無 leaf 片語逐字命中；PROXI Format `Parameter Name` 逐字查無；已試之鍵 ['VC_PRK_FT_VOL_CSO', 'VC_PRK_FT_VOL_CSO']	
340	VC_PRK_RR_VOL_CSO							none	無 leaf 片語逐字命中；PROXI Format `Parameter Name` 逐字查無；已試之鍵 ['VC_PRK_RR_VOL_CSO', 'VC_PRK_RR_VOL_CSO']	
341	VC_PTO_CSO							none	無 leaf 片語逐字命中；PROXI Format `Parameter Name` 逐字查無；已試之鍵 ['VC_PTO_CSO', 'VC_PTO_CSO']	
342	VC_PTS_Config							none	無 leaf 片語逐字命中；PROXI Format `Parameter Name` 逐字查無；已試之鍵 ['VC_PTS_Config', 'VC_PTS_Config']	
343	VC_PWR_FLD_MRR_CSO							none	無 leaf 片語逐字命中；PROXI Format `Parameter Name` 逐字查無；已試之鍵 ['VC_PWR_FLD_MRR_CSO', 'VC_PWR_FLD_MRR_CSO']	
344	VC_PwrIvtrTyp							none	無 leaf 片語逐字命中；PROXI Format `Parameter Name` 逐字查無；已試之鍵 ['VC_PwrIvtrTyp', 'VC_PwrIvtrTyp']	
345	VC_RAIN_WPR_CSO							none	無 leaf 片語逐字命中；PROXI Format `Parameter Name` 逐字查無；已試之鍵 ['VC_RAIN_WPR_CSO', 'VC_RAIN_WPR_CSO']	
346	VC_RainSnsPrsnt							none	無 leaf 片語逐字命中；PROXI Format `Parameter Name` 逐字查無；已試之鍵 ['VC_RainSnsPrsnt', 'VC_RainSnsPrsnt']	
347	VC_RCOPTNS_Prsnt		RCOPTNS_Prsnt					none	無 leaf 片語逐字命中；PROXI Format `Parameter Name` 逐字查無；已試之鍵 ['RCOPTNS_Prsnt', 'VC_RCOPTNS_Prsnt']	
348	VC_REAR_CMRA_DLY_CSO							none	無 leaf 片語逐字命中；PROXI Format `Parameter Name` 逐字查無；已試之鍵 ['VC_REAR_CMRA_DLY_CSO', 'VC_REAR_CMRA_DLY_CSO']	
349	VC_RedKey							none	無 leaf 片語逐字命中；PROXI Format `Parameter Name` 逐字查無；已試之鍵 ['VC_RedKey', 'VC_RedKey']	
350	VC_RemStPrsnt	Remote start present	PROXI					none	無 leaf 片語逐字命中；PROXI Format `Parameter Name` 逐字查無；已試之鍵 ['PROXI', 'VC_RemStPrsnt', 'VC_RemStPrsnt']	
351	VC_RemStPrsnt							none	無 leaf 片語逐字命中；PROXI Format `Parameter Name` 逐字查無；已試之鍵 ['VC_RemStPrsnt', 'VC_RemStPrsnt']	
352	VC_RKE_MEM_CSO							none	無 leaf 片語逐字命中；PROXI Format `Parameter Name` 逐字查無；已試之鍵 ['VC_RKE_MEM_CSO', 'VC_RKE_MEM_CSO']	
353	VC_RKE_PRSNT	RKE system present	PROXI					none	無 leaf 片語逐字命中；PROXI Format `Parameter Name` 逐字查無；已試之鍵 ['PROXI', 'VC_RKE_PRSNT', 'VC_RKE_PRSNT']	
354	VC_RKE_UNLK_CSO							none	無 leaf 片語逐字命中；PROXI Format `Parameter Name` 逐字查無；已試之鍵 ['VC_RKE_UNLK_CSO', 'VC_RKE_UNLK_CSO']	
355	VC_RR_DuallyPrsnt							none	無 leaf 片語逐字命中；PROXI Format `Parameter Name` 逐字查無；已試之鍵 ['VC_RR_DuallyPrsnt', 'VC_RR_DuallyPrsnt']	
356	VC_RunFlatTirePrsnt							none	無 leaf 片語逐字命中；PROXI Format `Parameter Name` 逐字查無；已試之鍵 ['VC_RunFlatTirePrsnt', 'VC_RunFlatTirePrsnt']	
357	VC_RVCM_Prsnt							none	無 leaf 片語逐字命中；PROXI Format `Parameter Name` 逐字查無；已試之鍵 ['VC_RVCM_Prsnt', 'VC_RVCM_Prsnt']	僅揭露，非錨：RVC
358	VC_SBR_Prsnt							none	無 leaf 片語逐字命中；PROXI Format `Parameter Name` 逐字查無；已試之鍵 ['VC_SBR_Prsnt', 'VC_SBR_Prsnt']	
359	VC_SCR_Prsnt							none	無 leaf 片語逐字命中；PROXI Format `Parameter Name` 逐字查無；已試之鍵 ['VC_SCR_Prsnt', 'VC_SCR_Prsnt']	
360	VC_SecLkPrsnt							none	無 leaf 片語逐字命中；PROXI Format `Parameter Name` 逐字查無；已試之鍵 ['VC_SecLkPrsnt', 'VC_SecLkPrsnt']	
361	VC_SecPrkPrsnt	Secure park feature present						none	無 leaf 片語逐字命中；PROXI Format `Parameter Name` 逐字查無；已試之鍵 ['VC_SecPrkPrsnt', 'VC_SecPrkPrsnt']	
362	VC_ShftInd_Prsnt		Gear_Shift_Indicator	Atlantis Signal Name=Gear_Shift_Indicator	333	0 = Absent 1 = Present		proxi_param	無 leaf 片語逐字命中；PROXI Format 定義於 r333（Parameter Group: （空）；查詢鍵 Atlantis Signal Name=Gear_Shift_Indicator）	
363	VC_SKIM_PRSNT							none	無 leaf 片語逐字命中；PROXI Format `Parameter Name` 逐字查無；已試之鍵 ['VC_SKIM_PRSNT', 'VC_SKIM_PRSNT']	
364	VC_SLD_DR_ALRT_CSO							none	無 leaf 片語逐字命中；PROXI Format `Parameter Name` 逐字查無；已試之鍵 ['VC_SLD_DR_ALRT_CSO', 'VC_SLD_DR_ALRT_CSO']	
365	VC_SLD_DR_ALRT_CSO							none	無 leaf 片語逐字命中；PROXI Format `Parameter Name` 逐字查無；已試之鍵 ['VC_SLD_DR_ALRT_CSO', 'VC_SLD_DR_ALRT_CSO']	
366	VC_SLD_DR_CHM_CSO							none	無 leaf 片語逐字命中；PROXI Format `Parameter Name` 逐字查無；已試之鍵 ['VC_SLD_DR_CHM_CSO', 'VC_SLD_DR_CHM_CSO']	
367	VC_SLD_DR_CHM_CSO							none	無 leaf 片語逐字命中；PROXI Format `Parameter Name` 逐字查無；已試之鍵 ['VC_SLD_DR_CHM_CSO', 'VC_SLD_DR_CHM_CSO']	
368	VC_SpdLmt_PRSNT							none	無 leaf 片語逐字命中；PROXI Format `Parameter Name` 逐字查無；已試之鍵 ['VC_SpdLmt_PRSNT', 'VC_SpdLmt_PRSNT']	
369	VC_SpecialPKG	VC_SpecialPKG	Special_Package_VP	Atlantis Signal Name=Special_Package_VP	596	0 = No Package/None 141 = DT Base 142 = DT Limited 143 = DT Longhorn Brown 144 = DT Longhorn Black 145 = DT Rebel 146 = DT TRX 147 = DT Tungsten		proxi_param	無 leaf 片語逐字命中；PROXI Format 定義於 r596（Parameter Group: Infotainment_Configuration_14；查詢鍵 Atlantis Signal Name=Special_Package_VP）	
370	VC_SpecialPKG_IC	Special Package for Cluster	Not Applicable					none	無 leaf 片語逐字命中；PROXI Format `Parameter Name` 逐字查無；已試之鍵 ['Not Applicable', 'VC_SpecialPKG_IC', 'VC_SpecialPKG_IC']	
371	VC_SPEED_CSO							none	無 leaf 片語逐字命中；PROXI Format `Parameter Name` 逐字查無；已試之鍵 ['VC_SPEED_CSO', 'VC_SPEED_CSO']	
372	VC_SPORT_PRSNT							none	無 leaf 片語逐字命中；PROXI Format `Parameter Name` 逐字查無；已試之鍵 ['VC_SPORT_PRSNT', 'VC_SPORT_PRSNT']	
373	VC_SRT_PRSNT	Vehicle is an SRT	SRT	Atlantis Signal Name=SRT	490	0 = Absent 1 = Present		proxi_param	無 leaf 片語逐字命中；PROXI Format 定義於 r490（Parameter Group: （空）；查詢鍵 Atlantis Signal Name=SRT）	
374	VC_Strng_Rt_0							none	無 leaf 片語逐字命中；PROXI Format `Parameter Name` 逐字查無；已試之鍵 ['VC_Strng_Rt_0', 'VC_Strng_Rt_0']	
375	VC_Strng_Rt_Mns1							none	無 leaf 片語逐字命中；PROXI Format `Parameter Name` 逐字查無；已試之鍵 ['VC_Strng_Rt_Mns1', 'VC_Strng_Rt_Mns1']	
376	VC_Strng_Rt_Mns2							none	無 leaf 片語逐字命中；PROXI Format `Parameter Name` 逐字查無；已試之鍵 ['VC_Strng_Rt_Mns2', 'VC_Strng_Rt_Mns2']	
377	VC_Strng_Rt_pls1							none	無 leaf 片語逐字命中；PROXI Format `Parameter Name` 逐字查無；已試之鍵 ['VC_Strng_Rt_pls1', 'VC_Strng_Rt_pls1']	
378	VC_Strng_Rt_pls2							none	無 leaf 片語逐字命中；PROXI Format `Parameter Name` 逐字查無；已試之鍵 ['VC_Strng_Rt_pls2', 'VC_Strng_Rt_pls2']	
379	VC_Strng_Rt_pls3							none	無 leaf 片語逐字命中；PROXI Format `Parameter Name` 逐字查無；已試之鍵 ['VC_Strng_Rt_pls3', 'VC_Strng_Rt_pls3']	
380	VC_Strng_Rt_pls4							none	無 leaf 片語逐字命中；PROXI Format `Parameter Name` 逐字查無；已試之鍵 ['VC_Strng_Rt_pls4', 'VC_Strng_Rt_pls4']	
381	VC_Strng_Rt_pls5							none	無 leaf 片語逐字命中；PROXI Format `Parameter Name` 逐字查無；已試之鍵 ['VC_Strng_Rt_pls5', 'VC_Strng_Rt_pls5']	
382	VC_SunShade_Present	Vehicle equipped w/SunShade (1=present)	PROXI					none	無 leaf 片語逐字命中；PROXI Format `Parameter Name` 逐字查無；已試之鍵 ['PROXI', 'VC_SunShade_Present', 'VC_SunShade_Present']	
383	VC_SuspPrsnt							none	無 leaf 片語逐字命中；PROXI Format `Parameter Name` 逐字查無；已試之鍵 ['VC_SuspPrsnt', 'VC_SuspPrsnt']	
384	VC_SVC_DELAY_CSO							none	無 leaf 片語逐字命中；PROXI Format `Parameter Name` 逐字查無；已試之鍵 ['VC_SVC_DELAY_CSO', 'VC_SVC_DELAY_CSO']	
385	VC_SVC_DELAY_CSO							none	無 leaf 片語逐字命中；PROXI Format `Parameter Name` 逐字查無；已試之鍵 ['VC_SVC_DELAY_CSO', 'VC_SVC_DELAY_CSO']	
386	VC_SVC_GRIDLINES_CSO							none	無 leaf 片語逐字命中；PROXI Format `Parameter Name` 逐字查無；已試之鍵 ['VC_SVC_GRIDLINES_CSO', 'VC_SVC_GRIDLINES_CSO']	
387	VC_SVC_Prsnt							none	無 leaf 片語逐字命中；PROXI Format `Parameter Name` 逐字查無；已試之鍵 ['VC_SVC_Prsnt', 'VC_SVC_Prsnt']	
388	VC_TcaseTyp	Tranfser Case type	Tcase_Type	Atlantis Signal Name=Tcase_Type	905	0 = Absent 1 = Active 2 = Part Time 3 = SRT		proxi_param	無 leaf 片語逐字命中；PROXI Format 定義於 r905（Parameter Group: （空）；查詢鍵 Atlantis Signal Name=Tcase_Type）	
389	VC_TEEN_AUTO_HB_CSO							none	無 leaf 片語逐字命中；PROXI Format `Parameter Name` 逐字查無；已試之鍵 ['VC_TEEN_AUTO_HB_CSO', 'VC_TEEN_AUTO_HB_CSO']	
390	VC_TEEN_BLIND_SPOT_CSO							none	無 leaf 片語逐字命中；PROXI Format `Parameter Name` 逐字查無；已試之鍵 ['VC_TEEN_BLIND_SPOT_CSO', 'VC_TEEN_BLIND_SPOT_CSO']	
391	VC_TEEN_FCW_BRK_CSO							none	無 leaf 片語逐字命中；PROXI Format `Parameter Name` 逐字查無；已試之鍵 ['VC_TEEN_FCW_BRK_CSO', 'VC_TEEN_FCW_BRK_CSO']	
392	VC_TEEN_FCW_BRK_CSO							none	無 leaf 片語逐字命中；PROXI Format `Parameter Name` 逐字查無；已試之鍵 ['VC_TEEN_FCW_BRK_CSO', 'VC_TEEN_FCW_BRK_CSO']	
393	VC_TEEN_FCW_SENS_CSO							none	無 leaf 片語逐字命中；PROXI Format `Parameter Name` 逐字查無；已試之鍵 ['VC_TEEN_FCW_SENS_CSO', 'VC_TEEN_FCW_SENS_CSO']	
394	VC_TEEN_FCW_SENS_CSO							none	無 leaf 片語逐字命中；PROXI Format `Parameter Name` 逐字查無；已試之鍵 ['VC_TEEN_FCW_SENS_CSO', 'VC_TEEN_FCW_SENS_CSO']	
395	VC_TEEN_FT_PRK_VOL_CSO							none	無 leaf 片語逐字命中；PROXI Format `Parameter Name` 逐字查無；已試之鍵 ['VC_TEEN_FT_PRK_VOL_CSO', 'VC_TEEN_FT_PRK_VOL_CSO']	
396	VC_TEEN_FT_PRK_VOL_CSO							none	無 leaf 片語逐字命中；PROXI Format `Parameter Name` 逐字查無；已試之鍵 ['VC_TEEN_FT_PRK_VOL_CSO', 'VC_TEEN_FT_PRK_VOL_CSO']	
397	VC_TEEN_FUEL_POPUP_CSO							none	無 leaf 片語逐字命中；PROXI Format `Parameter Name` 逐字查無；已試之鍵 ['VC_TEEN_FUEL_POPUP_CSO', 'VC_TEEN_FUEL_POPUP_CSO']	
398	VC_TEEN_FUEL_WRN_CSO							none	無 leaf 片語逐字命中；PROXI Format `Parameter Name` 逐字查無；已試之鍵 ['VC_TEEN_FUEL_WRN_CSO', 'VC_TEEN_FUEL_WRN_CSO']	
399	VC_TEEN_LGHT_WPR_CSO							none	無 leaf 片語逐字命中；PROXI Format `Parameter Name` 逐字查無；已試之鍵 ['VC_TEEN_LGHT_WPR_CSO', 'VC_TEEN_LGHT_WPR_CSO']	
400	VC_TEEN_MAX_SPEED_CSO							none	無 leaf 片語逐字命中；PROXI Format `Parameter Name` 逐字查無；已試之鍵 ['VC_TEEN_MAX_SPEED_CSO', 'VC_TEEN_MAX_SPEED_CSO']	
401	VC_TEEN_PLG_CHIME_CSO							none	無 leaf 片語逐字命中；PROXI Format `Parameter Name` 逐字查無；已試之鍵 ['VC_TEEN_PLG_CHIME_CSO', 'VC_TEEN_PLG_CHIME_CSO']	
402	VC_TEEN_PLG_CHIME_CSO							none	無 leaf 片語逐字命中；PROXI Format `Parameter Name` 逐字查無；已試之鍵 ['VC_TEEN_PLG_CHIME_CSO', 'VC_TEEN_PLG_CHIME_CSO']	
403	VC_TEEN_PRK_ASST_CSO							none	無 leaf 片語逐字命中；PROXI Format `Parameter Name` 逐字查無；已試之鍵 ['VC_TEEN_PRK_ASST_CSO', 'VC_TEEN_PRK_ASST_CSO']	
404	VC_TEEN_PRK_ASST_CSO							none	無 leaf 片語逐字命中；PROXI Format `Parameter Name` 逐字查無；已試之鍵 ['VC_TEEN_PRK_ASST_CSO', 'VC_TEEN_PRK_ASST_CSO']	
405	VC_TEEN_RAIN_WPR_CSO							none	無 leaf 片語逐字命中；PROXI Format `Parameter Name` 逐字查無；已試之鍵 ['VC_TEEN_RAIN_WPR_CSO', 'VC_TEEN_RAIN_WPR_CSO']	
406	VC_TEEN_RR_PRK_VOL_CSO							none	無 leaf 片語逐字命中；PROXI Format `Parameter Name` 逐字查無；已試之鍵 ['VC_TEEN_RR_PRK_VOL_CSO', 'VC_TEEN_RR_PRK_VOL_CSO']	
407	VC_TEEN_SLD_DR_ALRT_CSO							none	無 leaf 片語逐字命中；PROXI Format `Parameter Name` 逐字查無；已試之鍵 ['VC_TEEN_SLD_DR_ALRT_CSO', 'VC_TEEN_SLD_DR_ALRT_CSO']	
408	VC_TEEN_SLD_DR_CHM_CSO							none	無 leaf 片語逐字命中；PROXI Format `Parameter Name` 逐字查無；已試之鍵 ['VC_TEEN_SLD_DR_CHM_CSO', 'VC_TEEN_SLD_DR_CHM_CSO']	
409	VC_TeenKey							none	無 leaf 片語逐字命中；PROXI Format `Parameter Name` 逐字查無；已試之鍵 ['VC_TeenKey', 'VC_TeenKey']	
410	VC_TeenKey							none	無 leaf 片語逐字命中；PROXI Format `Parameter Name` 逐字查無；已試之鍵 ['VC_TeenKey', 'VC_TeenKey']	
411	VC_TEMP_CSO							none	無 leaf 片語逐字命中；PROXI Format `Parameter Name` 逐字查無；已試之鍵 ['VC_TEMP_CSO', 'VC_TEMP_CSO']	
412	VC_TEMP_DISP							none	無 leaf 片語逐字命中；PROXI Format `Parameter Name` 逐字查無；已試之鍵 ['VC_TEMP_DISP', 'VC_TEMP_DISP']	僅揭露，非錨：DISP
413	VC_ThatchamPrsnt							none	無 leaf 片語逐字命中；PROXI Format `Parameter Name` 逐字查無；已試之鍵 ['VC_ThatchamPrsnt', 'VC_ThatchamPrsnt']	
414	VC_TIRE_CIRCUMF	Dynamic tire circumference	Proxi: Tyre_Size					none	無 leaf 片語逐字命中；PROXI Format `Parameter Name` 逐字查無；已試之鍵 ['Proxi', 'Proxi_Tyre_Size', 'VC_TIRE_CIRCUMF']	
415	VC_TireCircumfFT							none	無 leaf 片語逐字命中；PROXI Format `Parameter Name` 逐字查無；已試之鍵 ['VC_TireCircumfFT', 'VC_TireCircumfFT']	
416	VC_TLC_PRSNT	See dbc	Trailer_Light_Check	Atlantis Signal Name=Trailer_Light_Check	899	0 = Absent 1 = Type 1 (Radio) 2 = Type 2 3 = Type 3		proxi_param	無 leaf 片語逐字命中；PROXI Format 定義於 r899（Parameter Group: Car_Configuration_52；查詢鍵 Atlantis Signal Name=Trailer_Light_Check）	
417	VC_TLT_MRR_CSO							none	無 leaf 片語逐字命中；PROXI Format `Parameter Name` 逐字查無；已試之鍵 ['VC_TLT_MRR_CSO', 'VC_TLT_MRR_CSO']	
418	VC_TORQUE_CSO							none	無 leaf 片語逐字命中；PROXI Format `Parameter Name` 逐字查無；已試之鍵 ['VC_TORQUE_CSO', 'VC_TORQUE_CSO']	
419	VC_TrailerTPM_Prsnt		Trailer_TPMS	Atlantis Signal Name=Trailer_TPMS	897	0 = Absent 1 = Present		proxi_param	無 leaf 片語逐字命中；PROXI Format 定義於 r897（Parameter Group: （空）；查詢鍵 Atlantis Signal Name=Trailer_TPMS）	
420	VC_Trans_Equipped		Not Applicable					none	無 leaf 片語逐字命中；PROXI Format `Parameter Name` 逐字查無；已試之鍵 ['Not Applicable', 'VC_Trans_Equipped', 'VC_Trans_Equipped']	
421	VC_Trans_Equipped	Transmission manual or automatic	Gear_Box_Type	Atlantis Signal Name=Gear_Box_Type	443	0 = Not valid 1 = MTX 2 = MTA (Robotized Gearbox) 3 = DDCT 4 = ATX 5 = CVT		proxi_param	無 leaf 片語逐字命中；PROXI Format 定義於 r443（Parameter Group: Powertrain_Configuration_4；查詢鍵 Atlantis Signal Name=Gear_Box_Type）	
422	VC_Trans_N_Hold_Prsnt							none	無 leaf 片語逐字命中；PROXI Format `Parameter Name` 逐字查無；已試之鍵 ['VC_Trans_N_Hold_Prsnt', 'VC_Trans_N_Hold_Prsnt']	
423	VC_Trans_N_Hold_Prsnt							none	無 leaf 片語逐字命中；PROXI Format `Parameter Name` 逐字查無；已試之鍵 ['VC_Trans_N_Hold_Prsnt', 'VC_Trans_N_Hold_Prsnt']	
424	VC_TransType	Automatic transmission type	Gear_Box_Type_Variant	Atlantis Signal Name=Gear_Box_Type_Variant	442	0 = Invalid 1 = Type1 (8HP75) 2 = Type2 (850RE) 3 = Type3 (8HP95) 4 = Type4 (8HP75 PHEV) 5 = Type5 (8AP1075) 6 = Type6 (8AP430) 7 = Type7 (8AP850)		proxi_param	無 leaf 片語逐字命中；PROXI Format 定義於 r442（Parameter Group: （空）；查詢鍵 Atlantis Signal Name=Gear_Box_Type_Variant）	
425	VC_TRLR_CSO							none	無 leaf 片語逐字命中；PROXI Format `Parameter Name` 逐字查無；已試之鍵 ['VC_TRLR_CSO', 'VC_TRLR_CSO']	
426	VC_TRLR_NAME_CSO							none	無 leaf 片語逐字命中；PROXI Format `Parameter Name` 逐字查無；已試之鍵 ['VC_TRLR_NAME_CSO', 'VC_TRLR_NAME_CSO']	
427	VC_TRNS_MD_CSO							none	無 leaf 片語逐字命中；PROXI Format `Parameter Name` 逐字查無；已試之鍵 ['VC_TRNS_MD_CSO', 'VC_TRNS_MD_CSO']	
428	VC_TrnsDrvMdPrsnt		Transmission_Drive_Mode_Presence	Atlantis Signal Name=Transmission_Drive_Mode_Presence	929	0 = Absent 1 = Present		proxi_param	無 leaf 片語逐字命中；PROXI Format 定義於 r929（Parameter Group: （空）；查詢鍵 Atlantis Signal Name=Transmission_Drive_Mode_Presence）	
429	VC_TSBM_Prsnt	VC_TSBM_Prsnt	Drive_Style_Selector	Atlantis Signal Name=Drive_Style_Selector	414	0 = Absent 1 = Drive Selector 2 = Terrain Selector		proxi_param	無 leaf 片語逐字命中；PROXI Format 定義於 r414（Parameter Group: （空）；查詢鍵 Atlantis Signal Name=Drive_Style_Selector）	
430	VC_UNIT_SET_CSO	Unit Set (Global Units) Present						none	無 leaf 片語逐字命中；PROXI Format `Parameter Name` 逐字查無；已試之鍵 ['VC_UNIT_SET_CSO', 'VC_UNIT_SET_CSO']	
431	VC_US_METRIC_CSO							none	無 leaf 片語逐字命中；PROXI Format `Parameter Name` 逐字查無；已試之鍵 ['VC_US_METRIC_CSO', 'VC_US_METRIC_CSO']	
432	VC_VEH_BRAND	Vehicle brand type	Proxi: Brand_Configuration_2					none	無 leaf 片語逐字命中；PROXI Format `Parameter Name` 逐字查無；已試之鍵 ['Proxi', 'Proxi_Brand_Configuration_2', 'VC_VEH_BRAND']	
433	VC_VEH_LINE	Vehicle line	Car_Configuration_15.Vehicle_Line_Configuration					none	無 leaf 片語逐字命中；PROXI Format `Parameter Name` 逐字查無；已試之鍵 ['Car_Configuration_15.Vehicle_Line_Configuration', 'Proxi_Vehicle_Line_Configuration', 'VC_VEH_LINE']	
434	VC_VehCfg1_Stat	Configuration messages status 1	N/A					none	無 leaf 片語逐字命中；PROXI Format `Parameter Name` 逐字查無；已試之鍵 ['N/A', 'VC_VehCfg1_Stat', 'VC_VehCfg1_Stat']	
435	VC_VehCfg2_Stat	Configuration messages status 2	PROXI					none	無 leaf 片語逐字命中；PROXI Format `Parameter Name` 逐字查無；已試之鍵 ['PROXI', 'VC_VehCfg2_Stat', 'VC_VehCfg2_Stat']	
436	VC_VehCfg3_Stat	Configuration messages status 3	Not Applicable					none	無 leaf 片語逐字命中；PROXI Format `Parameter Name` 逐字查無；已試之鍵 ['Not Applicable', 'VC_VehCfg3_Stat', 'VC_VehCfg3_Stat']	
437	VC_VehCfg4_Stat	To verify VehCfg4 is programmed						none	無 leaf 片語逐字命中；PROXI Format `Parameter Name` 逐字查無；已試之鍵 ['VC_VehCfg4_Stat', 'VC_VehCfg4_Stat']	
438	VC_VehCfg6_Stat	To verify VehCfg6 is programmed						none	無 leaf 片語逐字命中；PROXI Format `Parameter Name` 逐字查無；已試之鍵 ['VC_VehCfg6_Stat', 'VC_VehCfg6_Stat']	
439	VC_VehCfg7_Stat	To verify VehCfg7 is programmed						none	無 leaf 片語逐字命中；PROXI Format `Parameter Name` 逐字查無；已試之鍵 ['VC_VehCfg7_Stat', 'VC_VehCfg7_Stat']	
440	VC_WHL_ALGN_CSO							none	無 leaf 片語逐字命中；PROXI Format `Parameter Name` 逐字查無；已試之鍵 ['VC_WHL_ALGN_CSO', 'VC_WHL_ALGN_CSO']	
441	VC_WTS_Prsnt							none	無 leaf 片語逐字命中；PROXI Format `Parameter Name` 逐字查無；已試之鍵 ['VC_WTS_Prsnt', 'VC_WTS_Prsnt']	
442	VC_XWD	Drive Configuration	Drive_Type_Variant	Atlantis Signal Name=Drive_Type_Variant	423	0 = FWD 1 = RWD 2 = Single Speed AWD 3 = 2 Speed 4WD 4 = 2 Speed 4WD with ELSD		proxi_param	無 leaf 片語逐字命中；PROXI Format 定義於 r423（Parameter Group: （空）；查詢鍵 Atlantis Signal Name=Drive_Type_Variant）	
443	Vehicle_Occupant_Capacity	See proxi file	Vehicle_Occupant_Capacity	Atlantis Signal Name=Vehicle_Occupant_Capacity ¦ Logical Identifier=Vehicle_Occupant_Capacity	473	0 = 7 Passengers 1 = 8 Passengers		proxi_param	無 leaf 片語逐字命中；PROXI Format 定義於 r473（Parameter Group: （空）；查詢鍵 Atlantis Signal Name=Vehicle_Occupant_Capacity ¦ Logical Identifier=Vehicle_Occupant_Capacity）	
444	Virtual_Memory_Seats_Button	Show/Hide UI setting for Virtual Memory Seats	Virtual_Memory_Seats_Button	Atlantis Signal Name=Virtual_Memory_Seats_Button ¦ Logical Identifier=Virtual_Memory_Seats_Button	881	0 = Absent 1 = Present		proxi_param	無 leaf 片語逐字命中；PROXI Format 定義於 r881（Parameter Group: （空）；查詢鍵 Atlantis Signal Name=Virtual_Memory_Seats_Button ¦ Logical Identifier=Virtual_Memory_Seats_Button）	
445	WCC_Present (aka NetCfg_WCC)	WCC CAN node is Present						none	無 leaf 片語逐字命中；PROXI Format `Parameter Name` 逐字查無；已試之鍵 ['WCC_Present (aka NetCfg_WCC)']	
446	WeChat_button		WeChat_button					none	無 leaf 片語逐字命中；PROXI Format `Parameter Name` 逐字查無；已試之鍵 ['WeChat_button', 'WeChat_button']	
447	Wifi_Presence		Wi-Fi_Cfg	Atlantis Signal Name=Wi-Fi_Cfg	506	0 = Absent 1 = Present		proxi_param	無 leaf 片語逐字命中；PROXI Format 定義於 r506（Parameter Group: （空）；查詢鍵 Atlantis Signal Name=Wi-Fi_Cfg）	
448	Wireless_Charging_Pad_Module	Wireless Charching Pad Module	WCPM	Atlantis Signal Name=WCPM	558	0 = Absent 1 = Present		proxi_param	無 leaf 片語逐字命中；PROXI Format 定義於 r558（Parameter Group: （空）；查詢鍵 Atlantis Signal Name=WCPM）	
449	zzzzz Reserved	Feature present						none	無 leaf 片語逐字命中；PROXI Format `Parameter Name` 逐字查無；已試之鍵 ['zzzzz Reserved']	
