req_id	split_index	gen2_delivered	gen3_new	tc_title
SWE-PM-001	1		NR1L-PowerManagement-001	Full-Operation keeps the TLM ON with all functionalities available
SWE-PM-001	2		NR1L-PowerManagement-002	Full-Operation holds in each listed ignition working condition
SWE-PM-001	3		NR1L-PowerManagement-003	Full-Operation plays SDCARD, BT streaming and call audio as the source
SWE-PM-002	4		NR1L-PowerManagement-004	Idle mutes the audio and allows only the Splash Screen
SWE-PM-002	5		NR1L-PowerManagement-005	Idle keeps ICS available and DTV off
SWE-PM-002	6		NR1L-PowerManagement-006	Idle provides the rear view camera images when needed
SWE-PM-002	7		NR1L-PowerManagement-007	Idle disables settings and all HMI interaction except the power button
SWE-PM-003	8		NR1L-PowerManagement-008	Remote Start Active reports Partial_Operation with AMP, ICS and DTV off
SWE-PM-003	9		NR1L-PowerManagement-009	Partial Operation keeps ANC, ACN and chimes audio active
SWE-PM-003	10		NR1L-PowerManagement-010	Partial Operation enables only the interaction that changes the status
SWE-PM-003	11		NR1L-PowerManagement-011	The HU does not enter stolen vehicle mode under any condition
SWE-PM-004	12		NR1L-PowerManagement-012	Timed keeps the TLM on with all functionalities available for a limited time
SWE-PM-004	13		NR1L-PowerManagement-013	Timed mode disables the Customer setting screens
SWE-PM-004	14		NR1L-PowerManagement-014	Timed plays SDCARD, BT streaming and call audio as the source
SWE-PM-005	15		NR1L-PowerManagement-015	Standby turns the TLM off while the network stays on
SWE-PM-005	16		NR1L-PowerManagement-016	Entering Standby clears the antitheft activation request
SWE-PM-006	17		NR1L-PowerManagement-017	Sleep turns the TLM off with the network off as well
SWE-PM-006	18		NR1L-PowerManagement-018	Entering Sleep clears the antitheft activation request
SWE-PM-007	19		NR1L-PowerManagement-019	Bench turns the AMP, ICS and DTV on for the Engineering Line
SWE-PM-007	20		NR1L-PowerManagement-020	Bench powers the amplifier, booster, antennas and MCU on
SWE-PM-009	21		NR1L-PowerManagement-021	The ex-factory defaults are applied on the first power up
SWE-PM-009	22		NR1L-PowerManagement-022	A battery disconnection puts the TLM into the INIT state
SWE-PM-009	23		NR1L-PowerManagement-023	Leaving INIT restores the last settings and starts from Sleep
SWE-PM-011	24	NR1L-PowerManagement-001	NR1L-PowerManagement-024	VR button press in IDLE mode transitions the HU to Full-Operation
SWE-PM-011	25	NR1L-PowerManagement-002	NR1L-PowerManagement-025	CarPlay requesting audio and video keeps audio unmuted and screen on
SWE-PM-011	26	NR1L-PowerManagement-003	NR1L-PowerManagement-026	CarPlay requesting audio only activates the Screen OFF function
SWE-PM-011	27	NR1L-PowerManagement-004	NR1L-PowerManagement-027	CarPlay requesting video only mutes the audio and keeps the screen on
SWE-PM-011	28	NR1L-PowerManagement-005	NR1L-PowerManagement-028	CarPlay requesting neither audio nor video returns the HU to IDLE
SWE-PM-011	29	NR1L-PowerManagement-006	NR1L-PowerManagement-029	VR button long press in IDLE mode transitions the HU to Full-Operation
SWE-PM-012	30	NR1L-PowerManagement-007	NR1L-PowerManagement-030	User settings are restored after a battery reconnection
SWE-PM-012	31	NR1L-PowerManagement-008	NR1L-PowerManagement-031	TLM starts from Sleep state after leaving INIT
SWE-PM-013	32	NR1L-PowerManagement-009	NR1L-PowerManagement-032	Remote Start Active reports Partial_Operation
SWE-PM-013	33	NR1L-PowerManagement-010	NR1L-PowerManagement-033	Remote Start Active reports Partial_Operation in Ignition Pre_Start
SWE-PM-013	34	NR1L-PowerManagement-011	NR1L-PowerManagement-034	Remote Start Active reports Partial_Operation in Ignition Cranking
SWE-PM-013	35	NR1L-PowerManagement-012	NR1L-PowerManagement-035	Remote Start Active reports Partial_Operation in Ignition On Engine On
SWE-PM-013	36	NR1L-PowerManagement-013	NR1L-PowerManagement-036	AMP, ICS and DTV are off while chime audio stays active
SWE-PM-013	37	NR1L-PowerManagement-014	NR1L-PowerManagement-037	HMI interaction is disabled except for status changes
SWE-PM-014	38	NR1L-PowerManagement-015	NR1L-PowerManagement-038	Remote Start ends at ignition off: RemStartFail is set true
SWE-PM-014	39	NR1L-PowerManagement-016	NR1L-PowerManagement-039	RemStartFail is cleared when the call is not active
SWE-PM-014	40	NR1L-PowerManagement-017	NR1L-PowerManagement-040	Behaviour 1 with no active call passes the TLM to Standby
SWE-PM-014	41	NR1L-PowerManagement-018	NR1L-PowerManagement-041	Behaviour 1 with an active call passes the TLM to Timed
SWE-PM-014	42	NR1L-PowerManagement-019	NR1L-PowerManagement-042	Behaviour 2 on a Jeep with the driver door open passes to Standby
SWE-PM-014	43	NR1L-PowerManagement-020	NR1L-PowerManagement-043	Behaviour 2 otherwise passes to Timed keeping the active source
SWE-PM-014	44	NR1L-PowerManagement-021	NR1L-PowerManagement-044	Behaviour 1 reached through Auto_SwitchOn_Setting.Req on LTM High
SWE-PM-014	45	NR1L-PowerManagement-022	NR1L-PowerManagement-045	Behaviour 2 reached through Auto_SwitchOn_Setting.Req on LTM High
SWE-PM-014	46	NR1L-PowerManagement-023	NR1L-PowerManagement-046	Remote Start ends at ignition pre off: RemStartFail is set true
SWE-PM-015	47	NR1L-PowerManagement-024	NR1L-PowerManagement-047	Front_Panel_OnOff.Req press with no active call passes the TLM to Idle
SWE-PM-015	48	NR1L-PowerManagement-025	NR1L-PowerManagement-048	CLIMATIC_PANEL.Radio_Btn0 press with no active call passes the TLM to Idle
SWE-PM-015	49	NR1L-PowerManagement-026	NR1L-PowerManagement-049	Front_Panel_OnOff.Req press with the rear camera not active passes the TLM to Idle
SWE-PM-015	50	NR1L-PowerManagement-027	NR1L-PowerManagement-050	CLIMATIC_PANEL.Radio_Btn0 press with the rear camera not active passes the TLM to Idle
SWE-PM-016	51	NR1L-PowerManagement-028	NR1L-PowerManagement-051	Rear camera activation keeps the TLM in Full-Operation
SWE-PM-017	52	NR1L-PowerManagement-029	NR1L-PowerManagement-052	Rear camera deactivation restores the last active source
SWE-PM-018	53	NR1L-PowerManagement-030	NR1L-PowerManagement-053	Ignition off in Idle passes the TLM to Standby
SWE-PM-018	54	NR1L-PowerManagement-031	NR1L-PowerManagement-054	Ignition pre off in Idle passes the TLM to Standby
SWE-PM-019	55	NR1L-PowerManagement-032	NR1L-PowerManagement-055	Front_Panel_OnOff.Req press is ignored while the rear camera is enabled
SWE-PM-019	56	NR1L-PowerManagement-033	NR1L-PowerManagement-056	Front_Panel_OnOff.Req press otherwise shows the Splash Screen and enters Full-Operation
SWE-PM-019	57	NR1L-PowerManagement-034	NR1L-PowerManagement-057	CLIMATIC_PANEL.Radio_Btn0 press is ignored while the rear camera is enabled
SWE-PM-019	58	NR1L-PowerManagement-035	NR1L-PowerManagement-058	CLIMATIC_PANEL.Radio_Btn0 press otherwise shows the Splash Screen and enters Full-Operation
SWE-PM-020	59	NR1L-PowerManagement-036	NR1L-PowerManagement-059	Incoming call in Idle passes the TLM to Full-Operation
SWE-PM-020	60	NR1L-PowerManagement-037	NR1L-PowerManagement-060	Call ending on the Phone Main Screen returns the TLM to Idle
SWE-PM-020	61	NR1L-PowerManagement-038	NR1L-PowerManagement-061	Call ending on another screen keeps the TLM in Full-Operation
SWE-PM-021	62	NR1L-PowerManagement-039	NR1L-PowerManagement-062	Rear camera enable in Idle keeps Idle with video only
SWE-PM-022	63	NR1L-PowerManagement-040	NR1L-PowerManagement-063	Logistic mode on passes the TLM to Logistic Idle
SWE-PM-023	64	NR1L-PowerManagement-041	NR1L-PowerManagement-064	Leaving Ignition Off in Timed passes the TLM to Full-Operation
SWE-PM-024	65	NR1L-PowerManagement-042	NR1L-PowerManagement-065	Remote Start not active on leaving Ignition Off clears RemStartFail
SWE-PM-025	66	NR1L-PowerManagement-043	NR1L-PowerManagement-066	Front_Panel_OnOff.Req press in Timed with an active call shows a popup
SWE-PM-025	67	NR1L-PowerManagement-044	NR1L-PowerManagement-067	Accepting the Front_Panel_OnOff.Req popup passes the TLM to Standby
SWE-PM-025	68	NR1L-PowerManagement-045	NR1L-PowerManagement-068	Declining the Front_Panel_OnOff.Req popup keeps the TLM in Timed
SWE-PM-025	69	NR1L-PowerManagement-046	NR1L-PowerManagement-069	Front_Panel_OnOff.Req press in Timed with no active call passes to Standby
SWE-PM-025	70	NR1L-PowerManagement-047	NR1L-PowerManagement-070	CLIMATIC_PANEL.Radio_Btn0 press in Timed with an active call shows a popup
SWE-PM-025	71	NR1L-PowerManagement-048	NR1L-PowerManagement-071	Accepting the CLIMATIC_PANEL.Radio_Btn0 popup passes the TLM to Standby
SWE-PM-025	72	NR1L-PowerManagement-049	NR1L-PowerManagement-072	Declining the CLIMATIC_PANEL.Radio_Btn0 popup keeps the TLM in Timed
SWE-PM-025	73	NR1L-PowerManagement-050	NR1L-PowerManagement-073	CLIMATIC_PANEL.Radio_Btn0 press in Timed with no active call passes to Standby
SWE-PM-026	74	NR1L-PowerManagement-051	NR1L-PowerManagement-074	Door open on a Jeep from Full-Operation passes the TLM to Standby
SWE-PM-026	75	NR1L-PowerManagement-052	NR1L-PowerManagement-075	Door open with an active call keeps the TLM in Timed
SWE-PM-026	76	NR1L-PowerManagement-053	NR1L-PowerManagement-076	Door open with Standby as the previous state keeps the TLM in Timed
SWE-PM-026	77	NR1L-PowerManagement-054	NR1L-PowerManagement-077	A non Jeep brand does not take the door transition to Standby
SWE-PM-027	78	NR1L-PowerManagement-055	NR1L-PowerManagement-078	Antitheft failure clears the activation request within Timeout1
SWE-PM-027	79	NR1L-PowerManagement-056	NR1L-PowerManagement-079	Antitheft failure in Partial Operation keeps the original state
SWE-PM-028	80	NR1L-PowerManagement-057	NR1L-PowerManagement-080	Antitheft success clears the activation request
SWE-PM-028	81	NR1L-PowerManagement-058	NR1L-PowerManagement-081	Antitheft success with a zero timeout takes Timeout1 from PROXI
SWE-PM-028	82	NR1L-PowerManagement-059	NR1L-PowerManagement-082	Antitheft success on LTM High takes Timeout1 from PROXI
SWE-PM-029	83	NR1L-PowerManagement-060	NR1L-PowerManagement-083	Antitheft success clears the activation request on this variant
SWE-PM-029	84	NR1L-PowerManagement-061	NR1L-PowerManagement-084	Timeout1 follows Switch_Off_Time when the setting is zero
SWE-PM-029	85	NR1L-PowerManagement-062	NR1L-PowerManagement-085	Timeout1 follows PwrAccDelayAct when the setting is zero
SWE-PM-030	86	NR1L-PowerManagement-063	NR1L-PowerManagement-086	Splash Screen is shown for the configured wait time
SWE-PM-030	87	NR1L-PowerManagement-064	NR1L-PowerManagement-087	Splash Screen is shown for the Recall_Last branch
SWE-PM-031	88	NR1L-PowerManagement-065	NR1L-PowerManagement-088	Rear view camera images follow the enable signal in any state
SWE-PM-032	89	NR1L-PowerManagement-066	NR1L-PowerManagement-089	Remote Start from Standby passes the TLM to Partial Operation
SWE-PM-033	90	NR1L-PowerManagement-067	NR1L-PowerManagement-090	Ignition Pre Off from Partial Operation passes the TLM to Standby
SWE-PM-033	91	NR1L-PowerManagement-068	NR1L-PowerManagement-091	Ignition Off from Partial Operation passes the TLM to Standby
SWE-PM-034	92	NR1L-PowerManagement-069	NR1L-PowerManagement-092	Front panel press in Partial Operation arms the antitheft and shows the Splash Screen
SWE-PM-035	93	NR1L-PowerManagement-070	NR1L-PowerManagement-093	Antitheft success with auto switch on active passes the TLM to Full-Operation
SWE-PM-035	94	NR1L-PowerManagement-071	NR1L-PowerManagement-094	Antitheft success with auto switch on not active passes the TLM to Idle
SWE-PM-035	95	NR1L-PowerManagement-072	NR1L-PowerManagement-095	Antitheft success with recall last and last status on passes the TLM to Full-Operation
SWE-PM-035	96	NR1L-PowerManagement-073	NR1L-PowerManagement-096	Antitheft success with recall last and last status off passes the TLM to Idle
SWE-PM-036	97	NR1L-PowerManagement-074	NR1L-PowerManagement-097	Remote start from Timed passes the TLM to Partial Operation
SWE-PM-037	98	NR1L-PowerManagement-075	NR1L-PowerManagement-098	Call end in Timed with a failed remote start passes the TLM to Standby
SWE-PM-038	99	NR1L-PowerManagement-076	NR1L-PowerManagement-099	Case 1 with RemStartFail true: TLM stops and passes to Standby
SWE-PM-038	100	NR1L-PowerManagement-077	NR1L-PowerManagement-100	Case 1 with RemStartFail false: previous source is restored
SWE-PM-038	101	NR1L-PowerManagement-078	NR1L-PowerManagement-101	Case 2: MaxCallTimeout starts at Timeout1 expiry and the TLM stays Timed
SWE-PM-038	102	NR1L-PowerManagement-079	NR1L-PowerManagement-102	Case 2 exit on call end: TLM_Status.Info passes to Standby
SWE-PM-038	103	NR1L-PowerManagement-080	NR1L-PowerManagement-103	Case 2 exit with RemStartFail cleared on MaxCallTimeout expiry
SWE-PM-038	104	NR1L-PowerManagement-081	NR1L-PowerManagement-104	Case 3: call already ended at Timeout1 expiry
SWE-PM-038	105	NR1L-PowerManagement-082	NR1L-PowerManagement-105	Case 3 with RemStartFail cleared at Timeout1 expiry
SWE-PM-038	106	NR1L-PowerManagement-083	NR1L-PowerManagement-106	Case 4: ignition off with Timeout1 at 00 min enters Timed state
SWE-PM-038	107	NR1L-PowerManagement-084	NR1L-PowerManagement-107	Case 4 exit: TLM passes to Standby when the call ends
SWE-PM-038	108	NR1L-PowerManagement-085	NR1L-PowerManagement-108	Case 4 exit with RemStartFail cleared on MaxCallTimeout expiry
SWE-PM-038	109	NR1L-PowerManagement-086	NR1L-PowerManagement-109	Case 4 with ignition pre off: TLM enters Timed state
SWE-PM-039	110	NR1L-PowerManagement-087	NR1L-PowerManagement-110	An SNA operational mode is handled as an ignition off event
SWE-PM-039	111	NR1L-PowerManagement-088	NR1L-PowerManagement-111	A zero switch off timeout loads Timeout1 from the PROXI value
SWE-PM-039	112	NR1L-PowerManagement-089	NR1L-PowerManagement-112	Auto switch on active on LTM High Radio loads Timeout1 from the PROXI value
SWE-PM-039	113	NR1L-PowerManagement-090	NR1L-PowerManagement-113	Only TLM menu items are guaranteed in the Timed status
SWE-PM-040	114	NR1L-PowerManagement-091	NR1L-PowerManagement-114	A normal power down into Suspend to RAM starts the 8 day timer
SWE-PM-041	115	NR1L-PowerManagement-092	NR1L-PowerManagement-115	No TLM function is available in the TLM off with network on status
SWE-PM-041	116	NR1L-PowerManagement-093	NR1L-PowerManagement-116	Entering the TLM off with network on status clears the antitheft request
SWE-PM-042	117	NR1L-PowerManagement-094	NR1L-PowerManagement-117	No TLM function is available in the TLM off with network off status
SWE-PM-042	118	NR1L-PowerManagement-095	NR1L-PowerManagement-118	Entering the TLM off with network off status clears the antitheft request
SWE-PM-043	119	NR1L-PowerManagement-096	NR1L-PowerManagement-119	The backlight stays off during Standby mode
SWE-PM-043	120	NR1L-PowerManagement-097	NR1L-PowerManagement-120	The backlight is allowed during Standby when an HMI screen is required
SWE-PM-044	121	NR1L-PowerManagement-098	NR1L-PowerManagement-121	Front panel press in Standby arms the antitheft and shows the Splash Screen
SWE-PM-044	122	NR1L-PowerManagement-099	NR1L-PowerManagement-122	Front panel press in Sleep arms the antitheft and shows the Splash Screen
SWE-PM-044	123	NR1L-PowerManagement-100	NR1L-PowerManagement-123	Climatic panel press in Standby arms the antitheft and shows the Splash Screen
SWE-PM-044	124	NR1L-PowerManagement-101	NR1L-PowerManagement-124	Climatic panel press in Sleep arms the antitheft and shows the Splash Screen
SWE-PM-045	125	NR1L-PowerManagement-102	NR1L-PowerManagement-125	A failed antitheft keeps the TLM in the original Standby state
SWE-PM-045	126	NR1L-PowerManagement-103	NR1L-PowerManagement-126	A failed antitheft keeps the TLM in the original Sleep state
SWE-PM-046	127	NR1L-PowerManagement-104	NR1L-PowerManagement-127	Rear view camera is provided while the antitheft is still in progress
SWE-PM-046	128	NR1L-PowerManagement-105	NR1L-PowerManagement-128	Rear view camera is provided after an unsuccessful antitheft
SWE-PM-047	129	NR1L-PowerManagement-106	NR1L-PowerManagement-129	A failed antitheft keeps the TLM in Standby and shows the antitheft screens
SWE-PM-047	130	NR1L-PowerManagement-107	NR1L-PowerManagement-130	A failed antitheft keeps the TLM in Sleep and shows the antitheft screens
SWE-PM-048	131	NR1L-PowerManagement-108	NR1L-PowerManagement-131	Antitheft success with auto switch on active reaches Full-Operation after the mode transition
SWE-PM-048	132	NR1L-PowerManagement-109	NR1L-PowerManagement-132	Antitheft success with auto switch on not active reaches Idle after the mode transition
SWE-PM-048	133	NR1L-PowerManagement-110	NR1L-PowerManagement-133	Recall last with last status on reaches Full-Operation after the mode transition
SWE-PM-048	134	NR1L-PowerManagement-111	NR1L-PowerManagement-134	Recall last with last status off reaches Idle after the mode transition
SWE-PM-048	135	NR1L-PowerManagement-112	NR1L-PowerManagement-135	The ex-factory default selects recall last with the last status on
SWE-PM-049	136	NR1L-PowerManagement-113	NR1L-PowerManagement-136	A failed antitheft keeps the TLM blocked in Idle
SWE-PM-050	137	NR1L-PowerManagement-114	NR1L-PowerManagement-137	The else branch stores the last status off and passes the TLM to Idle
SWE-PM-051	138	NR1L-PowerManagement-115	NR1L-PowerManagement-138	Antitheft success stores the last status on and passes the TLM to Full-Operation
SWE-PM-052	139	NR1L-PowerManagement-116	NR1L-PowerManagement-139	A failed antitheft keeps the TLM in the original Partial Operation state
SWE-PM-053	140	NR1L-PowerManagement-117	NR1L-PowerManagement-140	The vehicle brand logo screen follows the brand configuration parameter
SWE-PM-054	141	NR1L-PowerManagement-118	NR1L-PowerManagement-141	No audio brand without SDARS shows the vehicle brand logo only
SWE-PM-054	142	NR1L-PowerManagement-119	NR1L-PowerManagement-142	Beats brand white without SDARS adds the Beats logo
SWE-PM-054	143	NR1L-PowerManagement-120	NR1L-PowerManagement-143	SDARS present without audio brand adds the Sirius logo
SWE-PM-054	144	NR1L-PowerManagement-121	NR1L-PowerManagement-144	SDARS present with beats brand white adds both logos
SWE-PM-055	145	NR1L-PowerManagement-122	NR1L-PowerManagement-145	The special package drives the Klipsch Splash Screen on the 2025 model year
SWE-PM-055	146	NR1L-PowerManagement-123	NR1L-PowerManagement-146	The splash screen type drives the Klipsch Splash Screen after the 2025 model year
SWE-PM-056	147	NR1L-PowerManagement-124	NR1L-PowerManagement-147	The Fiat Latam startup animation replaces the vehicle brand logo
SWE-PM-057	148	NR1L-PowerManagement-125	NR1L-PowerManagement-148	Timeout1 options follow PROXI "Switch_Off_Time" set to 20 minutes
SWE-PM-057	149	NR1L-PowerManagement-126	NR1L-PowerManagement-149	Timeout1 options follow PROXI "Switch_Off_Time" set to 60 minutes
SWE-PM-057	150	NR1L-PowerManagement-127	NR1L-PowerManagement-150	Timeout1 options follow PROXI "Switch_Off_Time" set to 180 minutes
SWE-PM-058	151	NR1L-PowerManagement-128	NR1L-PowerManagement-151	The ex-factory default sets a zero switch off timeout
SWE-PM-059	152	NR1L-PowerManagement-129	NR1L-PowerManagement-152	A network sleep request in Standby passes the TLM to Sleep
SWE-PM-059	153	NR1L-PowerManagement-130	NR1L-PowerManagement-153	A network sleep request during boot is served only after the boot ends
SWE-PM-060	154	NR1L-PowerManagement-131	NR1L-PowerManagement-154	LTM or ETM Radio offers one timeout parameter
SWE-PM-060	155	NR1L-PowerManagement-132	NR1L-PowerManagement-155	Radio other than LTM or ETM offers two timeout parameters
SWE-PM-061	156	NR1L-PowerManagement-133	NR1L-PowerManagement-156	Timeout settings are selectable in Full-Operation status
SWE-PM-061	157	NR1L-PowerManagement-134	NR1L-PowerManagement-157	Timeout settings are not selectable outside Full-Operation status
SWE-PM-062	158	NR1L-PowerManagement-135	NR1L-PowerManagement-158	Auto_SwitchOn_Setting.Req can be set to Active
SWE-PM-062	159	NR1L-PowerManagement-136	NR1L-PowerManagement-159	Auto_SwitchOn_Setting.Req can be set to Not_Active
SWE-PM-062	160	NR1L-PowerManagement-137	NR1L-PowerManagement-160	Auto_SwitchOn_Setting.Req can be set to Recall_Last
SWE-PM-063	161	NR1L-PowerManagement-138	NR1L-PowerManagement-161	Bluetooth calls can be made and received in Timed state
SWE-PM-064	162	NR1L-PowerManagement-139	NR1L-PowerManagement-162	MaxCallTimeout starts on ignition off with Timeout1 at 00 min
SWE-PM-064	163	NR1L-PowerManagement-140	NR1L-PowerManagement-163	MaxCallTimeout starts at Timeout1 expiry with the call still active
SWE-PM-065	164	NR1L-PowerManagement-141	NR1L-PowerManagement-164	Call ends before Timeout1 expiry: previous source is restored
SWE-PM-065	165	NR1L-PowerManagement-142	NR1L-PowerManagement-165	Further calls are still managed within Timeout1
SWE-PM-066	166	NR1L-PowerManagement-143	NR1L-PowerManagement-166	An SOS call is treated as a phone call becoming active
SWE-PM-066	167	NR1L-PowerManagement-144	NR1L-PowerManagement-167	An Assist call is treated as a phone call becoming active
SWE-PM-067	168	NR1L-PowerManagement-145	NR1L-PowerManagement-168	A projection device call is treated as a phone call becoming active
SWE-PM-068	169	NR1L-PowerManagement-146	NR1L-PowerManagement-169	An incoming call from IDLE bypasses the disclaimer screen
SWE-PM-069	170	NR1L-PowerManagement-147	NR1L-PowerManagement-170	The HU returns to IDLE when the call ends on the phone main screen
SWE-PM-069	171	NR1L-PowerManagement-148	NR1L-PowerManagement-171	The HU returns to IDLE when the call ends on the phone projection call UI
SWE-PM-070	172	NR1L-PowerManagement-149	NR1L-PowerManagement-172	The bypassed disclaimer is shown at the next transition to FULL OPERATION
SWE-PM-071	173	NR1L-PowerManagement-150	NR1L-PowerManagement-173	Splash screen shown after SplashScreen_Time on normal boot
SWE-PM-071	174	NR1L-PowerManagement-151	NR1L-PowerManagement-174	No splash screen when TLM passes to Standby
SWE-PM-071	175	NR1L-PowerManagement-152	NR1L-PowerManagement-175	No splash screen when TLM passes to Bench
SWE-PM-071	176	NR1L-PowerManagement-153	NR1L-PowerManagement-176	Standard screen shown after StandardScreen_Time
SWE-PM-072	177	NR1L-PowerManagement-154	NR1L-PowerManagement-177	Events during boot are buffered without loss
SWE-PM-073	178	NR1L-PowerManagement-155	NR1L-PowerManagement-178	Load Shed limits volume and mutes TLM
SWE-PM-073	179	NR1L-PowerManagement-156	NR1L-PowerManagement-179	Load Shed signals lost: last values retained
SWE-PM-073	180	NR1L-PowerManagement-157	NR1L-PowerManagement-180	Battery Critical minimizes draw and keeps ACN active
SWE-PM-073	181	NR1L-PowerManagement-158	NR1L-PowerManagement-181	Normal operation resumes 10 seconds after recovery
SWE-PM-073	182	NR1L-PowerManagement-159	NR1L-PowerManagement-182	Load Shed recovers: normal volume and audio restored
SWE-PM-073	183	NR1L-PowerManagement-160	NR1L-PowerManagement-183	Continuing call transferred to head set under Load Shed
SWE-PM-073	184	NR1L-PowerManagement-161	NR1L-PowerManagement-184	Continuing call transferred to head set under Battery Critical
SWE-PM-073	185	NR1L-PowerManagement-162	NR1L-PowerManagement-185	Battery Critical minimizes draw in BODY OFF-TIMED mode
SWE-PM-073	186	NR1L-PowerManagement-163	NR1L-PowerManagement-186	Battery Critical exits on voltage out of range condition
SWE-PM-073	187	NR1L-PowerManagement-164	NR1L-PowerManagement-187	Load Shed with volume already below the cap: no AUD_LVL update
SWE-PM-073	188	NR1L-PowerManagement-165	NR1L-PowerManagement-188	Battery Critical with volume already below the cap: no AUD_LVL update
SWE-PM-074	189	NR1L-PowerManagement-166	NR1L-PowerManagement-189	A Radio FOTA update at Body OFF brings the HU to Timed for the pop-up
SWE-PM-074	190	NR1L-PowerManagement-167	NR1L-PowerManagement-190	A TBM FOTA update at Body OFF brings the HU to Timed for the pop-up
SWE-PM-074	191	NR1L-PowerManagement-168	NR1L-PowerManagement-191	A ROV FOTA update at Body OFF brings the HU to Timed for the pop-up
SWE-PM-075	192	NR1L-PowerManagement-169	NR1L-PowerManagement-192	The HU leaves Timed one minute after the FOTA pop-up is left untouched
SWE-PM-075	193	NR1L-PowerManagement-170	NR1L-PowerManagement-193	The HU leaves Timed when the FOTA pop-up is dismissed
SWE-PM-075	194	NR1L-PowerManagement-171	NR1L-PowerManagement-194	The HU leaves Timed when the accessory delay becomes inactive
SWE-PM-076	195	NR1L-PowerManagement-172	NR1L-PowerManagement-195	A ten second power button press performs a radio reset and saves logs
SWE-PM-076	196	NR1L-PowerManagement-173	NR1L-PowerManagement-196	No power button reset occurs while a firmware image is installing
SWE-PM-077	197	NR1L-PowerManagement-174	NR1L-PowerManagement-197	The special package value determines the theme used by the HU
SWE-PM-078	198	NR1L-PowerManagement-175	NR1L-PowerManagement-198	A none special package falls back to the brand default theme
SWE-PM-078	199	NR1L-PowerManagement-176	NR1L-PowerManagement-199	An unsupported special package falls back to the brand default theme
SWE-PM-079	200	NR1L-PowerManagement-177	NR1L-PowerManagement-200	An unsupported CAN value on a branded element uses the PDO default
SWE-PM-080	201	NR1L-PowerManagement-178	NR1L-PowerManagement-201	The theme special package value is sent while the CAN network is awake
SWE-PM-080	202	NR1L-PowerManagement-179	NR1L-PowerManagement-202	A theme change updates the sent value within the send window
SWE-PM-081	203	NR1L-PowerManagement-180	NR1L-PowerManagement-203	The Chrysler brand selects the Chrysler font
SWE-PM-081	204	NR1L-PowerManagement-181	NR1L-PowerManagement-204	The Jeep brand selects the Jeep font
SWE-PM-081	205	NR1L-PowerManagement-182	NR1L-PowerManagement-205	The Fiat brand selects the default Fiat font
SWE-PM-082	206	NR1L-PowerManagement-183	NR1L-PowerManagement-206	The Chrysler brand selects the Chrysler App icon
SWE-PM-082	207	NR1L-PowerManagement-184	NR1L-PowerManagement-207	The Jeep brand selects the Jeep App icon
SWE-PM-082	208	NR1L-PowerManagement-185	NR1L-PowerManagement-208	The Fiat brand selects the default Fiat App icon
SWE-PM-083	209	NR1L-PowerManagement-186	NR1L-PowerManagement-209	The Jeep brand offers the Jeep avatars in the profile screen
SWE-PM-083	210	NR1L-PowerManagement-187	NR1L-PowerManagement-210	The Fiat brand offers the default Fiat avatars
SWE-PM-083	211	NR1L-PowerManagement-188	NR1L-PowerManagement-211	The Abarth brand is mapped to the Fiat avatars
SWE-PM-084	212	NR1L-PowerManagement-189	NR1L-PowerManagement-212	The recirc icon follows the PROXI parameters on the Atlantis architecture
SWE-PM-084	213	NR1L-PowerManagement-190	NR1L-PowerManagement-213	The recirc icon follows the body style signal on the PowerNet architecture
SWE-PM-085	214	NR1L-PowerManagement-191	NR1L-PowerManagement-214	The settings seat graphic follows the PROXI parameters on the Atlantis architecture
SWE-PM-085	215	NR1L-PowerManagement-192	NR1L-PowerManagement-215	The settings seat graphic follows the body style signal on the PowerNet architecture
SWE-PM-086	216	NR1L-PowerManagement-193	NR1L-PowerManagement-216	The theme special package value is sent on this chapter while the network is awake
SWE-PM-086	217	NR1L-PowerManagement-194	NR1L-PowerManagement-217	A theme change on this chapter updates the sent value within the send window
SWE-PM-087	218	NR1L-PowerManagement-195	NR1L-PowerManagement-218	The M240 vehicle line uses the M240 seat graphics
SWE-PM-087	219	NR1L-PowerManagement-196	NR1L-PowerManagement-219	A non M240 vehicle line falls back to the brand seat graphic
SWE-PM-088	220	NR1L-PowerManagement-197	NR1L-PowerManagement-220	The performance gauges follow the vehicle line signal
SWE-PM-090	221	NR1L-PowerManagement-198	NR1L-PowerManagement-221	The auto theme mode follows the day night signal into the day theme
SWE-PM-090	222	NR1L-PowerManagement-199	NR1L-PowerManagement-222	The auto theme mode follows the day night signal into the night theme
SWE-PM-091	223	NR1L-PowerManagement-200	NR1L-PowerManagement-223	The day theme mode uses the Day theme
SWE-PM-092	224	NR1L-PowerManagement-201	NR1L-PowerManagement-224	The night theme mode uses the Night theme
SWE-PM-093	225	NR1L-PowerManagement-202	NR1L-PowerManagement-225	Closing the driver door in SLEEP MODE plays the start-up animation
SWE-PM-093	226	NR1L-PowerManagement-203	NR1L-PowerManagement-226	Closing the driver door in STANDBY MODE plays the start-up animation
SWE-PM-093	227	NR1L-PowerManagement-204	NR1L-PowerManagement-227	Closing the driver door in PARTIAL OPERATION MODE plays the start-up animation
SWE-PM-093	228	NR1L-PowerManagement-205	NR1L-PowerManagement-228	A removed driver door makes the HU skip the start-up animation
SWE-PM-093	229	NR1L-PowerManagement-206	NR1L-PowerManagement-229	A mode change cancels a start-up animation in progress
SWE-PM-093	230	NR1L-PowerManagement-207	NR1L-PowerManagement-230	An ignition crank event cancels a start-up animation in progress
SWE-PM-093	231	NR1L-PowerManagement-208	NR1L-PowerManagement-231	A mode change to TIMED MODE cancels a start-up animation in progress
SWE-PM-093	232	NR1L-PowerManagement-209	NR1L-PowerManagement-232	An open driver door makes the HU skip the animation on a mode change
SWE-PM-093	233	NR1L-PowerManagement-210	NR1L-PowerManagement-233	A second start-up animation waits for the wakeup cycle or thirty minutes
SWE-PM-094	234	NR1L-PowerManagement-211	NR1L-PowerManagement-234	The startup animation is displayed separately from the other startup screens
SWE-PM-095	235	NR1L-PowerManagement-212	NR1L-PowerManagement-235	Leaving the SNA value resumes the state diagram without a splash screen
SWE-PM-096	236	NR1L-PowerManagement-213	NR1L-PowerManagement-236	The season changes to Summer at the December date
SWE-PM-096	237	NR1L-PowerManagement-214	NR1L-PowerManagement-237	The season changes to Fall at the March date
SWE-PM-096	238	NR1L-PowerManagement-215	NR1L-PowerManagement-238	The season changes to Winter at the June date
SWE-PM-096	239	NR1L-PowerManagement-216	NR1L-PowerManagement-239	The season changes to Spring at the September date
SWE-PM-096	240	NR1L-PowerManagement-217	NR1L-PowerManagement-240	A season change plays the new season startup animation
SWE-PM-096	241	NR1L-PowerManagement-218	NR1L-PowerManagement-241	No season change plays the normal brand based startup animation
SWE-PM-097	242	NR1L-PowerManagement-219	NR1L-PowerManagement-242	The Fiat Latam startup animation selection replaces the vehicle brand logo
SWE-PM-098	243	NR1L-PowerManagement-220	NR1L-PowerManagement-243	The always setting plays a startup sound with the animation
SWE-PM-099	244	NR1L-PowerManagement-221	NR1L-PowerManagement-244	The once a day setting plays the startup sound on the first startup of the day
SWE-PM-099	245	NR1L-PowerManagement-222	NR1L-PowerManagement-245	A change of the customer selected date allows the sound to play again
SWE-PM-099	246	NR1L-PowerManagement-223	NR1L-PowerManagement-246	Passing midnight allows the startup sound to play again
SWE-PM-099	247	NR1L-PowerManagement-224	NR1L-PowerManagement-247	An automatic time zone adjustment allows the startup sound to play again
SWE-PM-100	248	NR1L-PowerManagement-225	NR1L-PowerManagement-248	The never setting plays no startup sound with the animation
SWE-PM-101	249	NR1L-PowerManagement-226	NR1L-PowerManagement-249	No audio brand without SDARS shows the vehicle brand logo only
SWE-PM-101	250	NR1L-PowerManagement-227	NR1L-PowerManagement-250	Beats brand white without SDARS adds the Beats logo
SWE-PM-101	251	NR1L-PowerManagement-228	NR1L-PowerManagement-251	SDARS present without audio brand adds the Sirius logo
SWE-PM-101	252	NR1L-PowerManagement-229	NR1L-PowerManagement-252	SDARS present with beats brand white adds both logos
SWE-PM-102	253	NR1L-PowerManagement-230	NR1L-PowerManagement-253	The special package drives the Klipsch Splash Screen on the 2025 model year
SWE-PM-102	254	NR1L-PowerManagement-231	NR1L-PowerManagement-254	The splash screen type drives the Klipsch Splash Screen after the 2025 model year
SWE-PM-103	255	NR1L-PowerManagement-232	NR1L-PowerManagement-255	Audio is off and only the Splash Screen is allowed in this status
SWE-PM-103	256	NR1L-PowerManagement-233	NR1L-PowerManagement-256	Audio is off and only the Splash Screen is allowed in Ignition Pre_Start
SWE-PM-103	257	NR1L-PowerManagement-234	NR1L-PowerManagement-257	Audio is off and only the Splash Screen is allowed in Ignition Start
SWE-PM-103	258	NR1L-PowerManagement-235	NR1L-PowerManagement-258	Audio is off and only the Splash Screen is allowed in Ignition Cranking
SWE-PM-103	259	NR1L-PowerManagement-236	NR1L-PowerManagement-259	ICS stays available while DTV is off in this status
SWE-PM-104	260	NR1L-PowerManagement-237	NR1L-PowerManagement-260	The splash and disclaimer screens appear on the first transition to Timed
SWE-PM-104	261	NR1L-PowerManagement-238	NR1L-PowerManagement-261	The splash and disclaimer screens appear on the first transition to Full Operation
SWE-PM-104	262	NR1L-PowerManagement-239	NR1L-PowerManagement-262	The disclaimer appears on the first transition from Idle
SWE-PM-104	263	NR1L-PowerManagement-240	NR1L-PowerManagement-263	The disclaimer appears on the first transition from Standby
SWE-PM-104	264	NR1L-PowerManagement-241	NR1L-PowerManagement-264	The disclaimer appears on the first transition from Partial Operation
SWE-PM-105	265	NR1L-PowerManagement-242	NR1L-PowerManagement-265	An ongoing call temporarily skips the disclaimer and splash screens
SWE-PM-105	266	NR1L-PowerManagement-243	NR1L-PowerManagement-266	A backup camera view temporarily skips the disclaimer and splash screens
SWE-PM-105	267	NR1L-PowerManagement-244	NR1L-PowerManagement-267	An incoming call temporarily skips the disclaimer and splash screens
SWE-PM-105	268	NR1L-PowerManagement-245	NR1L-PowerManagement-268	An outgoing call temporarily skips the disclaimer and splash screens
SWE-PM-105	269	NR1L-PowerManagement-246	NR1L-PowerManagement-269	A climate pop-up temporarily skips the disclaimer and splash screens
SWE-PM-105	270	NR1L-PowerManagement-247	NR1L-PowerManagement-270	An SOS or Assist call temporarily skips the disclaimer and splash screens
SWE-PM-105	271	NR1L-PowerManagement-248	NR1L-PowerManagement-271	A FOTA pop up temporarily skips the disclaimer and splash screens
SWE-PM-105	272	NR1L-PowerManagement-249	NR1L-PowerManagement-272	The skipped screens are displayed at the next transition in the bus cycle
SWE-PM-106	273	NR1L-PowerManagement-250	NR1L-PowerManagement-273	The SOS button variant selects the SOS disclaimer text
SWE-PM-107	274	NR1L-PowerManagement-251	NR1L-PowerManagement-274	The help button variant replaces the SOS text in the disclaimer
SWE-PM-108	275	NR1L-PowerManagement-252	NR1L-PowerManagement-275	A non Maserati brand shows the core disclaimer once every thirty ignition cycles
SWE-PM-109	276	NR1L-PowerManagement-253	NR1L-PowerManagement-276	A GDPR market with the TBM present follows the GDPR non Maserati startup flow
SWE-PM-110	277	NR1L-PowerManagement-254	NR1L-PowerManagement-277	A missing TBM follows the non GDPR non Maserati startup flow
SWE-PM-110	278	NR1L-PowerManagement-255	NR1L-PowerManagement-278	An unmarked country follows the non GDPR non Maserati startup flow
SWE-PM-111	279	NR1L-PowerManagement-256	NR1L-PowerManagement-279	A missing TBM adds the ADAS text to the disclaimer
SWE-PM-111	280	NR1L-PowerManagement-257	NR1L-PowerManagement-280	A country not requiring SOS or geolocation adds the ADAS text
SWE-PM-113	281	NR1L-PowerManagement-258	NR1L-PowerManagement-281	A geolocation and SOS market adds the ADAS and SOS text
SWE-PM-114	282	NR1L-PowerManagement-259	NR1L-PowerManagement-282	An incoming call from IDLE bypasses the not yet shown disclaimer screen
SWE-PM-115	283	NR1L-PowerManagement-260	NR1L-PowerManagement-283	The disclaimer bypassed for a call is shown at the next FULL OPERATION
